appid,rank,prev_rank,rank_change
4733620,99,N/A,9213
2902720,125,N/A,9187
3989670,421,N/A,8891
1805320,526,N/A,8786
1677280,567,N/A,8745
4707700,790,N/A,8522
4485020,1033,N/A,8279
4699770,1122,N/A,8190
4808310,1204,N/A,8108
3768400,1455,N/A,7857
5149930,1711,N/A,7601
3807650,1927,N/A,7385
3381300,1947,N/A,7365
4922000,2063,N/A,7249
5067670,2236,N/A,7076
5007590,2426,N/A,6886
806140,2434,N/A,6878
4891320,650,7403,6753
400740,2278,9017,6739
215100,2695,N/A,6617
1059570,3151,N/A,6161
4507990,3204,N/A,6108
3681610,1994,8028,6034
2922540,3392,N/A,5920
4386170,3423,N/A,5889
4463160,3444,N/A,5868
3068250,3510,N/A,5802
2228280,1541,7222,5681
5087780,4205,N/A,5107
5254330,4347,N/A,4965
3531260,4368,N/A,4944
4329280,3560,8495,4935
562010,4609,N/A,4703
1369370,4662,N/A,4650
3813590,4667,N/A,4645
3350550,4405,8944,4539
1985050,4577,9034,4457
2806410,3777,8044,4267
2157210,5092,N/A,4220
1292630,1359,5527,4168
494730,5149,N/A,4163
1916200,5263,N/A,4049
3561610,5354,N/A,3958
494392,4030,7987,3957
3451980,4751,8706,3955
3532400,5362,N/A,3950
3352240,2071,5929,3858
2987180,5462,N/A,3850
4680660,5483,N/A,3829
2753000,5494,N/A,3818
1140620,1181,4993,3812
528740,2664,6466,3802
4282450,5532,N/A,3780
3180240,5533,N/A,3779
3681410,4741,8511,3770
3628960,4063,7805,3742
1998980,5613,N/A,3699
808290,5698,N/A,3614
4818300,5699,N/A,3613
3064810,5538,9144,3606
1056640,724,4276,3552
1451680,5830,N/A,3482
2752520,5845,N/A,3467
3200290,5563,9016,3453
884101,5567,9001,3434
1546320,5657,9048,3391
3645760,5925,N/A,3387
3813350,3313,6695,3382
434063,4606,7967,3361
3125750,5960,N/A,3352
2550510,4422,7732,3310
1138190,4228,7525,3297
2754090,6030,N/A,3282
4121610,6040,N/A,3272
1345820,6050,N/A,3262
5040600,6060,N/A,3252
1793480,6081,N/A,3231
1769420,1545,4754,3209
4260840,1544,4735,3191
1924070,6121,N/A,3191
1758950,6145,N/A,3167
598980,6150,N/A,3162
2668430,6161,N/A,3151
4054110,3720,6846,3126
2743780,6189,N/A,3123
4679740,6211,N/A,3101
2212910,5646,8716,3070
2778890,6265,N/A,3047
2001340,6267,N/A,3045
3055950,6076,9116,3040
3081320,6284,N/A,3028
1574360,1135,4162,3027
1880620,2987,6010,3023
2445980,6335,N/A,2977
353540,5151,8112,2961
4429930,6351,N/A,2961
1660960,6354,N/A,2958
3900120,6257,9205,2948
1966130,5861,8807,2946
466170,6366,N/A,2946
809140,6385,N/A,2927
1238103,6414,N/A,2898
2808560,6421,N/A,2891
2983140,6266,9155,2889
915810,6435,N/A,2877
2895680,3013,5887,2874
1985820,4307,7179,2872
2409480,6441,N/A,2871
4791000,6450,N/A,2862
2659050,4803,7638,2835
4536900,6489,N/A,2823
2730540,5335,8154,2819
3247080,6496,N/A,2816
1775550,6499,N/A,2813
2140010,6508,N/A,2804
1163590,5933,8711,2778
1457320,6545,N/A,2767
1580780,6549,N/A,2763
1200770,5962,8713,2751
2318070,6084,8819,2735
2319790,6582,N/A,2730
4357590,4398,7110,2712
953580,6608,N/A,2704
1597480,3763,6436,2673
3100970,4782,7453,2671
2820130,6363,9022,2659
1149440,6315,8969,2654
4551040,6660,N/A,2652
4705650,5168,7816,2648
2926560,3250,5877,2627
4160500,6686,N/A,2626
248170,6700,N/A,2612
3577600,6704,N/A,2608
1442530,5760,8363,2603
908060,6258,8856,2598
1608400,6719,N/A,2593
1551160,6728,N/A,2584
1254120,3327,5908,2581
2021880,4621,7175,2554
1316680,6775,N/A,2537
458750,5297,7830,2533
1702140,6784,N/A,2528
3950240,6795,N/A,2517
386360,6079,8592,2513
405430,6055,8567,2512
1135830,6804,N/A,2508
2668040,6807,N/A,2505
2507610,5837,8338,2501
1932160,6754,9252,2498
1239260,6818,N/A,2494
1570510,3706,6198,2492
2708210,5678,8163,2485
3484300,6828,N/A,2484
1325260,6507,8986,2479
1487270,5623,8100,2477
2446550,5800,8273,2473
1247710,5072,7540,2468
727130,6872,N/A,2440
4438230,6756,9187,2431
3474700,6889,N/A,2423
4680680,6891,N/A,2421
1116050,4967,7382,2415
3010280,6899,N/A,2413
4610360,6359,8770,2411
17330,6809,9219,2410
4173110,6142,8550,2408
3726250,6905,N/A,2407
1496180,6907,N/A,2405
4941380,6915,N/A,2397
3958820,6061,8426,2365
3577690,5326,7658,2332
2688860,6989,N/A,2323
2820110,6928,9244,2316
2669860,7000,N/A,2312
1416230,7001,N/A,2311
1100140,6833,9138,2305
919360,6527,8823,2296
2824880,5024,7316,2292
485980,7020,N/A,2292
4680670,7022,N/A,2290
628070,5617,7903,2286
1181840,5428,7710,2282
4791250,7040,N/A,2272
5293110,7044,N/A,2268
479330,7045,N/A,2267
2010030,7046,N/A,2266
1914122,7075,N/A,2237
3987600,7076,N/A,2236
1393820,7082,N/A,2230
2085000,4119,6346,2227
1314820,6288,8512,2224
1635100,7088,N/A,2224
1581480,7096,N/A,2216
212160,3034,5239,2205
1968780,7108,N/A,2204
312790,6845,9046,2201
1622400,7114,N/A,2198
5017890,7116,N/A,2196
1843310,6327,8518,2191
2805000,5607,7794,2187
722230,7128,N/A,2184
1670780,4966,7149,2183
2701800,6392,8574,2182
3011360,5286,7466,2180
1837480,5482,7662,2180
2392500,6460,8635,2175
4328570,3270,5437,2167
3882020,7146,N/A,2166
3035990,7150,N/A,2162
2191280,7151,N/A,2161
521800,7163,N/A,2149
835650,7164,N/A,2148
2537470,6645,8790,2145
3029540,7167,N/A,2145
907650,6984,9119,2135
1531540,358,2488,2130
541300,3915,6044,2129
752480,7189,N/A,2123
2011980,7196,N/A,2116
1416050,6626,8738,2112
3021540,7200,N/A,2112
1913210,6673,8781,2108
3743500,7205,N/A,2107
1276390,5975,8079,2104
3158590,6855,8959,2104
1196090,7214,N/A,2098
602320,5945,8039,2094
777390,5730,7819,2089
332260,7225,N/A,2087
3418500,7226,N/A,2086
1876930,7228,N/A,2084
428080,6810,8880,2070
1354830,7242,N/A,2070
3503440,5673,7742,2069
890550,4397,6459,2062
946030,7250,N/A,2062
3138960,6252,8308,2056
2107860,7256,N/A,2056
1069660,7270,N/A,2042
1122720,7274,N/A,2038
3002850,5218,7253,2035
1608440,6509,8531,2022
3972980,7291,N/A,2021
1074080,4712,6728,2016
4823130,5743,7759,2016
3224420,7176,9188,2012
2375530,7300,N/A,2012
610190,5706,7711,2005
2463690,5771,7770,1999
1144030,7315,N/A,1997
1793051,7320,N/A,1992
2467880,4940,6928,1988
1180660,7329,N/A,1983
2660790,7332,N/A,1980
2525510,7337,N/A,1975
3378960,5977,7947,1970
3120020,5223,7188,1965
1370140,7348,N/A,1964
249230,7352,N/A,1960
2346410,6856,8813,1957
2657380,7365,N/A,1947
612960,7366,N/A,1946
2224691,6515,8459,1944
4417270,6983,8925,1942
4099960,7375,N/A,1937
1202540,6290,8214,1924
1782330,7390,N/A,1922
1788780,7394,N/A,1918
10130,7396,N/A,1916
3875470,6666,8580,1914
1714580,7115,9024,1909
1363740,4616,6523,1907
915600,7405,N/A,1907
802870,7407,N/A,1905
2331020,7411,N/A,1901
17460,6153,8053,1900
1285360,7418,N/A,1894
1268590,5561,7454,1893
843390,7217,9110,1893
4093400,7423,N/A,1889
2462520,6760,8648,1888
1762570,3429,5316,1887
2438180,7427,N/A,1885
4563650,7428,N/A,1884
1544020,7431,N/A,1881
4770830,1016,2896,1880
2776780,6067,7943,1876
1933490,7441,N/A,1871
1580800,7443,N/A,1869
3423770,7445,N/A,1867
2445840,7447,N/A,1865
2078230,6416,8279,1863
2296550,6097,7958,1861
1486450,7063,8924,1861
2918090,7452,N/A,1860
1640300,7453,N/A,1859
3674680,7454,N/A,1858
3323490,5578,7435,1857
2332150,6511,8368,1857
2604480,7458,N/A,1854
753420,2945,4798,1853
2978620,6957,8809,1852
3326080,7460,N/A,1852
1012110,7461,N/A,1851
1841360,7462,N/A,1850
773370,6052,7895,1843
893850,5676,7515,1839
3139440,5711,7534,1823
1793030,3460,5279,1819
322210,7272,9077,1805
863500,7508,N/A,1804
201230,7514,N/A,1798
2305830,7182,8979,1797
1938050,7525,N/A,1787
3320980,7526,N/A,1786
3079280,7149,8934,1785
670290,7527,N/A,1785
4197890,6938,8719,1781
3713650,4789,6569,1780
591960,7359,9136,1777
833040,7545,N/A,1767
3372710,6702,8466,1764
3359730,6375,8136,1761
2919660,7557,N/A,1755
476530,7558,N/A,1754
2330500,7561,N/A,1751
3205380,5401,7148,1747
1252680,6942,8689,1747
433550,7309,9055,1746
3273480,7568,N/A,1744
2317290,7571,N/A,1741
2438970,7580,N/A,1732
1471650,3596,5325,1729
1091870,7587,N/A,1725
3932790,4138,5862,1724
2401230,6844,8568,1724
2870710,7595,N/A,1717
637670,4204,5918,1714
4177730,5315,7027,1712
3640430,7186,8896,1710
3010460,5332,7039,1707
2518950,5237,6937,1700
1750030,7174,8873,1699
3907380,7616,N/A,1696
3366780,3286,4981,1695
1730260,7060,8755,1695
351030,7618,N/A,1694
3148160,7625,N/A,1687
3385670,4455,6141,1686
2478020,7627,N/A,1685
4261320,7636,N/A,1676
245490,5929,7603,1674
2054520,6146,7817,1671
2581050,7511,9181,1670
4217460,7642,N/A,1670
2790730,7153,8821,1668
428690,6829,8496,1667
2468550,7645,N/A,1667
550080,6565,8228,1663
1266030,5938,7598,1660
2901150,6228,7887,1659
1985260,7654,N/A,1658
3663400,7655,N/A,1657
332200,6000,7656,1656
3174190,6870,8526,1656
583090,5410,7065,1655
2112750,7658,N/A,1654
3216040,7489,9140,1651
3021630,7534,9184,1650
3985330,7662,N/A,1650
4130610,7009,8658,1649
368620,6714,8362,1648
1530450,7037,8685,1648
2878960,7664,N/A,1648
1816640,5592,7238,1646
4226370,5501,7145,1644
1001270,7142,8784,1642
2766910,7288,8930,1642
1612780,5984,7622,1638
271240,6048,7686,1638
3852250,7680,N/A,1632
1306630,7681,N/A,1631
1889930,6888,8517,1629
3464370,2808,4435,1627
4077560,6339,7962,1623
3337210,6308,7930,1622
4519150,7343,8958,1615
2023140,7172,8786,1614
2140250,7698,N/A,1614
3394770,5198,6809,1611
1627350,5640,7248,1608
2948310,5420,7026,1606
4465220,7583,9186,1603
4368560,3126,4728,1602
537180,5566,7168,1602
416450,7710,N/A,1602
3914600,7712,N/A,1600
4092940,5924,7517,1593
1640160,6372,7961,1589
3070020,7723,N/A,1589
928960,7497,9085,1588
2214600,5964,7551,1587
4119420,2366,3951,1585
1985960,6025,7610,1585
4899200,7727,N/A,1585
312780,7736,N/A,1576
3169580,7739,N/A,1573
2932150,4544,6116,1572
209650,6764,8336,1572
277890,7694,9265,1571
1783280,6652,8222,1570
2095340,7744,N/A,1568
2370170,4139,5704,1565
1277940,6187,7749,1562
3663890,7750,N/A,1562
1895460,7027,8587,1560
3762010,7513,9071,1558
2949320,4707,6264,1557
1733110,7756,N/A,1556
2261430,4222,5776,1554
4191390,7476,9027,1551
4086760,7761,N/A,1551
630010,7762,N/A,1550
1716310,6478,8026,1548
2170370,7765,N/A,1547
4639630,7766,N/A,1546
4547970,6206,7748,1542
1315180,4432,5973,1541
3928990,6077,7616,1539
3215170,7775,N/A,1537
931500,4247,5781,1534
2178070,7779,N/A,1533
2317640,4478,6007,1529
960690,5292,6821,1529
1294760,3426,4953,1527
57740,5868,7392,1524
2238190,7281,8803,1522
3989960,4242,5763,1521
2485460,7794,N/A,1518
3386550,5450,6967,1517
4680750,6972,8489,1517
908360,7522,9038,1516
445190,7038,8551,1513
1375750,7799,N/A,1513
4908380,3750,5262,1512
2024410,6250,7762,1512
4013510,7800,N/A,1512
3288270,6874,8384,1510
228300,4952,6461,1509
1425000,3949,5456,1507
210770,6552,8057,1505
333980,5330,6832,1502
1205450,6528,8030,1502
4045370,7810,N/A,1502
2295970,7811,N/A,1501
2118810,7813,N/A,1499
1233800,7815,N/A,1497
3255720,2372,3867,1495
1615290,6300,7793,1493
3253630,7820,N/A,1492
47932,4881,6371,1490
1263550,7824,N/A,1488
2362420,7825,N/A,1487
978520,7826,N/A,1486
3013840,7828,N/A,1484
4235230,5094,6577,1483
3885590,6794,8277,1483
3422270,5216,6698,1482
3859930,6678,8159,1481
5241570,7341,8820,1479
2194030,7834,N/A,1478
922490,6873,8346,1473
1739300,7510,8982,1472
2710650,7840,N/A,1472
2184020,7693,9159,1466
262410,3483,4948,1465
252870,5944,7405,1461
435870,7851,N/A,1461
2702630,7853,N/A,1459
2159270,3964,5422,1458
4194100,7855,N/A,1457
2060590,4400,5856,1456
2891280,7856,N/A,1456
2537920,7857,N/A,1455
1066850,5027,6480,1453
3446680,7464,8917,1453
2790660,4757,6208,1451
868160,4506,5955,1449
2144640,4883,6332,1449
3997240,7033,8475,1442
1227530,6492,7933,1441
1294420,7871,N/A,1441
4057050,5497,6936,1439
4714930,7873,N/A,1439
3012900,7875,N/A,1437
12360,6869,8304,1435
3211490,7885,N/A,1427
3580160,7886,N/A,1426
418460,3870,5295,1425
1221480,6157,7582,1425
2849030,6134,7557,1423
1566200,2791,4209,1418
2333200,7896,N/A,1416
597760,4990,6405,1415
2171630,7899,N/A,1413
3652820,5109,6519,1410
2138610,7906,N/A,1406
3279470,7910,N/A,1402
958711,7912,N/A,1400
3412900,5787,7186,1399
1040230,7095,8494,1399
2955910,6932,8329,1397
2408920,5073,6468,1395
405830,5897,7289,1392
1471270,7822,9213,1391
880950,7617,9007,1390
3523750,5605,6994,1389
5206350,3299,4686,1387
2712550,5954,7336,1382
4208140,6124,7506,1382
3155570,6458,7840,1382
627690,1109,2489,1380
3905440,7934,N/A,1378
2008610,4448,5825,1377
224460,7053,8430,1377
1862520,7110,8486,1376
2058750,7597,8970,1373
4295960,7939,N/A,1373
3673060,7940,N/A,1372
1900250,6846,8216,1370
2342950,6974,8344,1370
2374190,7942,N/A,1370
2760580,5258,6627,1369
64000,7944,N/A,1368
230190,3749,5115,1366
4680690,7881,9246,1365
5026020,5160,6524,1364
2727650,7054,8418,1364
3214480,6436,7799,1363
287310,7306,8668,1362
441830,7950,N/A,1362
1946430,5504,6865,1361
1493440,7951,N/A,1361
3437140,7953,N/A,1359
1350840,7955,N/A,1357
226840,5070,6424,1354
870200,5196,6550,1354
4848500,7959,N/A,1353
4286040,4497,5849,1352
1324530,4941,6293,1352
3917380,3008,4357,1349
785790,6196,7545,1349
2654990,7963,N/A,1349
2947280,3862,5210,1348
881320,7556,8904,1348
1618380,7964,N/A,1348
2282790,3937,5284,1347
4262310,6127,7474,1347
2697770,6208,7555,1347
2366970,4149,5495,1346
4192650,7966,N/A,1346
1235762,6292,7637,1345
1670690,7970,N/A,1342
2128270,5590,6930,1340
1341702,7403,8743,1340
4160230,7972,N/A,1340
1612420,3310,4649,1339
2414630,6683,8018,1335
2160360,5981,7315,1334
3399900,6386,7720,1334
446390,6841,8173,1332
998400,7077,8407,1330
2993780,3074,4403,1329
2914480,6918,8247,1329
956680,7785,9114,1329
1781890,7984,N/A,1328
3675470,6183,7508,1325
2878220,7198,8523,1325
3474010,5519,6843,1324
1680880,2925,4246,1321
882790,7002,8323,1321
1457510,4806,6125,1319
523660,3609,4924,1315
665300,4158,5473,1315
3884450,7999,N/A,1313
3227830,5110,6420,1310
2740080,5982,7290,1308
4214320,6731,8038,1307
619390,6758,8065,1307
1543280,8005,N/A,1307
1981610,8006,N/A,1306
2173460,4073,5378,1305
1685460,8007,N/A,1305
3417140,6443,7746,1303
1093730,8009,N/A,1303
2353340,7673,8974,1301
4301110,8012,N/A,1300
3983380,7279,8576,1297
2004640,8015,N/A,1297
495140,4066,5362,1296
1198470,6332,7628,1296
1525290,6963,8259,1296
3388410,8016,N/A,1296
2386310,6898,8193,1295
2732100,8017,N/A,1295
2213300,6517,7811,1294
1920430,1584,2877,1293
1638230,6251,7543,1292
239120,5195,6486,1291
2585890,2969,4259,1290
1893810,5668,6956,1288
587260,4128,5414,1286
1710540,6992,8278,1286
3150440,8031,N/A,1281
1876460,5799,7079,1280
2827230,8032,N/A,1280
2897590,4271,5548,1277
3429890,6792,8068,1276
1700,7938,9214,1276
1866430,6174,7449,1275
1115050,8037,N/A,1275
3943440,7835,9109,1274
2511800,6400,7673,1273
1263230,7280,8553,1273
2194790,6221,7490,1269
3362960,6682,7951,1269
2612660,8044,N/A,1268
2807090,6358,7625,1267
1183470,4268,5534,1266
1189440,7968,9230,1262
368390,6044,7304,1260
2882080,8052,N/A,1260
272600,6371,7630,1259
4326750,8053,N/A,1259
1850550,8054,N/A,1258
2894820,7335,8589,1254
1811500,7318,8570,1252
2956820,6143,7393,1250
941460,8062,N/A,1250
803600,3105,4351,1246
2011820,5655,6898,1243
2304500,7738,8981,1243
3273980,7884,9126,1242
2926750,8070,N/A,1242
3973840,4053,5294,1241
1413870,7223,8463,1240
368360,8072,N/A,1240
1628070,6798,8037,1239
1068820,4931,6169,1238
3821980,6811,8049,1238
3023570,8075,N/A,1237
500190,7136,8372,1236
1566690,5282,6517,1235
598190,5371,6606,1235
3113990,8080,N/A,1232
3602030,6631,7861,1230
1546090,8082,N/A,1230
2820140,6195,7423,1228
722180,8084,N/A,1228
4163960,3515,4741,1226
3901610,5792,7018,1226
2886620,6781,8007,1226
2012190,6149,7372,1223
1532690,8090,N/A,1222
3743490,1388,2607,1219
917720,6773,7992,1219
1844240,8094,N/A,1218
3787240,1581,2798,1217
435530,8095,N/A,1217
3127280,2147,3362,1215
3238580,7643,8855,1212
2946220,8102,N/A,1210
1747050,4972,6181,1209
2663950,8104,N/A,1208
3926930,4768,5975,1207
3239270,5464,6671,1207
3690490,8040,9247,1207
595740,6617,7820,1203
2541890,8112,N/A,1200
3306920,8115,N/A,1197
1912750,8120,N/A,1192
2770160,6551,7741,1190
47899,6078,7266,1188
2665460,8125,N/A,1187
3179350,6423,7609,1186
1677980,8126,N/A,1186
4172650,6156,7339,1183
282900,5565,6744,1179
916000,6619,7798,1179
2542770,7103,8281,1178
3387210,5860,7034,1174
1733240,8141,N/A,1171
858260,5102,6272,1170
4240150,4593,5762,1169
926140,4999,6163,1164
47896,6838,8002,1164
4767560,7967,9131,1164
2137700,8148,N/A,1164
2439690,8149,N/A,1163
3153370,5208,6370,1162
2965680,5894,7056,1162
2671230,5957,7118,1161
292240,7982,9143,1161
348550,6120,7279,1159
600750,4648,5806,1158
1904790,4786,5943,1157
2626470,8156,N/A,1156
1238680,4828,5983,1155
4680010,8158,N/A,1154
466630,5228,6381,1153
3296790,6305,7458,1153
794580,7931,9082,1151
2506530,7676,8824,1148
1020100,6064,7211,1147
1608640,8166,N/A,1146
741140,4640,5785,1145
1154840,2957,4101,1144
1788210,6248,7390,1142
2808740,7081,8223,1142
4572310,8170,N/A,1142
2019760,4995,6136,1141
1552810,7358,8497,1139
1461910,3496,4634,1138
1969810,6147,7285,1138
2304380,6729,7867,1138
2019790,7387,8525,1138
1235767,7930,9068,1138
207320,8174,N/A,1138
35720,5458,6595,1137
3363680,6892,8029,1137
4625810,7637,8774,1137
1621560,7019,8155,1136
1742930,7804,8940,1136
1638330,5896,7031,1135
5026030,5521,6655,1134
411370,5120,6253,1133
677340,5831,6963,1132
1984020,5211,6341,1130
3930510,6978,8108,1130
1157740,5405,6533,1128
356831,5608,6736,1128
3814340,6567,7695,1128
403190,6752,7879,1127
1272010,7791,8916,1125
3067890,8187,N/A,1125
574980,8188,N/A,1124
3140990,8189,N/A,1123
693170,8190,N/A,1122
2123640,5209,6330,1121
4553760,4505,5623,1118
1154810,6397,7513,1116
1556100,5793,6907,1114
40300,6408,7522,1114
4031100,5723,6836,1113
1172800,8200,N/A,1112
3316670,6474,7584,1110
3956070,8202,N/A,1110
2510710,3507,4613,1106
3148060,5377,6483,1106
530610,8206,N/A,1106
1180380,3437,4541,1104
1743850,6130,7233,1103
4022700,7635,8736,1101
2928520,4822,5921,1099
411930,7011,8110,1099
1794880,8213,N/A,1099
1450090,6170,7268,1098
1178160,8214,N/A,1098
5214010,8216,N/A,1096
3772810,8217,N/A,1095
2240080,4288,5382,1094
3146140,8218,N/A,1094
22180,6477,7570,1093
2616460,7221,8314,1093
4022690,7634,8725,1091
2644050,8223,N/A,1089
2896380,6895,7982,1087
1239450,6924,8011,1087
587110,6115,7201,1086
319870,7974,9060,1086
1265800,4742,5827,1085
1043260,6347,7432,1085
1571390,5774,6858,1084
3049990,7131,8215,1084
4179020,3730,4813,1083
1715280,6480,7563,1083
3708940,8229,N/A,1083
3045200,3970,5052,1082
3600990,8230,N/A,1082
4103450,4346,5427,1081
3151270,5115,6192,1077
4429950,5660,6737,1077
2553040,5729,6806,1077
598550,4495,5571,1076
1580180,6877,7953,1076
24200,751,1826,1075
1328890,8067,9141,1074
261470,8238,N/A,1074
3183970,3968,5037,1069
1373550,5733,6802,1069
1638220,7490,8559,1069
4337440,5164,6232,1068
3889960,1934,3000,1066
290340,5044,6110,1066
4562940,7036,8102,1066
3774440,5568,6633,1065
1599010,7102,8166,1064
269790,7538,8602,1064
313630,7264,8327,1063
1148490,8250,N/A,1062
2246670,8251,N/A,1061
3469230,8065,9124,1059
1858630,2188,3246,1058
4042160,4156,5214,1058
2976720,6703,7761,1058
2615540,2640,3697,1057
3092360,8256,N/A,1056
3189440,8260,N/A,1052
3271000,1266,2317,1051
2353060,1849,2899,1050
1570010,5336,6384,1048
3949290,8265,N/A,1047
4559600,7212,8258,1046
230070,7702,8748,1046
2809180,4196,5241,1045
3468650,6151,7196,1045
2974360,8198,9242,1044
5020040,5296,6339,1043
223595,6982,8024,1042
3132860,7243,8285,1042
1301021,4968,6009,1041
4071070,6037,7076,1039
508980,8273,N/A,1039
2404370,6369,7407,1038
1570330,7442,8480,1038
958370,7995,9033,1038
4735390,6934,7970,1036
3625720,8277,N/A,1035
2603020,6410,7444,1034
3438800,8279,N/A,1033
1995890,2543,3575,1032
3929970,5347,6378,1031
2532470,8281,N/A,1031
3406150,6723,7752,1029
1522870,8283,N/A,1029
2207440,6541,7567,1026
3742830,7133,8158,1025
1472660,8152,9177,1025
650510,5014,6036,1022
2776450,8291,N/A,1021
2112740,4571,5591,1020
539470,5840,6860,1020
47931,6563,7583,1020
1830290,8293,N/A,1019
1934300,4780,5798,1018
2740170,5142,6160,1018
1511460,6634,7651,1017
3850800,7426,8443,1017
2226430,8296,N/A,1016
2786660,8297,N/A,1015
1734320,7241,8255,1014
463170,8299,N/A,1013
4629900,4147,5159,1012
2315400,8300,N/A,1012
1708010,3998,5008,1010
3990800,7424,8434,1010
3201070,7947,8956,1009
2334170,6459,7467,1008
1813860,5797,6803,1006
3295360,8306,N/A,1006
1252600,8308,N/A,1004
3188980,7209,8212,1003
2081520,7455,8457,1002
1942650,8312,N/A,1000
39120,3526,4525,999
1182110,8315,N/A,997
2214880,6940,7935,995
2334532,8318,N/A,994
4563290,4052,5045,993
4925300,8320,N/A,992
584096,7416,8406,990
1996770,4249,5238,989
397340,8221,9210,989
1134700,7901,8889,988
4216130,7283,8270,987
1766100,8325,N/A,987
4713340,3733,4719,986
788690,7311,8297,986
261110,8326,N/A,986
3675400,4756,5741,985
4252700,8109,9094,985
1189100,5291,6274,983
3757210,8241,9224,983
1530470,8329,N/A,983
258520,4385,5367,982
227260,4840,5821,981
215530,6651,7632,981
4508900,7629,8610,981
1062810,4440,5420,980
538020,3930,4909,979
315151,5870,6849,979
1657740,4625,5603,978
3652650,5596,6574,978
1191830,8334,N/A,978
3604030,8103,9080,977
345390,8335,N/A,977
2439560,8337,N/A,975
1367590,4237,5211,974
1292130,8338,N/A,974
2313322,7293,8266,973
377860,7703,8676,973
1184770,8339,N/A,973
4290390,6234,7206,972
1473060,7830,8802,972
249650,3854,4825,971
2593340,4809,5780,971
2564960,5363,6334,971
1235752,7978,8948,970
3332590,8342,N/A,970
1545450,6981,7949,968
3041820,8344,N/A,968
4242820,3267,4233,966
1697870,8347,N/A,965
3365040,1960,2923,963
1371580,3198,4161,963
3204020,8107,9070,963
3062500,8350,N/A,962
3816110,8352,N/A,960
42910,4811,5768,957
301760,5170,6127,957
1042220,5436,6392,956
1992290,8356,N/A,956
1304280,7564,8519,955
4691700,8357,N/A,955
1328990,8358,N/A,954
609150,5343,6296,953
2689930,6681,7634,953
3916260,7029,7981,952
47894,3808,4757,949
1462520,6537,7486,949
1534980,4945,5892,947
2059530,3908,4854,946
3352670,8368,N/A,944
517710,5017,5960,943
524390,8059,9002,943
858940,6293,7235,942
2409110,7688,8630,942
1550260,8370,N/A,942
2166060,6394,7335,941
4152390,7621,8562,941
300380,6440,7380,940
4026970,4659,5597,938
2183640,8374,N/A,938
1235750,7501,8438,937
1599020,4935,5871,936
2632240,5560,6496,936
1511780,5856,6792,936
899970,6859,7795,936
2830500,5705,6637,932
1942010,8380,N/A,932
1138660,5006,5937,931
3693780,8041,8972,931
2274200,2997,3927,930
3232610,5994,6924,930
1331510,5569,6498,929
2104240,6875,7804,929
2658730,8383,N/A,929
2195611,5180,6108,928
2377420,8385,N/A,927
1789030,5114,6040,926
517790,7584,8510,926
3111080,5746,6670,924
696220,6036,6959,923
2507820,8389,N/A,923
1281220,2882,3804,922
47930,3816,4738,922
1386900,3822,4744,922
2423760,4951,5873,922
707010,5666,6588,922
4453300,6341,7263,922
3246790,8391,N/A,921
4284570,7684,8604,920
3599690,3606,4524,918
2346840,5635,6552,917
2695430,5019,5935,916
2867470,5392,6308,916
215080,7751,8667,916
378540,5911,6825,914
2058730,4380,5292,912
394970,8400,N/A,912
1732060,7170,8081,911
2737980,8402,N/A,910
275180,3806,4714,908
524910,8243,9150,907
1747760,3251,4157,906
2680380,8407,N/A,905
646270,3787,4691,904
2021210,6085,6989,904
2223740,7793,8697,904
3410630,8408,N/A,904
1953230,5495,6398,903
2244030,6415,7318,903
2750000,8410,N/A,902
2393920,5752,6653,901
3116010,6600,7501,901
1394930,7171,8072,901
1350200,4989,5889,900
2671120,8414,N/A,898
337410,4316,5213,897
2022290,5727,6624,897
256290,5769,6666,897
1779030,8415,N/A,897
2697490,4161,5056,895
761600,5643,6538,895
3363270,8417,N/A,895
1983260,4529,5423,894
1295320,6744,7635,891
1933660,3752,4642,890
1235757,7675,8565,890
1123050,4970,5858,888
864060,5721,6609,888
1214480,7989,8874,885
405820,5637,6521,884
3326890,5788,6672,884
3838290,8428,N/A,884
2133850,8431,N/A,881
4174310,5043,5923,880
3352480,7774,8653,879
1133760,4376,5254,878
3074850,6070,6948,878
40970,8323,9201,878
3967470,6472,7349,877
1481440,8382,9259,877
2288150,1784,2660,876
554620,3635,4511,876
694330,6068,6944,876
3832010,7197,8073,876
1973310,8436,N/A,876
2325920,5988,6863,875
1583520,6687,7562,875
3763700,4744,5617,873
2800080,2929,3801,872
1412530,8440,N/A,872
4157170,8441,N/A,871
4054100,7262,8130,868
803050,8445,N/A,867
1450080,4653,5519,866
2758000,7749,8615,866
3922100,2617,3481,864
2343610,6166,7030,864
1772830,4352,5215,863
3731500,8181,9043,862
3669170,8450,N/A,862
1120300,2721,3582,861
2291340,6677,7538,861
526490,7503,8364,861
286000,8452,N/A,860
607050,7052,7911,859
2913610,7589,8448,859
2213120,5864,6722,858
3453950,6356,7213,857
3545150,8038,8895,857
2370406,8455,N/A,857
1161170,8457,N/A,855
1766740,4797,5651,854
1084820,6864,7718,854
4358310,8458,N/A,854
415600,5118,5971,853
1778840,3019,3871,852
3655390,3863,4715,852
2725090,8379,9231,852
2727990,8460,N/A,852
304310,4872,5722,850
679110,7355,8205,850
1659600,4344,5193,849
917950,5090,5939,849
1209490,6614,7462,848
3411510,7735,8583,848
3815550,5394,6241,847
3030720,4286,5132,846
334940,5594,6439,845
1348700,8467,N/A,845
819030,2540,3384,844
2957720,5333,6177,844
1235756,7606,8450,844
629700,7590,8433,843
3628390,8469,N/A,843
3802370,7897,8739,842
623080,8472,N/A,840
2741360,6964,7803,839
850260,8474,N/A,838
4031140,6080,6917,837
1099640,7943,8780,837
31930,8475,N/A,837
71340,5293,6128,835
3500590,7159,7994,835
4439290,5588,6422,834
2815240,6005,6839,834
47898,3800,4631,831
2708450,5101,5932,831
804700,3796,4626,830
1315320,5230,6060,830
2554670,6749,7579,830
900447,8482,N/A,830
3141630,7653,8482,829
1611580,8483,N/A,829
970830,4750,5578,828
3500680,7770,8596,826
3308250,8367,9193,826
2366320,8486,N/A,826
1198460,5409,6234,825
1615100,6389,7214,825
1739900,7492,8315,823
4341720,7714,8537,823
1553260,3394,4216,822
251110,4173,4995,822
1955230,4406,5228,822
1437660,7683,8505,822
1206430,6676,7497,821
2955900,7371,8192,821
1100990,8491,N/A,821
2168530,6721,7541,820
4074010,5346,6165,819
3850870,4759,5577,818
651670,8033,8851,818
1116480,7488,8305,817
3540990,8284,9101,817
1316910,4898,5714,816
3931060,5275,6091,816
1798020,4325,5140,815
2313330,5695,6509,814
2587420,7184,7997,813
4190710,5294,6106,812
4263320,1478,2289,811
2497920,5475,6286,811
756530,8501,N/A,811
2012010,4605,5415,810
3784190,8502,N/A,810
2795540,5403,6212,809
1872680,8503,N/A,809
3530820,3765,4573,808
512180,5206,6014,808
1660840,5852,6660,808
3020,7068,7876,808
4233530,7818,8626,808
442120,3689,4496,807
1429500,5099,5906,807
3752270,6479,7286,807
1278390,8443,9250,807
759740,8505,N/A,807
6300,8506,N/A,806
2078350,4481,5286,805
3966510,3577,4381,804
3919420,7689,8492,803
1254370,8509,N/A,803
2808550,2295,3097,802
602700,8510,N/A,802
3929470,2124,2925,801
1590230,4488,5289,801
2442460,2038,2838,800
2450820,7377,8177,800
1678420,5276,6075,799
4000090,6740,7539,799
2182690,7071,7870,799
585450,7773,8572,799
2403830,8514,N/A,798
1299690,6968,7764,796
1699230,3898,4693,795
2522430,7952,8747,795
571260,4595,5389,794
3484850,7962,8756,794
1823930,8518,N/A,794
865680,5037,5829,792
2350410,6276,7068,792
1756130,6789,7581,792
3560550,8111,8903,792
2005160,7816,8606,790
584097,7499,8288,789
421170,8523,N/A,789
584095,7532,8320,788
659540,5602,6389,787
1851610,8355,9142,787
3124230,3569,4355,786
2850190,4244,5030,786
3125250,3920,4705,785
2147250,8527,N/A,785
2195410,4301,5085,784
1341490,5906,6690,784
3624370,8529,N/A,783
1155970,5641,6423,782
3715790,8078,8860,782
3987860,8530,N/A,782
3486530,2206,2987,781
677120,4702,5479,777
3005010,7430,8206,776
4014040,4083,4858,775
2313321,8096,8871,775
1150760,2547,3320,773
3759220,8394,9167,773
1430680,5408,6180,772
422510,6072,6844,772
4666090,8540,N/A,772
1504500,4050,4821,771
348470,4370,5141,771
2139300,8541,N/A,771
1485590,7700,8470,770
1694600,7295,8061,766
593030,8546,N/A,766
875210,4431,5196,765
2672470,3866,4630,764
4449410,2335,3098,763
1599300,8549,N/A,763
979710,8550,N/A,762
2380803,7094,7855,761
2997840,8552,N/A,760
3156330,7021,7780,759
629650,7831,8590,759
3984230,7975,8734,759
1155980,8553,N/A,759
4124750,7661,8419,758
905340,8289,9047,758
1708110,8554,N/A,758
866800,3322,4079,757
4094670,4631,5387,756
4730770,3559,4314,755
3777610,7361,8116,755
3188960,8022,8777,755
2164540,7266,8020,754
1620540,8558,N/A,754
2131650,5559,6312,753
439490,6456,7208,752
1430760,6825,7577,752
797430,1877,2628,751
418340,5734,6485,751
3544130,8133,8884,751
2069310,2163,2913,750
979070,8562,N/A,750
826630,3463,4210,747
937892,5619,6366,747
3739100,8195,8941,746
2657050,4117,4862,745
1602080,7512,8257,745
2861590,8567,N/A,745
2205850,4626,5370,744
510500,4151,4893,742
3236710,8570,N/A,742
3365030,1674,2415,741
624270,3543,4284,741
2990640,6214,6955,741
4920,8571,N/A,741
887570,3694,4434,740
788100,4690,5430,740
1110100,5057,5797,740
515191,5385,6124,739
2996080,6745,7484,739
1658930,8573,N/A,739
2473480,2608,3346,738
3972320,4341,5079,738
2604510,5716,6454,738
3160640,5726,6462,736
3161220,2564,3299,735
3946810,8579,N/A,733
1835240,7381,8113,732
824550,3593,4324,731
2281410,5426,6157,731
3561740,6169,6900,731
1368570,6255,6986,731
1977170,3442,4172,730
234670,4059,4789,730
420100,5396,6126,730
1596540,8582,N/A,730
3570370,4498,5227,729
2737970,8583,N/A,729
472870,6656,7384,728
3562580,3909,4636,727
1530880,7101,7828,727
4030150,3828,4554,726
1975580,4591,5317,726
1480560,5470,6196,726
3056390,6377,7103,726
4001560,7436,8162,726
325730,8586,N/A,726
3906660,4277,5002,725
3902800,7147,7872,725
1746030,2990,3714,724
247000,5260,5984,724
1434480,5544,6268,724
550340,6131,6855,724
2728000,8409,9133,724
351510,8588,N/A,724
4578230,6172,6893,721
469820,1644,2364,720
3316940,4526,5246,720
936160,5485,6205,720
230210,7474,8194,720
718850,3883,4602,719
3385960,5366,6084,718
900449,6961,7679,718
416600,7639,8357,718
3345550,8594,N/A,718
976590,3902,4619,717
1957760,8595,N/A,717
1379870,7946,8662,716
2461280,3658,4373,715
323850,5165,5880,715
2675870,8597,N/A,715
4856240,7547,8261,714
948740,4127,4840,713
289130,5140,5853,713
381990,8599,N/A,713
1405500,6770,7482,712
2093920,7551,8263,712
1329510,8600,N/A,712
3618520,4492,5203,711
2430730,7330,8041,711
1579340,8601,N/A,711
3137350,4983,5693,710
115800,7204,7914,710
2055050,4260,4969,709
1160490,6438,7147,709
15390,8603,N/A,709
384190,3215,3923,708
3836120,4709,5417,708
2224640,8371,9079,708
529660,8401,9108,707
1126200,8605,N/A,707
3365050,1986,2692,706
3897660,7502,8208,706
3005000,8606,N/A,706
2349140,5949,6654,705
4084640,8258,8963,705
2459750,3161,3865,704
47895,7016,7719,703
1051310,7229,7932,703
787340,6057,6759,702
416680,8610,N/A,702
1039890,8611,N/A,701
1175380,4167,4866,699
1209370,6051,6750,699
2292650,6281,6980,699
761620,6361,7060,699
1931730,7865,8564,699
329530,8613,N/A,699
2767530,2314,3011,697
979640,3146,3843,697
1665190,4362,5059,697
2378087,5134,5831,697
2103530,8010,8707,697
2273980,2615,3311,696
963930,4607,5303,696
2803280,8616,N/A,696
320430,6926,7621,695
638510,7187,7882,695
572740,7404,8099,695
604540,3951,4645,694
3265280,8618,N/A,694
3729550,6374,7067,693
275100,7399,8092,693
3167550,5034,5726,692
1229380,5324,6016,692
2438990,3129,3820,691
2021960,4469,5160,691
2148903,8622,N/A,690
1373510,5725,6414,689
3195280,8623,N/A,689
2964020,8624,N/A,688
1493470,5299,5986,687
1877020,3634,4320,686
3265060,5928,6614,686
3500390,1587,2271,684
2331330,2907,3591,684
1356670,4190,4873,683
1803140,5253,5936,683
3691650,7383,8066,683
2133640,5107,5789,682
1962430,5200,5882,682
1966010,6498,7180,682
4945850,3735,4416,681
2291020,7780,8461,681
3301060,1437,2117,680
204340,5575,6255,680
4051310,5849,6529,680
914020,6324,7004,680
1913930,6988,7668,680
251270,7665,8345,680
1466390,4299,4978,679
4695140,4805,5483,678
331670,5042,5720,678
3311740,6420,7098,678
221380,5807,6484,677
1244781,5400,6076,676
1368870,7324,8000,676
2752180,3831,4506,675
3398380,6090,6765,675
207350,6519,7194,675
1819460,6447,7120,673
1712350,1893,2565,672
383180,3943,4615,672
2497900,4350,5022,672
2078450,4608,5280,672
4483120,8641,N/A,671
2295810,6437,7107,670
1951230,5433,6102,669
1397390,5877,6546,669
1524910,6379,7048,669
2538870,3408,4076,668
3565020,6139,6807,668
203650,7666,8334,668
708173,8644,N/A,668
1276800,6022,6689,667
2561520,7148,7815,667
684410,8100,8767,667
858820,4185,4850,665
4045820,5650,6315,665
2059210,8264,8929,665
2269540,8647,N/A,665
1961950,3354,4018,664
512790,5302,5966,664
13540,7301,7965,664
411890,3603,4266,663
2262020,4705,5368,663
3936700,6610,7273,663
3708690,7017,7680,663
1658280,3869,4530,661
3282420,3590,4250,660
3529690,7338,7996,658
2369580,7397,8055,658
4163030,4650,5307,657
2234500,8018,8675,657
1678430,8656,N/A,656
1601350,6779,7434,655
1493760,8657,N/A,655
3188550,6933,7587,654
2109270,6425,7078,653
2287520,5007,5659,652
3072620,7731,8383,652
774291,8245,8897,652
2025840,8661,N/A,651
1446890,5257,5907,650
900448,7003,7653,650
3380520,5927,6576,649
2272400,7014,7663,649
1883090,8663,N/A,649
1621070,4176,4824,648
2461440,5742,6390,648
1664220,6445,7093,648
720560,6717,7365,648
1843760,6771,7419,648
663090,786,1433,647
3514130,6524,7171,647
3362590,8665,N/A,647
1686940,3940,4586,646
2981540,6465,7111,646
3312030,7042,7688,646
294860,4104,4749,645
3017330,4203,4848,645
1108000,8001,8646,645
4249620,8667,N/A,645
801480,8668,N/A,644
4298880,6707,7350,643
1135810,8669,N/A,643
2232880,4278,4920,642
1269640,4651,5293,642
518060,7185,7827,642
335670,3452,4093,641
429790,5442,6083,641
3843410,6665,7306,641
1999190,7716,8356,640
2695940,2117,2756,639
1301020,2815,3454,639
1411910,3196,3835,639
4507620,7905,8544,639
1078420,8004,8643,639
1590580,8673,N/A,639
761830,4410,5048,638
3499520,6847,7485,638
2160330,6884,7521,637
2055290,3065,3701,636
4261920,7626,8262,636
47892,4574,5209,635
2750780,4897,5532,635
648410,1962,2596,634
1153640,5127,5761,634
1694420,5323,5957,634
1769170,5853,6487,634
2052040,7638,8272,634
5088290,8678,N/A,634
473950,3304,3937,633
726830,5681,6314,633
291860,5967,6600,633
2004110,8679,N/A,633
1175830,4846,5478,632
4127290,8681,N/A,631
720620,2711,3341,630
658620,2538,3167,629
1373090,3654,4283,629
2495730,8237,8866,629
3894170,8683,N/A,629
1360000,8386,9013,627
57900,4581,5207,626
312750,5060,5685,625
312980,6059,6684,625
312670,4899,5523,624
2896260,6323,6946,623
3017730,6538,7161,623
2853590,2179,2801,622
1416920,4091,4713,622
2399331,4663,5285,622
4145350,6168,6790,622
3777060,5848,6469,621
743450,4484,5104,620
2013730,8692,N/A,620
1290760,3805,4424,619
1546920,7541,8160,619
3930240,8693,N/A,619
582550,6083,6701,618
1639430,8694,N/A,618
958520,4401,5018,617
2081400,5664,6281,617
427100,2180,2796,616
4081840,8234,8849,615
2423300,8697,N/A,615
1887400,3648,4262,614
2610650,4936,5549,613
925650,5739,6352,613
3794210,8699,N/A,613
2447980,4994,5606,612
15120,5614,6226,612
4634560,3958,4569,611
1024650,7180,7791,611
223592,7531,8142,611
639490,2248,2858,610
3390880,5289,5899,610
3936730,4499,5108,609
3777850,8254,8863,609
1216710,4292,4900,608
4680410,8704,N/A,608
3479420,5122,5729,607
3176060,4126,4732,606
3105890,8706,N/A,606
2967990,2207,2812,605
1885690,8707,N/A,605
3224770,336,940,604
4680530,5311,5915,604
1570070,7581,8185,604
40390,8249,8853,604
388060,5103,5706,603
3972650,8709,N/A,603
345820,4902,5504,602
963060,6133,6735,602
242570,8710,N/A,602
5159810,3779,4380,601
1170950,4879,5480,601
2139990,7591,8191,600
2792190,3642,4241,599
3725800,2638,3236,598
846770,2388,2985,597
448280,3640,4237,597
1301390,7859,8456,597
346830,8715,N/A,597
2198800,3210,3806,596
1004490,7771,8367,596
3230400,4429,5024,595
1370050,6216,6811,595
3572580,6866,7460,594
3202720,7260,7854,594
3789080,2435,3028,593
977420,5402,5994,592
2325460,8721,N/A,591
2915460,3102,3692,590
3630990,5056,5646,590
1571940,8722,N/A,590
2230980,3723,4312,589
3869850,6842,7431,589
1146970,6123,6711,588
4579490,8724,N/A,588
2421410,4285,4872,587
1140270,4971,5558,587
219780,5439,6026,587
4030770,8612,9199,587
1970460,8725,N/A,587
688130,6914,7500,586
2056210,7254,7839,585
3550890,4599,5183,584
2336980,5555,6139,584
462990,5061,5644,583
1927110,5438,6020,582
1948120,6585,7167,582
1108450,6604,7184,580
758330,3881,4459,578
3747200,6304,6882,578
249181,7537,8115,578
3197720,8734,N/A,578
2917040,7969,8546,577
4826200,8048,8625,577
1434950,3742,4318,576
3034340,8387,8962,575
2147950,8737,N/A,575
250520,2306,2880,574
3639650,2674,3248,574
732690,2965,3539,574
933820,3517,4091,574
1559600,4031,4605,574
1583320,6669,7243,574
3172700,3761,4334,573
70400,5181,5754,573
377530,5279,5852,573
345610,5997,6570,573
580200,8739,N/A,573
3047750,4464,5036,572
1562700,2171,2742,571
1687000,7122,7693,571
2647680,2981,3551,570
1124160,7449,8019,570
970560,4583,5152,569
4635190,4903,5472,569
4211860,8680,9249,569
5247020,8743,N/A,569
1883000,8524,9092,568
2943420,8744,N/A,568
1235761,4112,4678,566
234650,6727,7292,565
1952520,7623,8188,565
3744080,8747,N/A,565
2908500,4233,4797,564
3577620,7175,7739,564
2019620,3977,4540,563
243970,6879,7442,563
1604380,3063,3625,562
2779910,8750,N/A,562
795420,6949,7510,561
3564340,8751,N/A,561
2769240,2863,3423,560
871980,3279,3839,560
2714620,4613,5173,560
4622330,5940,6500,560
507010,8533,9093,560
860890,6797,7356,559
1299170,7297,7856,559
2258770,5701,6259,558
1895350,7220,7778,558
205650,7363,7921,558
2581410,8129,8687,558
1115690,4598,5155,557
4290680,5630,6187,557
3218530,5654,6211,557
1214470,5671,6228,557
2316610,8755,N/A,557
2393240,4569,5125,556
2676320,4610,5166,556
435881,4910,5466,556
1058830,5108,5664,556
2086380,8756,N/A,556
987840,3323,3878,555
679900,5670,6225,555
1927740,6092,6647,555
4169820,7440,7995,555
2378910,8548,9103,555
1509510,3861,4415,554
925940,8534,9088,554
1262240,2999,3552,553
962730,7213,7766,553
886250,2399,2951,552
2064810,8760,N/A,552
1979440,4984,5535,551
742300,3228,3778,550
2587430,4587,5137,550
2221980,5915,6465,550
721180,7743,8293,550
4915900,8762,N/A,550
2698470,3655,4204,549
1796220,4246,4795,549
1585820,4943,5492,549
1244800,5689,6237,548
301280,6466,7014,548
3606380,8764,N/A,548
1921480,8430,8977,547
1998330,3446,3992,546
223597,4130,4676,546
3749720,2831,3376,545
1076200,7776,8321,545
4222670,8459,9003,544
1610470,6105,6648,543
2223700,8769,N/A,543
4055380,7265,7806,541
3039500,7422,7963,541
1755100,3818,4358,540
3003800,8772,N/A,540
4513880,5219,5758,539
635940,2598,3136,538
684450,4295,4833,538
1235766,6016,6554,538
1179710,6709,7247,538
4436200,3187,3724,537
1669500,7832,8369,537
4935090,8775,N/A,537
2850310,3602,4138,536
1969870,3583,4118,535
3756940,4596,5131,535
4864560,7844,8379,535
937891,7948,8483,535
2262080,8777,N/A,535
4753760,6391,6925,534
2486740,4165,4698,533
558240,5712,6245,533
1262572,2824,3356,532
813630,4374,4906,532
543870,4472,5004,532
242860,6735,7267,532
3183760,4272,4803,531
2738630,2730,3260,530
3138780,3670,4200,530
3298940,5106,5636,530
909720,5271,5801,530
4689420,5025,5554,529
2322810,8783,N/A,529
1966630,8784,N/A,528
3058630,446,973,527
1148760,2469,2996,527
498240,2589,3116,527
1611430,3633,4160,527
3129990,8785,N/A,527
266931,5790,6316,526
269190,8538,9064,526
2368300,6249,6774,525
1624540,2683,3207,524
1239320,6314,6838,524
324080,6967,7491,524
4969500,7498,8022,524
1238730,7893,8417,524
802890,3996,4519,523
1864000,5095,5618,523
3300460,5652,6175,523
304210,5886,6409,523
1456361,6881,7404,523
3123410,1224,1746,522
969990,2952,3474,522
2401410,2552,3073,521
1536370,3418,3939,521
1939890,5487,6008,521
233720,5759,6280,521
1839880,6387,6908,521
4629490,6592,7112,520
4597380,7276,7796,520
638990,7372,7892,520
4031130,3453,3972,519
374040,3807,4326,519
4223300,3933,4452,519
5061170,4513,5032,519
1252870,8793,N/A,519
318520,5808,6326,518
558243,5908,6426,518
2124780,6544,7062,518
2698870,7985,8503,518
4108450,8794,N/A,518
461248,5802,6319,517
2402190,8795,N/A,517
1283400,3904,4420,516
3143300,4975,5491,516
3320,5871,6387,516
2821800,6858,7374,516
2583430,8796,N/A,516
5126960,2500,3015,515
3684610,4086,4601,515
315810,4932,5447,515
21980,6609,7124,515
2399220,3974,4488,514
236430,1156,1669,513
1364210,3232,3745,513
3468400,5610,6123,513
6920,5773,6285,512
2419042,8800,N/A,512
1592520,5692,6203,511
4035270,6028,6539,511
577480,6177,6687,510
1123770,7282,7792,510
1235100,8802,N/A,510
1289810,3086,3595,509
1449310,8803,N/A,509
1799930,3042,3550,508
2475690,4087,4595,508
673950,3245,3752,507
971690,7682,8189,507
601050,2607,3113,506
2614070,3148,3654,506
442052,6638,7144,506
3751210,8806,N/A,506
2338140,2550,3055,505
329440,4639,5144,505
1049440,6853,7358,505
4804480,4129,4633,504
1368030,3923,4426,503
4256590,4473,4976,503
1755830,8196,8699,503
2947250,8809,N/A,503
1148130,3052,3554,502
1702330,3449,3950,501
924980,2309,2809,500
1613283,4122,4622,500
525480,2015,2514,499
1288310,4377,4876,499
1314000,4799,5298,499
2350220,8813,N/A,499
909660,3907,4405,498
3838370,4443,4941,498
2736840,8730,9228,498
3818020,5023,5520,497
2980260,5186,5683,497
1116580,5936,6433,497
257371,8815,N/A,497
882140,2661,3157,496
1696810,5369,5865,496
4680800,8816,N/A,496
1105500,2409,2904,495
2958970,3030,3525,495
3874110,6126,6621,495
2999060,7412,7907,495
1310330,7528,8023,495
3414580,2190,2684,494
3790650,6396,6890,494
2331280,6693,7187,494
940910,7726,8220,494
4157130,8713,9207,494
1426440,8818,N/A,494
1607200,4384,4877,493
2943280,5953,6446,493
1573280,8537,9030,493
1863430,1869,2361,492
2008980,4778,5270,492
2545360,4982,5474,492
1777440,8820,N/A,492
1104380,2823,3314,491
978780,3378,3869,491
3380950,4255,4746,491
3920280,4949,5440,491
2631250,5143,5634,491
1194590,7914,8405,491
906100,3090,3579,489
331160,4254,4743,489
4518500,8823,N/A,489
2658040,6697,7185,488
1239020,5066,5553,487
258180,6296,6783,487
2429050,6822,7309,487
612470,8825,N/A,487
2870350,4046,4532,486
526950,5891,6377,486
3390,7127,7613,486
2657060,4079,4564,485
936190,5772,6257,485
861540,5992,6477,485
1173770,2459,2943,484
1663220,3501,3985,484
2000120,6454,6938,484
2922570,8209,8693,484
2097230,8500,8984,484
4866880,7692,8175,483
4820740,6649,7131,482
579490,8830,N/A,482
4297840,1916,2397,481
4210150,4438,4919,481
3140180,4974,5455,481
768530,7169,7650,481
1045620,4314,4794,480
1355090,6384,6864,480
3989550,7328,7808,480
4126900,7850,8330,480
4135750,8331,8811,480
1088710,2138,2617,479
2318310,2216,2695,479
3699010,4825,5304,479
1388870,7129,7608,479
5035220,7543,8021,478
696170,2329,2806,477
475550,4760,5237,477
3126150,4795,5272,477
1944040,8513,8990,477
1832040,8835,N/A,477
1230530,3166,3642,476
1804010,3415,3891,476
2378088,5273,5749,476
623940,8836,N/A,476
4286120,3466,3941,475
1794780,4869,5344,475
1013140,6588,7063,475
351700,7907,8382,475
2614920,7996,8471,475
1466520,8837,N/A,475
2701440,2055,2529,474
2429860,2724,3198,474
1915380,5116,5590,474
2414550,6232,6706,474
3743240,7848,8322,474
568090,7861,8335,474
2990,4721,5194,473
410890,6231,6704,473
3913000,7384,7857,473
3636930,1875,2347,472
3985670,2339,2811,472
2841650,2534,3006,472
2790330,6089,6561,472
3230590,8840,N/A,472
2734450,3238,3709,471
1173220,5453,5924,471
2238040,8841,N/A,471
1617400,1476,1946,470
267530,4264,4734,470
3028310,3736,4205,469
2870920,2671,3139,468
1740300,3919,4387,468
2348930,4415,4883,468
3708030,4418,4886,468
1491670,4923,5391,468
4596010,6148,6616,468
374190,5269,5736,467
4611360,5570,6037,467
3646460,6763,7230,467
952860,3924,4390,466
4364910,5708,6174,466
3490890,8846,N/A,466
1817800,3786,4251,465
2379390,5642,6107,465
3110070,6370,6835,465
2989950,7521,7986,465
4172690,2800,3263,463
2720950,4318,4781,463
3389200,5133,5596,463
502800,3268,3730,462
319910,5751,6213,462
3116710,5839,6301,462
8000,6737,7199,462
333640,1194,1655,461
4612480,8851,N/A,461
666140,3459,3918,459
782250,5214,5673,459
203750,4098,4556,458
1436990,4480,4938,458
1282410,5636,6094,458
1444300,7630,8088,458
733340,2786,3243,457
4144680,2810,3267,457
3899740,3352,3809,457
2148901,4912,5369,457
1234430,6193,6650,457
3609320,8712,9169,457
1755190,3110,3565,455
3371120,4955,5410,455
3237970,3383,3837,454
518150,5597,6051,454
202530,8215,8669,454
3430450,8858,N/A,454
2067780,2792,3245,453
1278540,5985,6438,453
1998340,2246,2698,452
951440,6111,6563,452
1449200,3445,3896,451
2750080,4507,4958,451
921950,5645,6096,451
1569200,7459,7910,451
4674630,2465,2915,450
1493170,3334,3784,450
369990,5863,6313,450
3905260,6542,6992,450
3228240,6959,7408,449
2536840,7980,8429,449
1574240,1677,2125,448
1173780,2855,3303,448
1304600,8812,9260,448
1065970,8864,N/A,448
250300,7879,8326,447
1704460,5761,6207,446
4660150,6009,6455,446
1836860,7326,7772,446
1188790,7356,7802,446
1937500,3069,3514,445
4159240,3203,3648,445
2172260,5084,5529,445
2199420,6117,6562,445
1741470,7119,7564,445
1536620,7160,7605,445
4353630,8867,N/A,445
1815780,2294,2738,444
2736310,4208,4652,444
1935900,6241,6685,444
4542910,7888,8332,444
4680140,8242,8686,444
1919470,3801,4244,443
1232460,4166,4609,443
2106520,2637,3079,442
3054690,4008,4450,442
1898290,6357,6799,442
1629530,6439,6880,441
431600,8871,N/A,441
3328900,3568,4008,440
4611990,4080,4520,440
2322560,4810,5250,440
5080530,5124,5564,440
872670,1743,2182,439
2824490,3841,4280,439
1620340,5005,5443,438
1859470,5173,5611,438
809880,5916,6354,438
2125090,6738,7176,438
1334040,7482,7920,438
244430,8758,9196,438
3929630,2783,3220,437
1374970,4010,4447,437
249180,5677,6114,437
2961880,6512,6949,437
1502980,7162,7599,437
1581040,7319,7756,437
1685750,4140,4576,436
1635590,8876,N/A,436
1203630,4430,4865,435
2438110,6611,7046,435
1644940,4198,4632,434
451020,6850,7284,434
1397920,8878,N/A,434
495050,4000,4433,433
4674610,3382,3814,432
1415700,3987,4419,432
2741260,4686,5118,432
1253220,5816,6248,432
582540,8880,N/A,432
223593,3827,4258,431
1174640,8881,N/A,431
3575980,1854,2284,430
2128480,2832,3262,430
477740,3580,4010,430
3890520,3503,3932,429
3907350,3536,3965,429
1699710,6259,6688,429
874260,2269,2697,428
977880,3208,3636,428
1404850,4451,4879,428
4373870,7890,8318,428
42670,4743,5170,427
3761870,7566,7993,427
2401860,3348,3774,426
47893,3751,4177,426
1390350,5162,5588,426
625980,5261,5687,426
237630,6713,7139,426
1082190,8886,N/A,426
3237520,2991,3416,425
2417470,3549,3974,425
3571730,4724,5149,425
3504700,5148,5573,425
1622900,7819,8244,425
2517220,8887,N/A,425
1178790,5272,5696,424
4474950,7313,7736,423
2334533,8495,8918,423
1203710,4933,5355,422
2259260,8228,8650,422
2881370,2796,3217,421
1701560,6761,7182,421
4674620,3500,3920,420
644830,4055,4475,420
235900,4909,5329,420
4103460,6129,6549,420
1263240,2162,2580,418
1044620,3929,4347,418
4241920,4108,4526,418
3818000,4916,5334,418
3951490,5026,5444,418
2094810,7018,7436,418
1450900,7252,7670,418
1235754,8473,8891,418
4007340,8894,N/A,418
3590290,1722,2139,417
742420,2485,2902,417
607080,1363,1778,415
1340480,2159,2574,415
1174400,3112,3527,415
3164870,4267,4682,415
2088840,7092,7507,415
3257490,8139,8554,415
4969200,8897,N/A,415
874310,5685,6099,414
3404470,3989,4402,413
2575900,7876,8289,413
2945150,8899,N/A,413
774861,5947,6359,412
4385270,8900,N/A,412
1437400,4700,5111,411
2187920,4845,5256,411
4129630,3829,4239,410
1707990,8081,8491,410
686720,8902,N/A,410
2821610,1522,1931,409
1079260,5301,5710,409
2643040,5463,5872,409
1369690,8903,N/A,409
1034860,4137,4545,408
1205600,5050,5458,408
1776430,5339,5747,408
2608350,5821,6229,408
1420350,8904,N/A,408
3559560,4060,4467,407
2399330,4889,5296,407
2270,6346,6753,407
3077570,8771,9178,407
3056840,8905,N/A,407
668350,6431,6837,406
312540,8019,8425,406
4327530,2762,3166,404
1456210,3145,3549,404
4042800,4049,4453,404
883150,5591,5995,404
2122050,8061,8465,404
964800,3368,3771,403
40990,6493,6896,403
1773800,8817,9220,403
587620,2840,3242,402
2314160,5391,5793,402
3453600,6013,6415,402
3972410,6712,7114,402
3244820,6338,6739,401
4301300,6411,6812,401
5230220,8911,N/A,401
1838750,5054,5454,400
3863760,5126,5526,400
4256690,7892,8292,400
55110,8087,8487,400
3446190,8912,N/A,400
2719750,1765,2163,398
411893,2480,2878,398
952540,7134,7532,398
5033210,8914,N/A,398
65800,1341,1738,397
2183650,3639,4036,397
2069040,5035,5432,397
3476880,7872,8269,397
2726450,8857,9254,397
3212100,8915,N/A,397
4680590,3087,3483,396
1816300,3253,3649,396
3447070,3581,3977,396
909080,4365,4761,396
1321450,4961,5357,396
3218630,8916,N/A,396
1308700,2444,2839,395
3616550,4575,4970,395
1674920,8917,N/A,395
2862840,2960,3354,394
1036890,3669,4063,394
3311670,4142,4536,394
2191950,5372,5766,394
2533960,5740,6134,394
1889890,8918,N/A,394
223594,3727,4120,393
2279440,5510,5903,393
301180,6011,6404,393
3132870,6628,7021,393
622220,2777,3169,392
534550,5586,5977,391
1184760,8921,N/A,391
253110,6908,7297,389
966320,7563,7952,389
2449530,8923,N/A,389
4855450,3598,3986,388
1259980,3683,4071,388
358470,5352,5740,388
4860970,6368,6756,388
1779200,8924,N/A,388
702890,3147,3534,387
2757330,3461,3848,387
4680130,8925,N/A,387
3837350,2692,3078,386
606880,3698,4084,386
2482940,3285,3670,385
909150,4367,4752,385
1658720,4379,4764,385
347212,5970,6355,385
691450,6772,7157,385
1656780,8927,N/A,385
1469610,1622,2006,384
589530,2560,2944,384
4464990,3804,4188,384
3218770,8928,N/A,384
1346010,5899,6282,383
3846580,8929,N/A,383
3774910,6929,7311,382
1235760,8930,N/A,382
2375780,1979,2360,381
1770580,3307,3688,381
1235763,6943,7324,381
3559260,8804,9185,381
1580520,8931,N/A,381
1065310,1811,2191,380
1335560,6330,6710,380
267490,7099,7479,380
3919200,8932,N/A,380
6060,3001,3380,379
9480,4213,4592,379
523000,6871,7250,379
4448490,8587,8966,379
873871,8933,N/A,379
2506580,8064,8442,378
1173810,1974,2351,377
1613280,3252,3628,376
1430190,1701,2076,375
2314820,7314,7689,375
2893880,8937,N/A,375
3516590,2337,2711,374
1457750,8938,N/A,374
2206270,4676,5049,373
2124380,5554,5927,373
1271700,2662,3034,372
359600,4711,5083,372
3027600,6344,6716,372
3555990,7866,8238,372
359510,2935,3306,371
1053680,6973,7344,371
3918090,8941,N/A,371
2399730,3971,4341,370
1983620,4563,4933,370
350690,5177,5547,370
315150,7767,8137,370
3074840,8942,N/A,370
2983250,2350,2719,369
242110,5948,6317,369
2154070,8943,N/A,369
893180,1980,2348,368
2698420,2549,2917,368
2251220,4311,4679,368
3725110,2393,2760,367
4542640,4408,4775,367
223100,4475,4842,367
554000,8945,N/A,367
1293820,1660,2026,366
2076010,2077,2443,366
3764940,2203,2569,366
774801,2260,2626,366
1920480,3009,3375,366
3346620,4105,4471,366
3639470,5144,5510,366
1361000,6579,6945,366
506610,3084,3449,365
2014380,3557,3922,365
3707400,3605,3970,365
506970,3656,4021,365
3150480,4539,4904,365
2386530,5452,5817,365
3313720,8633,8998,365
1555150,8947,N/A,365
2873460,4798,5162,364
1436700,1833,2196,363
1785650,3925,4288,363
1173790,2189,2551,362
1273260,3492,3854,362
3350200,5011,5372,361
1723780,6801,7162,361
3324650,8951,N/A,361
3259600,2790,3150,360
548570,3377,3737,360
1238100,8703,9063,360
3407830,5918,6277,359
2305370,8954,N/A,358
206480,1841,2198,357
1321680,2709,3066,357
2005870,3839,4196,357
434050,5284,5641,357
1483370,8384,8741,357
8500,1391,1747,356
3252020,3969,4325,356
658850,4977,5333,356
3515530,6226,6582,356
2257010,7481,7837,356
1494810,3688,4043,355
4018950,4634,4989,355
2155180,1861,2215,354
744900,4597,4951,354
931280,5152,5506,354
2490990,2347,2700,353
1133000,3982,4335,353
1333200,4562,4915,353
3951650,4674,5027,353
2928410,6118,6471,353
2902050,7080,7433,353
3311490,7421,7773,352
1590760,5764,6115,351
1880330,4808,5158,350
5146200,6998,7348,350
1890120,8962,N/A,350
2496180,2153,2502,349
1259790,2526,2875,349
3244810,3556,3905,349
1079180,5724,6073,349
1411740,7069,7418,349
3278290,2996,3344,348
3871340,4491,4838,347
1419170,714,1060,346
1859910,1326,1672,346
552620,4844,5190,346
1849790,5314,5660,346
2967320,5890,6236,346
1921560,7925,8271,346
1304680,8966,N/A,346
3069120,2349,2694,345
588030,2433,2777,344
2561440,3539,3883,344
4920260,1163,1506,343
1967430,1948,2291,343
1481170,2219,2562,343
2668290,2636,2979,343
3394840,2700,3043,343
1970200,5212,5555,343
3062990,6663,7006,343
1336980,1236,1578,342
1173800,2120,2462,342
2488590,5274,5616,342
3584920,8970,N/A,342
1167450,3165,3506,341
2518960,3842,4183,341
1924360,5662,6003,341
1000360,2601,2941,340
244160,5628,5968,340
243950,7599,7939,340
1932640,739,1078,339
1451480,5129,5468,339
2971610,8135,8474,339
259381,8973,N/A,339
2527390,1732,2070,338
1335830,2075,2413,338
4483830,3671,4009,338
1691190,6720,7058,338
2471970,7755,8093,338
1041720,1520,1857,337
1211600,5419,5756,337
2942950,8373,8710,337
3550700,8438,8775,337
2096600,2241,2577,336
2481020,4866,5202,336
3038800,5732,6068,336
3953520,3138,3473,335
1145960,3812,4147,335
2522910,4728,5063,335
2953480,5071,5406,335
2071500,7064,7399,335
2426120,4746,5080,334
2384075,8419,8753,334
3720420,2853,3186,333
520720,8907,9240,333
1282150,3399,3731,332
1119980,8079,8411,332
2560240,2116,2447,331
1804460,3997,4328,331
2436600,6484,6815,331
1243670,6583,6914,331
1879380,8981,N/A,331
1684350,2023,2353,330
2105620,3096,3426,330
1227650,6739,7069,330
2366980,1668,1997,329
690640,2421,2750,329
2869860,2740,3069,329
2593370,3043,3372,329
3112270,4656,4985,329
2996040,1357,1685,328
3469750,6921,7249,328
4113050,8984,N/A,328
1808680,1736,2063,327
2776090,2782,3109,327
3757310,3158,3485,327
41070,4171,4498,327
2200640,7933,8260,327
1281590,1714,2040,326
532110,2523,2849,326
2361460,3616,3942,326
632350,8307,8633,326
1310990,5065,5390,325
3739110,8182,8507,325
4499420,8621,8946,325
1889040,6615,6939,324
3325500,7072,7396,324
3534790,2232,2555,323
3026450,3218,3541,323
1885110,7391,7714,323
733140,8071,8394,323
1605220,2569,2891,322
332310,3747,4069,322
3657210,5250,5572,322
303310,1594,1915,321
3282470,3192,3513,321
745920,3926,4247,321
384630,6135,6456,321
272270,6814,7135,321
2022670,2537,2857,320
3903700,3246,3566,320
1921490,5287,5607,320
633460,8627,8947,320
1976860,8127,8446,319
640820,1730,2048,318
2272250,2723,3041,318
1221250,5306,5624,318
2650730,8994,N/A,318
3194360,2501,2818,317
2305840,3533,3850,317
2925190,6128,6445,317
1551670,8995,N/A,317
1296830,1788,2104,316
3359740,2573,2889,316
1865970,2593,2909,316
3823590,2632,2948,316
254760,3075,3391,316
1238851,3482,3798,316
1258740,3628,3944,316
2352340,4390,4706,316
3569970,5189,5505,316
4049910,5527,5843,316
3339330,8412,8728,316
3636060,8996,N/A,316
1606340,1558,1873,315
924750,3910,4225,315
1173510,6936,7251,315
4439750,7334,7649,315
3709260,8997,N/A,315
675260,3224,3538,314
536220,4482,4796,314
411830,7473,7787,314
3591360,8998,N/A,314
405900,4280,4593,313
952040,4409,4722,313
4518280,5503,5816,313
1587130,2093,2405,312
4626940,3994,4306,312
239200,4654,4966,312
3126340,6345,6657,312
2312070,6688,7000,312
1454370,3579,3890,311
2786680,4911,5222,311
1941110,7553,7864,311
1432100,8225,8536,311
4372230,8504,8815,311
2351802,9001,N/A,311
2815070,1317,1627,310
1377380,3376,3686,310
1272160,4559,4869,310
514310,9002,N/A,310
985810,462,771,309
1829980,1907,2216,309
867210,2011,2320,309
2676840,2341,2650,309
3762550,5841,6150,309
55100,6607,6916,309
1236720,1717,2025,308
2459550,2067,2375,308
204450,3967,4275,308
3905410,5633,5941,308
3509140,9004,N/A,308
506971,3131,3438,307
1491410,3957,4264,307
583470,4865,5172,307
4369830,7796,8103,307
2793370,8746,9053,307
1681840,9005,N/A,307
3058360,2727,3033,306
3977280,5179,5485,306
994280,6275,6581,306
2016460,2715,3019,304
1997660,3083,3387,304
4207910,3413,3717,304
1869500,5488,5792,304
2583910,8396,8700,304
1538460,9008,N/A,304
12810,5966,6269,303
466560,1399,1701,302
236110,2756,3058,302
2223660,3050,3352,302
4286550,3988,4290,302
4322960,6569,6871,302
2912430,8964,9266,302
1689620,1024,1325,301
406550,2149,2450,301
1574900,5955,6256,301
2938080,6560,6861,301
1807080,8232,8533,301
465980,9011,N/A,301
2230650,2300,2600,300
1022850,2877,3177,300
1353300,3575,3875,300
2669380,3715,4015,300
3308870,4466,4766,300
1295270,4733,5033,300
2313720,5340,5640,300
1640470,9012,N/A,300
2236070,3564,3863,299
3179730,3702,4001,299
3594760,4123,4422,299
4486870,4629,4928,299
3551190,4745,5044,299
1047180,5176,5475,299
425220,5889,6188,299
846110,7006,7305,299
3196180,9013,N/A,299
767930,9014,N/A,298
896010,5693,5990,297
2806770,8798,9095,297
2089600,1187,1483,296
393010,3000,3296,296
3087300,4339,4635,296
702670,4363,4659,296
2459970,6164,6460,296
893680,9016,N/A,296
2446600,2910,3205,295
1088090,4290,4585,295
2737300,5105,5400,295
1148650,5374,5669,295
2254890,1403,1697,294
4425520,9018,N/A,294
1735700,1598,1891,293
4317690,2665,2958,293
3539440,3254,3547,293
3962020,4212,4505,293
2240790,4699,4992,293
2067350,5445,5738,293
1186640,5459,5752,293
2163160,9019,N/A,293
1235747,3436,3728,292
1619300,4510,4802,292
5135340,5267,5559,292
367270,1982,2273,291
3952720,2519,2810,291
1581770,3595,3886,291
2692430,6268,6559,291
2935580,7154,7445,291
1033890,4735,5025,290
507490,5295,5585,290
552440,5882,6172,290
2903950,1155,1444,289
4179010,3773,4062,289
764300,3932,4221,289
3443620,5244,5533,289
311240,6114,6403,289
2092840,6201,6490,289
722730,7043,7332,289
2698940,188,476,288
2235200,1615,1903,288
2458980,2344,2632,288
1782460,2539,2827,288
3470550,4496,4784,288
1244460,1413,1700,287
2362050,1914,2201,287
1675830,2592,2879,287
1798010,2625,2912,287
1182310,3601,3888,287
1458100,4078,4365,287
3533110,9025,N/A,287
2101390,1466,1752,286
736190,2895,3181,286
212630,4019,4305,286
3796270,4720,5006,286
39160,8305,8591,286
4996190,9026,N/A,286
2638370,2436,2721,285
1192900,2862,3147,285
1599330,4252,4537,285
4321500,4335,4620,285
294650,4946,5231,285
2803600,8362,8647,285
2951990,3563,3847,284
363440,3884,4168,284
502820,6287,6571,284
394310,8314,8598,284
3100370,1650,1933,283
2296380,3336,3619,283
1729740,3871,4154,283
1149550,5631,5914,283
525510,6138,6421,283
2179800,1425,1707,282
1733690,1428,1710,282
1147550,2623,2905,282
1939160,3302,3584,282
2507620,4814,5096,282
2383130,5390,5672,282
1235753,5958,6240,282
4282500,160,441,281
2543180,3393,3674,281
715194,3653,3934,281
2453360,4253,4534,281
285740,7783,8064,281
2978610,8479,8760,281
2499470,9031,N/A,281
2697000,1414,1694,280
323470,3981,4261,280
1249770,7721,8001,280
674500,8157,8437,280
1543030,3506,3785,279
4539530,9033,N/A,279
2296990,2693,2971,278
966330,7990,8268,278
4508920,3615,3892,277
2816950,4340,4617,277
477870,5805,6082,277
1546310,7368,7645,277
2955870,9035,N/A,277
3191050,3936,4212,276
1915510,9036,N/A,276
1479730,1831,2106,275
1105510,2250,2525,275
2807150,3716,3991,275
3211120,1523,1797,274
3875050,2298,2572,274
1613281,3956,4230,274
1967650,4085,4359,274
2009100,4511,4785,274
636450,5758,6032,274
39510,6453,6727,274
245470,7398,7672,274
2213700,2813,3086,273
2244130,3183,3456,273
799640,3629,3902,273
962400,3676,3949,273
4355590,9039,N/A,273
2194530,2496,2768,272
233290,5412,5684,272
1564790,5430,5702,272
1055430,5813,6085,272
1286880,6906,7178,272
2835110,7351,7623,272
3314520,8965,9237,272
4962970,9040,N/A,272
1042550,1801,2072,271
113200,3141,3412,271
980830,6096,6367,271
2107850,9041,N/A,271
996770,2650,2920,270
324800,3513,3783,270
1201270,3663,3933,270
1990110,9042,N/A,270
2400430,1173,1442,269
3548850,1755,2023,268
1123450,4035,4303,268
2745870,4874,5142,268
4094120,5583,5851,268
2532480,1763,2030,267
560130,2003,2270,267
1957780,3330,3597,267
1136370,3585,3852,267
3831120,4250,4517,267
5023770,1390,1656,266
586140,1781,2047,266
208200,1929,2195,266
2365810,3010,3276,266
2445990,3335,3601,266
1176470,1137,1402,265
65540,2932,3197,265
899440,3035,3300,265
292320,6175,6440,265
1484900,7986,8251,265
1016920,2352,2616,264
400910,6144,6408,264
2485190,9048,N/A,264
1585180,1779,2042,263
1643310,2106,2369,263
4901260,2966,3229,263
2776900,3792,4055,263
2328540,5010,5273,263
2224690,6953,7216,263
3419220,7615,7878,263
843260,8021,8284,263
282510,8046,8309,263
1148590,3294,3556,262
1947910,3651,3913,262
375910,5003,5265,262
1102130,6058,6320,262
1641650,7333,7595,262
4280860,8057,8319,262
1955830,2678,2939,261
246580,3521,3782,261
4110940,4101,4362,261
3498270,5801,6062,261
3282390,6591,6852,261
1571440,7117,7378,261
1720820,7161,7422,261
1235741,3876,4136,260
1674010,4864,5124,260
2551920,9052,N/A,260
3642010,4224,4483,259
31810,8869,9128,259
2384074,9053,N/A,259
1669980,1557,1815,258
2794590,2780,3038,258
373370,9054,N/A,258
499180,2155,2412,257
1201540,3171,3428,257
2322380,9055,N/A,257
4610100,3290,3546,256
1718870,4283,4539,256
883360,7957,8213,256
344850,9056,N/A,256
2686630,2890,3145,255
1063660,3266,3521,255
4742660,8354,8609,255
2375550,1427,1681,254
3755320,3986,4240,254
601840,4882,5136,254
1444350,5388,5642,254
1018020,6094,6348,254
3524160,6535,6789,254
3199360,6920,7174,254
1200720,8745,8999,254
1946970,9058,N/A,254
1307580,1892,2145,253
2836860,9059,N/A,253
750130,1507,1759,252
459820,1516,1768,252
2238900,1612,1864,252
1538550,1941,2193,252
2452080,4016,4268,252
3087320,4396,4648,252
3811390,9060,N/A,252
3087310,4389,4640,251
3887090,5950,6201,251
1295500,1407,1657,250
851100,3353,3603,250
297130,3748,3998,250
3419910,4168,4418,250
1265820,4394,4644,250
4139720,9062,N/A,250
3119540,2821,3070,249
1975440,3106,3355,249
2991180,3587,3836,249
2153350,3153,3401,248
747610,5883,6131,248
3265070,7354,7602,248
321290,9064,N/A,248
4424610,3553,3800,247
3087350,4399,4646,247
4164900,5076,5323,247
356570,5547,5794,247
2590060,5620,5867,247
4409870,6730,6977,247
2353722,6948,7195,247
4612850,9065,N/A,247
3276050,2746,2992,246
3802450,2748,2994,246
1836560,3618,3864,246
767560,506,751,245
1194630,2304,2549,245
712640,2977,3222,245
627390,3524,3769,245
3568460,6378,6623,245
2408820,1444,1688,244
2140610,1885,2129,244
1061090,2725,2969,244
233740,5414,5658,244
490650,7249,7493,244
711660,9068,N/A,244
2945630,3476,3719,243
3576870,5085,5328,243
1062520,1564,1806,242
254800,4164,4406,242
3777620,4832,5074,242
2712950,5015,5257,242
47897,6999,7241,242
4179380,9070,N/A,242
3362550,2481,2722,241
2026000,3177,3418,241
3990820,3467,3708,241
6030,6467,6708,241
572430,7585,7826,241
1898300,2488,2728,240
2983890,4067,4307,240
2697800,3754,3993,239
1780070,8643,8882,239
341040,9073,N/A,239
577940,3360,3598,238
1343240,3528,3766,238
3966890,4692,4930,238
1337010,5564,5802,238
2272900,6806,7044,238
265300,9074,N/A,238
3142540,2108,2345,237
2429270,4177,4414,237
3936520,4541,4778,237
3109650,9075,N/A,237
238010,2769,3005,236
282470,3079,3315,236
1755920,3287,3523,236
3151760,4774,5010,236
4499370,5197,5433,236
1843540,6733,6969,236
3051470,8028,8264,236
960310,8446,8682,236
1658290,9076,N/A,236
1173820,1497,1732,235
1658150,2857,3092,235
1954420,3481,3716,235
2413950,3490,3725,235
543460,3686,3921,235
794800,5687,5922,235
2316580,7667,7902,235
223830,8212,8447,235
494840,1384,1618,234
1309950,2767,3001,234
3412160,2784,3018,234
5070310,4404,4638,234
1983900,4682,4916,234
2282100,5395,5629,234
3954010,7331,7565,234
2963950,800,1033,233
1382330,1443,1676,233
3087290,4378,4611,233
2658450,1188,1420,232
1996840,1847,2079,232
1610440,2627,2859,232
223598,5100,5332,232
1343070,1124,1355,231
1178490,1518,1749,231
261030,3534,3765,231
1181550,3938,4169,231
337340,4082,4313,231
3232380,5983,6214,231
2617700,6325,6556,231
3845830,6502,6733,231
3405160,6878,7109,231
242120,9081,N/A,231
1071870,1992,2222,230
2427741,3621,3851,230
434650,4195,4425,230
3503710,4787,5017,230
3716600,5067,5297,230
1243850,1776,2005,229
571740,2018,2247,229
1056960,2024,2253,229
3878440,2556,2785,229
4647130,4885,5114,229
2451100,5615,5844,229
3287520,1244,1472,228
1696770,1329,1557,228
2159210,4523,4751,228
4031150,6539,6767,228
1017030,8577,8805,228
809890,9084,N/A,228
1818450,328,555,227
2542120,2168,2395,227
4348660,3684,3911,227
940220,4831,5058,227
1225580,9085,N/A,227
1358700,1050,1276,226
2411231,1958,2184,226
333420,2375,2601,226
415200,3179,3405,226
2707940,6017,6243,226
3987560,7711,7937,226
4500270,7954,8180,226
1823390,9086,N/A,226
2787320,1840,2065,225
569480,3320,3545,225
3532180,4393,4618,225
481090,4959,5184,225
1846330,6603,6828,225
3168310,7842,8067,225
572890,2452,2676,224
1651560,2871,3095,224
3447040,3292,3516,224
3087330,4413,4637,224
1425350,5121,5345,224
3651190,6071,6295,224
2518750,7302,7526,224
1290750,9088,N/A,224
2254740,2263,2486,223
2464280,2316,2539,223
1970030,4293,4516,223
2780800,5184,5407,223
384110,5702,5925,223
1497460,8860,9083,223
4211520,2427,2649,222
1903620,3121,3343,222
547502,3422,3644,222
1769830,3489,3711,222
1566390,4585,4807,222
1400660,5113,5335,222
3731510,6897,7119,222
229890,8058,8280,222
920840,9090,N/A,222
470220,1438,1659,221
434170,1824,2045,221
1205520,2081,2302,221
2706020,2424,2645,221
57300,2492,2713,221
1889740,6073,6294,221
2597970,6557,6778,221
2694420,6602,6823,221
2977620,7579,7800,221
2396990,1144,1364,220
2175540,1582,1802,220
1920780,3576,3796,220
321800,3896,4116,220
1033420,4323,4543,220
12140,2209,2428,219
206420,2833,3052,219
2464650,4612,4831,219
1462570,4878,5097,219
2797340,8496,8715,219
377840,1623,1841,218
1649950,2323,2541,218
3915140,7089,7307,218
2359470,9094,N/A,218
2100431,1212,1429,217
1621310,3072,3289,217
8190,3522,3739,217
569860,4304,4521,217
1086480,5304,5521,217
979120,9095,N/A,217
1017900,2869,3085,216
983870,2886,3102,216
435120,3772,3988,216
1492680,4337,4553,216
3247750,1651,1866,215
447020,4217,4432,215
3047140,4485,4700,215
2678990,4487,4702,215
3087260,4673,4888,215
2132560,9097,N/A,215
985890,1897,2111,214
1288460,3093,3307,214
1240630,4857,5071,214
4292950,5147,5361,214
4944070,5529,5743,214
384180,7495,7709,214
609110,8654,8868,214
2382762,9098,N/A,214
3124340,1088,1301,213
3410470,1218,1431,213
2090390,2311,2524,213
520440,2770,2983,213
3302470,2817,3030,213
1864690,7138,7351,213
718670,1921,2133,212
2721890,2950,3162,212
1225560,2973,3185,212
2212330,1625,1836,211
1125240,1783,1994,211
485510,2218,2429,211
999020,2742,2953,211
3655150,2983,3194,211
1421250,3512,3723,211
3220060,4303,4514,211
860950,4348,4559,211
2160480,7349,7560,211
1296360,9101,N/A,211
3717340,1132,1342,210
445220,2225,2435,210
1344680,3295,3505,210
2118560,3744,3954,210
1227690,4740,4950,210
2455690,6635,6845,210
1161370,9102,N/A,210
2072560,1003,1212,209
2243710,2476,2685,209
2819520,3235,3444,209
386070,3707,3916,209
3872920,4163,4372,209
1492070,4737,4946,209
1648390,6639,6848,209
1630110,9103,N/A,209
3341650,3499,3707,208
602520,3895,4103,208
667720,5210,5418,208
558420,7061,7269,208
6910,4154,4361,207
3480990,4884,5091,207
3987810,5820,6027,207
3036080,7232,7439,207
1051620,7983,8190,207
1845910,1283,1489,206
260210,4061,4267,206
1016950,4150,4356,206
49540,5303,5509,206
1579992,6235,6441,206
587100,7500,7706,206
919051,9106,N/A,206
436780,1424,1629,205
3862670,2072,2277,205
2640950,2296,2501,205
3022980,2879,3084,205
1989760,9107,N/A,205
2478970,1089,1293,204
1701060,2988,3192,204
650760,5998,6202,204
2791440,7247,7451,204
2178590,7979,8183,204
2287330,2753,2956,203
587430,2865,3068,203
895491,3626,3829,203
1463090,4847,5050,203
1238020,6021,6224,203
1868360,6540,6743,203
3828500,9109,N/A,203
2017620,7717,7919,202
1226670,9110,N/A,202
2414270,1919,2120,201
1079800,2085,2286,201
586200,2109,2310,201
2742710,3046,3247,201
4538960,3781,3982,201
896520,4793,4994,201
2395770,5266,5467,201
865820,6163,6364,201
1211630,1506,1706,200
2663530,2648,2848,200
3469800,2917,3117,200
1238070,3942,4142,200
2510960,5545,5745,200
4637870,6038,6238,200
1330430,5217,5416,199
5108990,8983,9182,199
3075500,3070,3268,198
247430,4987,5185,198
2841770,9114,N/A,198
1608070,654,851,197
1762930,2484,2681,197
744190,2944,3141,197
3768390,4582,4779,197
3874280,4677,4874,197
3087220,4985,5182,197
4129100,5622,5819,197
428660,6034,6231,197
2096570,9115,N/A,197
552990,113,309,196
4218170,2565,2761,196
1755580,5169,5365,196
3467710,5404,5600,196
537800,5971,6167,196
275390,8116,8312,196
825630,2041,2236,195
2067210,3928,4123,195
1152340,6931,7126,195
977610,3433,3627,194
241260,5259,5453,194
2836990,5342,5536,194
471550,7640,7834,194
4661240,8884,9078,194
2214220,9118,N/A,194
1540210,1168,1361,193
387020,1748,1941,193
847370,2585,2778,193
2382520,3447,3640,193
3444020,3859,4052,193
3077590,4102,4295,193
1870300,3167,3359,192
1252830,6765,6957,192
2869590,9120,N/A,192
2217000,811,1002,191
332950,2307,2498,191
728530,5172,5363,191
3133060,7657,7848,191
4479970,8365,8556,191
1420290,2916,3106,190
1097840,3365,3555,190
895493,3607,3797,190
2146170,3914,4104,190
2236950,4155,4345,190
3084280,5775,5965,190
994730,6100,6290,190
1662380,6449,6639,190
2144481,6701,6891,190
2396980,782,971,189
4141950,1232,1421,189
740130,1365,1554,189
2428810,3264,3453,189
2510770,4537,4726,189
3087240,4979,5168,189
1058020,5059,5248,189
15300,6218,6407,189
1696720,6653,6842,189
3500880,7322,7511,189
257370,7339,7528,189
4117730,7569,7758,189
2100430,1771,1959,188
942970,2080,2268,188
19900,2128,2316,188
1580240,2464,2652,188
755500,5598,5786,188
282512,5884,6072,188
949290,5892,6080,188
2977430,9124,N/A,188
319630,1313,1500,187
1933390,1977,2164,187
292120,1983,2170,187
2744880,2110,2297,187
265550,2217,2404,187
2106840,2293,2480,187
1245150,3333,3520,187
895492,3625,3812,187
1502970,4281,4468,187
3166810,6398,6585,187
1238102,7863,8050,187
102600,9125,N/A,187
5087960,2181,2367,186
1055540,2290,2476,186
1257030,4315,4501,186
3447720,6313,6499,186
3653790,9126,N/A,186
610370,2892,3077,185
1429850,3029,3214,185
2756930,3424,3609,185
1426450,4387,4572,185
4786250,8874,9059,185
228380,1580,1764,184
1140120,9128,N/A,184
3339880,1936,2119,183
1059990,2754,2937,183
775500,2939,3122,183
4181640,8875,9058,183
4680710,9129,N/A,183
3199780,1415,1597,182
1911610,1432,1614,182
4742640,2123,2305,182
2453160,2489,2671,182
248390,3312,3494,182
2918310,3468,3650,182
331600,7438,7620,182
1700270,3502,3683,181
827240,5375,5556,181
3014080,1638,1818,180
619820,1881,2061,180
758870,2025,2205,180
2825530,2118,2298,180
2582140,2279,2459,180
2779120,3039,3219,180
282515,5867,6047,180
2342040,6362,6542,180
1346840,7113,7293,180
5254320,9132,N/A,180
3578070,2644,2823,179
3202030,3118,3297,179
868422,4493,4672,179
4044670,4525,4704,179
301910,5063,5242,179
4611370,5930,6109,179
223810,8066,8245,179
1272840,8592,8771,179
249050,9133,N/A,179
13520,2510,2688,178
1499120,3586,3764,178
3023000,3939,4117,178
2210,4364,4542,178
1975520,9134,N/A,178
1990040,2903,3080,177
2866670,3434,3611,177
4962010,3708,3885,177
219890,4012,4189,177
1905970,7379,7556,177
4111370,2227,2403,176
1388590,2342,2518,176
798460,2533,2709,176
3204800,3527,3703,176
699170,5481,5657,176
7800,6434,6610,176
3396400,8578,8754,176
787480,628,803,175
1641700,1676,1851,175
1622770,6521,6696,175
3129150,8246,8421,175
1101790,9137,N/A,175
3594460,3113,3287,174
1357372,8101,8275,174
213610,1791,1964,173
2669360,3229,3402,173
266930,6303,6476,173
3562120,1362,1534,172
3558670,1993,2165,172
2658510,2222,2394,172
1337860,2572,2744,172
2370570,3003,3175,172
1709880,4546,4718,172
3469850,6307,6479,172
2201710,9140,N/A,172
1120320,2934,3105,171
3572140,3732,3903,171
2140440,5492,5663,171
39150,5825,5996,171
3874950,9063,9234,171
638230,1689,1859,170
2340130,2872,3042,170
3979530,3597,3767,170
2091330,4001,4171,170
1671360,9142,N/A,170
2893570,622,791,169
2475490,1225,1394,169
233270,1807,1976,169
939850,2183,2352,169
231200,3117,3286,169
597820,3745,3914,169
250260,3794,3963,169
3872650,9143,N/A,169
2814990,1354,1522,168
622650,3114,3282,168
1858650,3494,3662,168
2011780,6233,6401,168
798490,7798,7966,168
2001013,9144,N/A,168
5044770,1293,1460,167
990380,2385,2552,167
2665680,3612,3779,167
589780,4570,4737,167
274500,4838,5005,167
911930,5358,5525,167
2695270,8982,9149,167
3717330,1082,1248,166
2873080,2707,2873,166
900040,4835,5001,166
4158870,5557,5723,166
4939950,9146,N/A,166
2644470,1223,1388,165
29720,1367,1532,165
4112070,3813,3978,165
1030210,5548,5713,165
4850,7741,7906,165
1902960,1208,1372,164
1887840,1387,1551,164
1509960,1611,1775,164
1337520,2266,2430,164
925930,7786,7950,164
1594940,876,1039,163
1456180,1058,1221,163
2833580,1747,1910,163
2313550,2971,3134,163
2502910,4300,4463,163
1827650,6671,6834,163
2313320,9149,N/A,163
2288350,1430,1592,162
677160,1685,1847,162
1647550,2089,2251,162
708770,2563,2725,162
2427742,3872,4034,162
1138850,3873,4035,162
3607430,9150,N/A,162
1481080,1248,1409,161
1324340,3953,4114,161
852910,6821,6982,161
2552440,2136,2296,160
2529790,3318,3478,160
3050220,4548,4708,160
2903560,5862,6022,160
318521,6018,6178,160
268650,6613,6773,160
4005300,8164,8324,160
2595860,9152,N/A,160
1663850,688,847,159
821250,1624,1783,159
350080,1903,2062,159
383150,2401,2560,159
4156580,4934,5093,159
1472560,5382,5541,159
345370,9153,N/A,159
1282270,1172,1330,158
593600,1703,1861,158
621060,4069,4227,158
4450800,4436,4594,158
350640,5626,5784,158
1142830,5651,5809,158
1592280,7988,8146,158
804490,9154,N/A,158
2285550,1121,1278,157
594330,1514,1671,157
1451090,1593,1750,157
648100,1688,1845,157
367500,2198,2355,157
557600,2297,2454,157
1545560,2376,2533,157
1277930,2669,2826,157
1582650,3737,3894,157
2458530,1429,1585,156
440820,3095,3251,156
1705180,3154,3310,156
914800,3191,3347,156
2294660,4942,5098,156
1004750,4964,5120,156
4345470,5803,5959,156
1613285,7420,7576,156
282511,8322,8478,156
3839300,8716,8872,156
2325281,9156,N/A,156
1328840,2541,2696,155
4490120,3398,3553,155
40700,3409,3564,155
1590910,3421,3576,155
1406990,4221,4376,155
1279510,5584,5739,155
3726370,9157,N/A,155
291550,203,357,154
667970,1371,1525,154
3181500,1951,2105,154
2208350,2122,2276,154
12130,3181,3335,154
1449280,3753,3907,154
1487210,3775,3929,154
1560250,3892,4046,154
555220,4698,4852,154
868420,7505,7659,154
4041630,8882,9036,154
1257570,9061,9215,154
1228520,9158,N/A,154
2347080,947,1100,153
1009850,3880,4033,153
2678080,4338,4491,153
1967260,4704,4857,153
1551530,6260,6413,153
1421790,7958,8111,153
505230,3085,3237,152
4794830,3511,3663,152
1579991,5480,5632,152
412830,1524,1675,151
1996010,1604,1755,151
1763250,2712,2863,151
1701520,3411,3562,151
1867530,3758,3909,151
1669420,3766,3917,151
3247030,4028,4179,151
1371720,4106,4257,151
1078350,4620,4771,151
3929760,7496,7647,151
2882440,8631,8782,151
247970,820,970,150
4468030,1195,1345,150
3631290,1699,1849,150
2096610,2092,2242,150
2120900,3317,3467,150
1750770,4589,4739,150
282513,5898,6048,150
611660,1517,1666,149
4096360,2345,2494,149
4997500,2461,2610,149
55230,2642,2791,149
2918500,3124,3273,149
1697700,3276,3425,149
4271160,3555,3704,149
4710010,4637,4786,149
3087270,4749,4898,149
2440490,8471,8620,149
3709430,1569,1717,148
2564910,2286,2434,148
2805510,2982,3130,148
2962300,3241,3389,148
3133650,3647,3795,148
938560,6975,7123,148
1456820,7509,7657,148
2474940,7544,7692,148
237850,9164,N/A,148
1448440,1640,1787,147
1012880,1352,1498,146
2383200,1686,1832,146
2255370,1853,1999,146
2820820,2878,3024,146
674140,3103,3249,146
1562420,6321,6467,146
1398770,7125,7271,146
2442020,8403,8549,146
12320,9166,N/A,146
2377280,1792,1937,145
1201360,2655,2800,145
1606180,3830,3975,145
400551,8484,8629,145
2830030,1202,1346,144
238460,1666,1810,144
2897700,1704,1848,144
3527760,1752,1896,144
2001070,2324,2468,144
333600,2750,2894,144
1303184,2968,3112,144
341940,4305,4449,144
1151440,5753,5897,144
7110,7227,7371,144
2144761,8494,8638,144
35130,9168,N/A,144
1295510,951,1094,143
3639070,1827,1970,143
814000,2411,2554,143
2397320,2847,2990,143
2626940,4486,4629,143
13500,4524,4667,143
2342310,4706,4849,143
3991720,6215,6358,143
442051,7195,7338,143
1768280,7406,7549,143
1677310,1242,1384,142
2902170,4666,4808,142
2304400,4900,5042,142
1632320,9170,N/A,142
4128580,1239,1380,141
3935020,1759,1900,141
2579670,3917,4058,141
2292260,4025,4166,141
2605790,1045,1185,140
4255580,1525,1665,140
3543180,1976,2116,140
4044660,3955,4095,140
1228810,6559,6699,140
1121580,6987,7127,140
1797880,9172,N/A,140
2669410,1051,1190,139
363890,1652,1791,139
1267540,2302,2441,139
1942100,6291,6430,139
3324610,9173,N/A,139
1235720,2233,2371,138
770810,4037,4175,138
3087280,4417,4555,138
1927720,4678,4816,138
1084600,1007,1144,137
2608270,1591,1728,137
3022990,3877,4014,137
686200,4997,5134,137
1299530,5579,5716,137
446800,6008,6145,137
3516180,8378,8515,137
4242040,8449,8586,137
2187220,1289,1425,136
2221920,1375,1511,136
17440,2834,2970,136
2348450,8113,8249,136
1677970,8572,8708,136
555880,9176,N/A,136
578330,2418,2553,135
254780,2958,3093,135
1622941,3355,3490,135
1420300,3538,3673,135
40800,3789,3924,135
282516,5939,6074,135
1839940,6409,6544,135
1346020,8873,9008,135
1456880,9177,N/A,135
2058180,1345,1479,134
895490,3700,3834,134
2100,5810,5944,134
1619520,9178,N/A,134
3828610,5443,5576,133
678800,6759,6892,133
3937550,726,858,132
233450,1117,1249,132
5085740,1279,1411,132
887380,2559,2691,132
1868180,3370,3502,132
1424330,3431,3563,132
3087440,4236,4368,132
976390,4736,4868,132
1229020,5349,5481,132
1907450,5361,5493,132
564791,5506,5638,132
555950,1084,1215,131
610180,2483,2614,131
1359980,2544,2675,131
896000,4095,4226,131
1416420,4180,4311,131
367450,4729,4860,131
2367860,4821,4952,131
1062110,6006,6137,131
606160,928,1058,130
692850,1944,2074,130
2416100,3645,3775,130
1843090,6732,6862,130
408410,7190,7320,130
4821420,9182,N/A,130
489630,930,1059,129
967050,1937,2066,129
1691970,3493,3622,129
4252290,3604,3733,129
1034940,6862,6991,129
3521410,7233,7362,129
3933550,7602,7731,129
3347400,453,581,128
329050,1091,1219,128
1361510,1284,1412,128
1475810,1987,2115,128
2441700,2040,2168,128
537110,5720,5848,128
2355150,6181,6309,128
1369630,1416,1543,127
3936530,2184,2311,127
1608230,2577,2704,127
3219180,4684,4811,127
802880,4685,4812,127
461242,5736,5863,127
801860,6782,6909,127
1190400,7463,7590,127
1588550,369,495,126
4198660,1281,1407,126
683320,1724,1850,126
3242950,2021,2147,126
512540,2584,2710,126
4249850,6432,6558,126
3669740,9186,N/A,126
4833450,916,1041,125
1874000,1249,1374,125
1047440,4891,5016,125
304930,5146,5271,125
3316350,5995,6120,125
3750770,6662,6787,125
819020,8448,8573,125
882710,9187,N/A,125
3948510,722,846,124
2933130,914,1038,124
1705820,1142,1266,124
1150440,1848,1972,124
1242980,3064,3188,124
2842800,3100,3224,124
1164110,5818,5942,124
2689210,736,859,123
304050,2805,2928,123
1182620,3047,3170,123
2271930,3667,3790,123
19000,3975,4098,123
1904860,4251,4374,123
1601570,698,820,122
846470,2097,2219,122
512900,2776,2898,122
3376990,7112,7234,122
1162560,9190,N/A,122
860510,710,831,121
2916430,1872,1993,121
447530,1896,2017,121
1609230,1933,2054,121
1235745,2646,2767,121
1637330,5447,5568,121
667610,8829,8950,121
3061810,932,1052,120
527230,2696,2816,120
250180,9192,N/A,120
3717070,425,544,119
2378900,957,1076,119
2756920,1480,1599,119
4095900,2567,2686,119
1125020,3451,3570,119
242680,4018,4137,119
5101150,7157,7276,119
1011390,9193,N/A,119
2333000,259,377,118
2176130,1830,1948,118
1283410,2211,2329,118
1338490,7679,7797,118
1338840,9194,N/A,118
1552550,1103,1220,117
1164940,1360,1477,117
1840080,2285,2402,117
2836460,6103,6220,117
458770,8574,8691,117
3536670,9051,9168,117
2052410,708,824,116
2005010,821,937,116
936790,1508,1624,116
3966020,2703,2819,116
1341820,4170,4286,116
1541370,5161,5277,116
2430390,5514,5630,116
1841240,8684,8800,116
3336620,9196,N/A,116
4075620,675,790,115
448510,747,862,115
420530,1247,1362,115
1188930,1473,1588,115
1607680,1778,1893,115
3226530,3417,3532,115
970570,4145,4260,115
2518240,5407,5522,115
268990,9197,N/A,115
359390,831,945,114
1203190,1099,1213,114
1262560,1196,1310,114
5246160,2017,2131,114
2695150,2142,2256,114
4643090,2652,2766,114
3191030,3239,3353,114
260230,3993,4107,114
503580,4359,4473,114
4847610,6976,7090,114
1311070,6994,7108,114
2633870,9003,9117,114
2634890,1060,1173,113
1018010,1671,1784,113
247080,2303,2416,113
2243210,2437,2550,113
3242750,3301,3414,113
2682670,3395,3508,113
16810,3893,4006,113
423230,4449,4562,113
858810,4860,4973,113
4251370,6939,7052,113
2963880,7870,7983,113
3884150,8227,8340,113
1383640,9199,N/A,113
286690,846,958,112
3238470,1176,1288,112
3448650,1740,1852,112
1413480,1899,2011,112
704450,2210,2322,112
211820,2676,2788,112
1744330,4015,4127,112
1004770,4850,4962,112
4570,5016,5128,112
250620,5659,5771,112
323500,8978,9090,112
2157830,845,956,111
1637320,972,1083,111
2725260,1220,1331,111
2863640,1332,1443,111
475150,1928,2039,111
1158850,2394,2505,111
1281040,2528,2639,111
241600,6944,7055,111
41500,7843,7954,111
337000,1617,1727,110
2289750,2231,2341,110
1207650,2761,2871,110
258460,6188,6298,110
2794830,7023,7133,110
2513280,611,720,109
3904850,888,997,109
1128920,1126,1235,109
4114070,1419,1528,109
3528450,1500,1609,109
2377930,2947,3056,109
34870,6659,6768,109
3401490,8952,9061,109
1875830,559,667,108
1096900,571,679,108
2073250,977,1085,108
2914150,1215,1323,108
2561450,2182,2290,108
2844850,3242,3350,108
2407270,1043,1150,107
360430,1104,1211,107
517630,1243,1350,107
2699820,1692,1799,107
2300840,2897,3004,107
3607440,2930,3037,107
464060,3028,3135,107
300550,6816,6923,107
1956600,7519,7626,107
2717880,1275,1381,106
1865950,3847,3953,106
2679100,624,729,105
1904480,886,991,105
1715130,2340,2445,105
1497440,2439,2544,105
287980,2948,3053,105
2657100,3260,3365,105
434460,5357,5462,105
3331320,9207,N/A,105
3681010,442,546,104
951240,1408,1512,104
470310,3291,3395,104
2973120,3300,3404,104
1516480,9208,N/A,104
2272360,596,699,103
2749950,1493,1596,103
3804850,1633,1736,103
2080690,1880,1983,103
4950470,2599,2702,103
302510,2602,2705,103
2453660,4670,4773,103
3080050,9209,N/A,103
3117820,676,778,102
851850,732,834,102
813230,1086,1188,102
55150,1348,1450,102
2597080,1797,1899,102
3583210,3384,3486,102
2651350,4308,4410,102
425580,5440,5542,102
2796180,6160,6262,102
1584090,847,948,101
2525380,1021,1122,101
386180,1366,1467,101
311770,1785,1886,101
1602010,2007,2108,101
1299460,2073,2174,101
234080,2126,2227,101
978300,2133,2234,101
2380030,2497,2598,101
3756010,3278,3379,101
1517030,3578,3679,101
589360,3714,3815,101
277590,4004,4105,101
1498130,5360,5461,101
1840650,8805,8906,101
2455640,537,637,100
287390,818,918,100
3035120,1474,1574,100
2291850,3184,3284,100
41000,7677,7777,100
4132330,1245,1344,99
4078590,1460,1559,99
4001350,2371,2470,99
4668890,3739,3838,99
2450860,8700,8799,99
673750,762,860,98
3014320,781,879,98
3189340,881,979,98
2682660,1482,1580,98
239250,1829,1927,98
504210,3173,3271,98
2447000,4454,4552,98
3195300,5239,5337,98
6850,5338,5436,98
678960,1148,1245,97
613830,1628,1725,97
1622940,3403,3500,97
4600500,4732,4829,97
3559250,4738,4835,97
240760,5163,5260,97
916250,1595,1691,96
1699480,1607,1703,96
1456860,1750,1846,96
375480,1878,1974,96
1127500,1972,2068,96
3579790,2468,2564,96
2214830,2612,2708,96
1348660,3107,3203,96
2401970,1263,1358,95
1293160,2955,3050,95
108726,4257,4352,95
2836100,6054,6149,95
3371770,6522,6617,95
3734290,6839,6934,95
1159420,8255,8350,95
201810,960,1054,94
394510,1312,1406,94
5099430,3319,3413,94
4487840,6571,6665,94
3679080,365,458,93
3920610,952,1045,93
45760,1342,1435,93
3046600,1741,1834,93
2873660,1884,1977,93
3377850,2318,2411,93
345350,2714,2807,93
3979330,2873,2966,93
1281630,4402,4495,93
2936310,5913,6006,93
1025250,9219,N/A,93
850190,911,1003,92
2356560,1539,1631,92
1836730,2737,2829,92
511680,3547,3639,92
1823950,3836,3928,92
3872930,4904,4996,92
2101350,7303,7395,92
248820,8233,8325,92
447150,9220,N/A,92
1934570,834,925,91
801800,848,939,91
245170,1531,1622,91
2224460,1592,1683,91
1978590,1787,1878,91
2303350,3668,3759,91
1760030,5859,5950,91
2072450,723,813,90
3483510,899,989,90
996580,1040,1130,90
1158100,1547,1637,90
710920,2288,2378,90
3861710,2816,2906,90
214870,6667,6757,90
2951770,7748,7838,90
3743110,9222,N/A,90
829110,1572,1661,89
3258290,3053,3142,89
4131660,3390,3479,89
1531471,9223,N/A,89
413420,601,689,88
5036130,647,735,88
2751000,700,788,88
1113410,1335,1423,88
835670,1364,1452,88
2051120,1859,1947,88
1959430,2002,2090,88
1953520,2319,2407,88
509350,4580,4668,88
1548180,9224,N/A,88
1030840,779,866,87
221680,1267,1354,87
1385380,2115,2202,87
2521380,2161,2248,87
4656700,2397,2484,87
510420,6802,6889,87
1340130,8165,8252,87
3405690,879,965,86
1382070,1246,1332,86
4741040,2420,2506,86
2982610,2498,2584,86
3088700,3341,3427,86
3496000,4856,4942,86
2111170,4913,4999,86
4621250,6225,6311,86
251990,9226,N/A,86
1909950,1280,1365,85
22330,1627,1712,85
1493640,1910,1995,85
488310,2257,2342,85
208580,2781,2866,85
820630,3614,3699,85
2533600,4121,4206,85
2290000,5254,5339,85
1341290,748,832,84
2307350,1256,1340,84
3693650,1908,1992,84
1443200,1943,2027,84
3314340,1989,2073,84
2169090,3044,3128,84
3142400,3903,3987,84
1484720,4791,4875,84
2377001,5224,5308,84
60,6020,6104,84
380600,507,590,83
746850,997,1080,83
312840,1147,1230,83
544750,1678,1761,83
4331610,2846,2929,83
4354810,3665,3748,83
3700760,3785,3868,83
3054820,5477,5560,83
3879880,6099,6182,83
2742830,910,992,82
3976900,2251,2333,82
1240210,2605,2687,82
3124580,5844,5926,82
3296830,6969,7051,82
4018550,7992,8074,82
477160,277,358,81
815370,575,656,81
1592190,725,806,81
1324970,1963,2044,81
33220,3646,3727,81
559650,3819,3900,81
515180,5174,5255,81
1788100,5757,5838,81
2624870,623,703,80
1336490,730,810,80
2660460,2107,2187,80
2700600,2391,2471,80
1670870,2507,2587,80
212200,2576,2656,80
3122460,5754,5834,80
3185890,9232,N/A,80
1113560,540,619,79
460950,1294,1373,79
4010590,3081,3160,79
3042220,3980,4059,79
19980,5156,5235,79
251290,5285,5364,79
334540,7345,7424,79
4427430,8025,8104,79
3917090,646,724,78
2536520,812,890,78
1237320,1129,1207,78
32330,2157,2235,78
3939430,3201,3279,78
1025600,4351,4429,78
2860590,4646,4724,78
24240,5603,5681,78
4280940,6273,6351,78
209812,7769,7847,78
2369900,583,660,77
368500,752,829,77
4893490,2064,2141,77
512032,4615,4692,77
528230,5735,5812,77
611760,8429,8506,77
2345020,9235,N/A,77
424840,718,794,76
203160,907,983,76
837470,998,1074,76
3950130,1036,1112,76
986130,1571,1647,76
2536180,1729,1805,76
3216500,2470,2546,76
3094010,3570,3646,76
1502990,6890,6966,76
3994680,7941,8017,76
865830,8953,9029,76
3008740,1111,1186,75
222480,1210,1285,75
2211170,1555,1630,75
3949550,2034,2109,75
2530470,2100,2175,75
757310,3219,3294,75
13600,4528,4603,75
792120,6843,6918,75
1274570,667,741,74
4384550,1092,1166,74
3259120,1529,1603,74
1937780,1720,1794,74
2678830,4349,4423,74
2165710,6643,6717,74
2742280,7008,7082,74
1574820,1108,1181,73
3417850,1120,1193,73
1634860,2922,2995,73
2692400,3002,3075,73
1410640,3999,4072,73
4241680,7130,7203,73
343460,7759,7832,73
2775370,9239,N/A,73
1812370,1812,1884,72
2582320,1815,1887,72
3357960,2009,2081,72
4921760,2277,2349,72
451340,2351,2423,72
282514,5961,6033,72
2187930,6264,6336,72
1611600,500,571,71
567640,597,668,71
5020310,625,696,71
621830,741,812,71
2058190,873,944,71
2981410,936,1007,71
282140,950,1021,71
24720,3023,3094,71
3681810,4115,4186,71
404250,7487,7558,71
3314070,711,781,70
1954200,893,963,70
614570,1201,1271,70
1574480,1738,1808,70
1839430,1918,1988,70
2555420,2030,2100,70
4934370,3140,3210,70
3087390,4230,4300,70
1049890,4976,5046,70
444200,381,450,69
1151640,501,570,69
2524850,549,618,69
386940,604,673,69
4659620,750,819,69
219740,832,901,69
2325290,1001,1070,69
3228590,1006,1075,69
1880650,1105,1174,69
4412320,1193,1262,69
3747730,2431,2500,69
3091190,3791,3860,69
1981560,4075,4144,69
564310,5709,5778,69
400490,9131,9200,69
411940,9243,N/A,69
3101040,432,500,68
1262350,533,601,68
1113000,658,726,68
2552450,908,976,68
4100940,1018,1086,68
617830,1323,1391,68
2426530,1548,1616,68
3600640,1838,1906,68
3688130,3762,3830,68
3087380,4234,4302,68
1049320,5542,5610,68
16870,5546,5614,68
2601200,5779,5847,68
2486820,320,387,67
1620730,568,635,67
1162750,635,702,67
3450310,794,861,67
359320,853,920,67
482400,1527,1594,67
4160210,1690,1757,67
1879330,2026,2093,67
4348650,3410,3477,67
3087370,4227,4294,67
2969380,9245,N/A,67
1931770,626,692,66
1265920,638,704,66
1144400,868,934,66
1681430,1297,1363,66
1533420,1886,1952,66
1442430,2047,2113,66
2723430,2144,2210,66
1274600,2322,2388,66
225260,2918,2984,66
3087400,4232,4298,66
2175260,6302,6368,66
1018850,9246,N/A,66
2124120,999,1064,65
19680,1014,1079,65
3469450,1273,1338,65
2352620,2197,2262,65
741350,5515,5580,65
4208730,7718,7783,65
1238810,486,550,64
1845250,753,817,64
2569760,830,894,64
2420660,968,1032,64
2489330,1049,1113,64
3315060,1107,1171,64
2864560,1131,1195,64
3855540,1170,1234,64
2489020,1305,1369,64
1578650,2852,2916,64
3132930,3221,3285,64
282800,3479,3543,64
2195430,4033,4097,64
3087410,4229,4293,64
1106340,9248,N/A,64
2988580,522,585,63
3595230,1361,1424,63
637090,1521,1584,63
2600,1542,1605,63
2059670,1939,2002,63
1146960,2516,2579,63
4170200,2555,2618,63
818320,3088,3151,63
2212670,4024,4087,63
4018740,5576,5639,63
1914750,7601,7664,63
742250,8614,8677,63
1425730,9249,N/A,63
611670,607,669,62
2014780,616,678,62
2378500,833,895,62
1169040,1203,1265,62
327030,1420,1482,62
3181540,1966,2028,62
3453910,2076,2138,62
1147010,3041,3103,62
2103130,3309,3371,62
512033,4592,4654,62
2514960,5309,5371,62
1283091,5629,5691,62
1875580,982,1043,61
274520,1166,1227,61
4412680,1599,1660,61
1321440,1766,1827,61
1445790,2858,2919,61
3929740,3379,3440,61
1424660,5496,5557,61
4380120,9251,N/A,61
2172010,385,445,60
242050,2043,2103,60
1230140,2094,2154,60
32510,2284,2344,60
2972680,2785,2845,60
3884520,3249,3309,60
3300800,4779,4839,60
1578390,5589,5649,60
2737070,805,864,59
1348661,983,1042,59
979110,1311,1370,59
2936290,2553,2612,59
217200,3815,3874,59
3441990,9253,N/A,59
1451940,727,785,58
22320,1302,1360,58
774181,1619,1677,58
4357570,1777,1835,58
427290,1931,1989,58
1969370,1938,1996,58
1171690,2609,2667,58
467980,3680,3738,58
2865440,5418,5476,58
4527930,8691,8749,58
4513060,9254,N/A,58
2362060,459,516,57
1182900,548,605,57
214490,608,665,57
1622100,682,739,57
2604420,713,770,57
3195790,796,853,57
1049290,1048,1105,57
463530,1550,1607,57
1776380,3169,3226,57
1792250,3704,3761,57
1235740,3889,3946,57
3087420,4235,4292,57
4529120,5888,5945,57
1648810,8359,8416,57
2351806,9255,N/A,57
990630,2466,2522,56
2427700,2472,2528,56
1784570,2582,2638,56
3513600,2820,2876,56
768450,3697,3753,56
1231990,5087,5143,56
281610,6622,6678,56
1773801,8298,8354,56
3839310,9195,9251,56
839450,9256,N/A,56
8870,487,542,55
2385530,799,854,55
704850,973,1028,55
532210,1402,1457,55
1969380,1483,1538,55
455040,2326,2381,55
750381,2377,2432,55
32370,2384,2439,55
2487300,2801,2856,55
2229830,3535,3590,55
2717010,4403,4458,55
3135200,8566,8621,55
1179450,9257,N/A,55
2679460,273,327,54
1004640,484,538,54
220240,671,725,54
1286220,683,737,54
413410,867,921,54
3373660,961,1015,54
521890,1472,1526,54
2584990,1510,1564,54
1574580,1513,1567,54
2313700,1888,1942,54
5112520,4512,4566,54
1718570,745,798,53
433340,787,840,53
233860,803,856,53
617290,967,1020,53
362680,1178,1231,53
997010,1351,1404,53
2214823,1484,1537,53
2700610,1873,1926,53
2214826,2048,2101,53
2390230,2887,2940,53
3087460,3316,3369,53
3286930,4039,4092,53
4126220,5252,5305,53
2757490,9259,N/A,53
2073620,114,166,52
2424420,471,523,52
1599340,476,528,52
612880,835,887,52
368340,1032,1084,52
2186320,2866,2918,52
130,2908,2960,52
204880,5112,5164,52
3694480,5207,5259,52
1166290,5809,5861,52
3959530,6101,6153,52
1983710,6970,7022,52
1395720,7231,7283,52
2348170,7644,7696,52
1914120,7790,7842,52
3755860,1159,1210,51
1737870,1566,1617,51
206440,1641,1692,51
460810,1956,2007,51
2081470,2299,2350,51
1368572,2574,2625,51
2214825,2628,2679,51
4249140,2686,2737,51
760060,4259,4310,51
1712100,6694,6745,51
1401590,133,183,50
2784470,904,954,50
1796470,987,1037,50
595520,1167,1217,50
5221510,1233,1283,50
898750,2074,2124,50
1082430,2912,2962,50
8850,3255,3305,50
1235742,3544,3594,50
3817870,7567,7617,50
546050,8863,8913,50
919050,9191,9241,50
594650,56,105,49
1929610,631,680,49
2963800,1670,1719,49
823500,1770,1819,49
476600,1912,1961,49
2700340,2214,2263,49
2772990,2387,2436,49
3848900,2812,2861,49
50,2841,2890,49
3245120,3157,3206,49
1128860,3412,3461,49
2286780,4508,4557,49
4436470,4960,5009,49
2911770,5328,5377,49
452510,7795,7844,49
2535830,8629,8678,49
219640,9263,N/A,49
1437760,2001,2049,48
2141580,2062,2110,48
4400940,2379,2427,48
3655420,2704,2752,48
2887680,2951,2999,48
1335790,3450,3498,48
1151450,4373,4421,48
1086481,5171,5219,48
1392840,829,876,47
4148240,1067,1114,47
33230,1081,1128,47
1049410,1098,1145,47
4467980,1530,1577,47
3618850,1546,1593,47
702050,1579,1626,47
2328720,2595,2642,47
1292940,3137,3184,47
2377250,9265,N/A,47
653530,397,443,46
273300,923,969,46
4260270,1017,1063,46
617870,1381,1427,46
16450,1774,1820,46
10500,2199,2245,46
1072040,2354,2400,46
2854750,3364,3410,46
1763050,3803,3849,46
1449260,3935,3981,46
2675740,5972,6018,46
2970680,9266,N/A,46
2881150,598,643,45
535930,974,1019,45
1985810,1756,1801,45
1466640,1890,1935,45
259680,2112,2157,45
3152800,3710,3755,45
3476730,5766,5811,45
2864590,9161,9206,45
3098140,9267,N/A,45
2139460,55,99,44
1971650,482,526,44
1876890,508,552,44
3636770,808,852,44
1672810,978,1022,44
3483400,1029,1073,44
2508780,1066,1110,44
1295920,1182,1226,44
911400,1307,1351,44
321960,3840,3884,44
830450,4863,4907,44
4026480,5834,5878,44
6900,5973,6017,44
1161830,6553,6597,44
1731080,612,655,43
3315510,1221,1264,43
1088850,1404,1447,43
1939970,1453,1496,43
1422130,1606,1649,43
2756770,4658,4701,43
2216770,4859,4902,43
1999360,4929,4972,43
2569750,6715,6758,43
3825780,8426,8469,43
4029740,9269,N/A,43
286160,176,218,42
1066890,288,330,42
3405340,600,642,42
3784030,825,867,42
108710,935,977,42
3214610,975,1017,42
1839950,1258,1300,42
2585150,1325,1367,42
597220,3284,3326,42
1062160,4023,4065,42
200710,4627,4669,42
1125790,9270,N/A,42
3271280,430,471,41
2131680,467,508,41
359870,842,883,41
1458140,859,900,41
495420,861,902,41
597180,965,1006,41
601430,1079,1120,41
1325200,1250,1291,41
3478050,1464,1505,41
2209650,1512,1553,41
1850960,2380,2421,41
1446650,2456,2497,41
2201940,2499,2540,41
2206210,6486,6527,41
877010,9271,N/A,41
2432860,580,620,40
921570,655,695,40
3152780,804,844,40
460790,844,884,40
313690,946,986,40
1030830,969,1009,40
1583230,1063,1103,40
2780980,1370,1410,40
1902690,1499,1539,40
2764750,1568,1608,40
2863060,2687,2727,40
1417930,3440,3480,40
4305480,7472,7512,40
1535610,9272,N/A,40
2593290,33,72,39
3035570,495,534,39
24010,618,657,39
631510,776,815,39
1677770,1230,1269,39
4055140,1669,1708,39
1809700,1679,1718,39
4064510,2114,2153,39
2477010,2888,2927,39
897220,3263,3302,39
4428630,4360,4399,39
2419240,5327,5366,39
259800,6042,6081,39
254320,6056,6095,39
1096580,7909,7948,39
1551980,38,76,38
2515020,317,355,38
254700,669,707,38
2835570,719,757,38
373420,789,827,38
2815310,1083,1121,38
110800,1213,1251,38
220440,1509,1547,38
1121640,1922,1960,38
3645890,3212,3250,38
297860,3329,3367,38
301640,3396,3434,38
1413960,9274,N/A,38
1621690,310,347,37
632470,475,512,37
304240,573,610,37
246420,715,752,37
492720,1053,1090,37
1790930,1719,1756,37
1455840,1735,1772,37
3840230,2046,2083,37
2929170,3243,3280,37
2008400,3899,3936,37
2707070,4456,4493,37
1672310,9275,N/A,37
1486920,372,408,36
3808690,531,567,36
1649240,757,793,36
2071280,931,967,36
2753900,1330,1366,36
3846120,1585,1621,36
3618030,1642,1678,36
2214821,1753,1789,36
2545710,2386,2422,36
1496590,9276,N/A,36
105600,86,121,35
1687950,163,198,35
916440,414,449,35
339340,590,625,35
637650,592,627,35
1706510,729,764,35
2215390,900,935,35
287290,1190,1225,35
4329260,1314,1349,35
3260810,1382,1417,35
3548580,1535,1570,35
2555190,1745,1780,35
2418520,1952,1987,35
3532160,3546,3581,35
1944340,5341,5376,35
2826800,6741,6776,35
1874880,233,267,34
2842040,292,326,34
2567870,363,397,34
253230,1065,1099,34
1498570,1687,1721,34
3337380,1790,1824,34
519860,2587,2621,34
749960,6401,6435,34
1143650,7660,7694,34
960920,7696,7730,34
1880360,543,576,33
1817230,579,612,33
22370,962,995,33
1235140,1143,1176,33
2214824,1207,1240,33
3495730,1850,1883,33
1451460,2174,2207,33
2400510,2471,2504,33
3169520,3098,3131,33
694880,3455,3488,33
3311900,3464,3497,33
683900,3474,3507,33
3289090,4175,4208,33
4126740,4632,4665,33
3556730,9279,N/A,33
3274580,390,422,32
747660,450,482,32
1601580,529,561,32
1449690,541,573,32
501300,966,998,32
919640,1344,1376,32
838350,1481,1513,32
552100,1697,1729,32
1302240,2505,2537,32
3372980,4152,4184,32
648580,5080,5112,32
4164310,5486,5518,32
2512790,5680,5712,32
1498090,7248,7280,32
359840,9280,N/A,32
2054970,25,56,31
2495100,370,401,31
582160,426,457,31
2499860,659,690,31
1366540,774,805,31
581320,1175,1206,31
1372280,2054,2085,31
690830,2733,2764,31
1378290,4657,4688,31
3902520,5053,5084,31
2926440,6240,6271,31
966690,7417,7448,31
851670,9121,9152,31
2969170,9281,N/A,31
673880,275,305,30
750920,552,582,30
431730,557,587,30
1040200,569,599,30
3024040,689,719,30
3410460,863,893,30
1213700,5398,5428,30
2667950,7357,7387,30
2430690,7758,7788,30
454650,490,519,29
1599660,588,617,29
920210,641,670,29
939960,839,868,29
2178480,870,899,29
2461850,1011,1040,29
1438980,1470,1499,29
1076160,1961,1990,29
1567020,2170,2199,29
1740720,2292,2321,29
502520,3833,3862,29
4579940,4184,4213,29
1898500,5370,5399,29
1731070,6041,6070,29
1108370,8732,8761,29
1386630,9283,N/A,29
2290180,209,237,28
1384160,350,378,28
4394810,401,429,28
2101960,447,475,28
2561580,613,641,28
2827200,852,880,28
1605850,990,1018,28
4080030,1044,1072,28
532790,1222,1250,28
2280,1373,1401,28
389430,1447,1475,28
3009300,3636,3664,28
1259360,4294,4322,28
1764390,5900,5928,28
2759280,9284,N/A,28
4570720,346,373,27
391220,510,537,27
731490,1276,1303,27
404010,2238,2265,27
2920570,3128,3155,27
71250,3361,3388,27
292820,6513,6540,27
200170,7400,7427,27
3649490,9285,N/A,27
524220,255,281,26
962130,263,289,26
2185060,290,316,26
1250410,306,332,26
1177980,1115,1141,26
2277860,2691,2717,26
1135280,2827,2853,26
729000,3199,3225,26
1749080,4328,4354,26
1776550,5691,5717,26
1201230,7466,7492,26
2700180,9286,N/A,26
418370,151,176,25
728880,197,222,25
1569580,395,420,25
2928600,603,628,25
2646460,1037,1062,25
4038930,1113,1138,25
1593030,1199,1224,25
627270,1262,1287,25
250760,1537,1562,25
1408610,2580,2605,25
4660280,2876,2901,25
2786550,4296,4321,25
1202900,5004,5029,25
3307120,6950,6975,25
4704690,157,181,24
412020,231,255,24
934700,300,324,24
379430,388,412,24
379720,709,733,24
558990,1292,1316,24
282070,1491,1515,24
3551340,1709,1733,24
2214820,1789,1813,24
2299900,2629,2653,24
4508020,3116,3140,24
1726190,9288,N/A,24
550,136,159,23
3017860,183,206,23
322330,223,246,23
530611,360,383,23
972660,663,686,23
3097560,674,697,23
257510,788,811,23
1172380,793,816,23
1408230,885,908,23
1248130,890,913,23
1766060,1034,1057,23
1465460,1462,1485,23
3255380,1707,1730,23
2683150,2121,2144,23
1189490,2291,2314,23
2506480,4120,4143,23
1769533,4664,4687,23
1579380,6762,6785,23
2276980,6876,6899,23
3299080,9289,N/A,23
2161700,103,125,22
812140,285,307,22
1607250,353,375,22
2677660,357,379,22
782330,410,432,22
1062090,411,433,22
2680010,413,435,22
2627260,415,437,22
298110,518,540,22
553420,586,608,22
960910,599,621,22
2769570,860,882,22
1210320,1112,1134,22
1723950,1487,1509,22
2511500,2029,2051,22
297000,3419,3441,22
4911210,4005,4027,22
1135910,5364,5386,22
4194800,7202,7224,22
1426210,85,106,21
414700,308,329,21
1084160,367,388,21
1940340,576,597,21
2004210,735,756,21
1225570,780,801,21
48190,1149,1170,21
2782050,1261,1282,21
324160,1318,1339,21
3256150,1684,1705,21
648350,2705,2726,21
3884830,3024,3045,21
2976870,4887,4908,21
1864950,5000,5021,21
462290,9174,9195,21
3686930,9291,N/A,21
1295660,148,168,20
1372110,554,574,20
2593750,644,664,20
2527500,746,766,20
965580,1095,1115,20
1043810,1369,1389,20
3195580,1445,1465,20
1340990,1643,1663,20
1147560,1882,1902,20
4724090,2506,2526,20
3024980,8453,8473,20
1386750,9292,N/A,20
1203220,254,273,19
346110,268,287,19
1778820,299,318,19
1562430,436,455,19
1895880,449,468,19
1243830,470,489,19
1332720,1400,1419,19
2632050,1576,1595,19
1522160,1820,1839,19
2419670,2763,2782,19
3983810,2962,2981,19
2999850,3338,3357,19
2167453,3405,3424,19
824600,4310,4329,19
1071200,6269,6288,19
221100,155,173,18
221040,384,402,18
2208920,396,414,18
816340,570,588,18
4107840,582,600,18
1435790,632,650,18
2239150,1047,1065,18
1452490,1515,1533,18
4964580,1681,1699,18
1722280,2006,2024,18
2473350,3186,3204,18
3609750,3274,3292,18
2451310,3363,3381,18
2076140,5226,5244,18
3700,6516,6534,18
2441270,9294,N/A,18
2909400,126,143,17
582010,145,162,17
753640,171,188,17
1462040,180,197,17
242760,196,213,17
1790600,287,304,17
435150,355,372,17
1746860,387,404,17
924970,594,611,17
1184370,614,631,17
1496790,1211,1228,17
3196440,1288,1305,17
1072420,1940,1957,17
202750,3770,3787,17
2582650,5188,5205,17
1372150,5811,5828,17
1761570,7752,7769,17
1291010,9295,N/A,17
582660,179,195,16
894020,191,207,16
1943950,200,216,16
2661300,213,229,16
1284190,394,410,16
356190,400,416,16
225540,1085,1101,16
368260,1102,1118,16
1575990,2051,2067,16
265930,2647,2663,16
4027450,2738,2754,16
2986260,6586,6602,16
1425820,8859,8875,16
570,1,16,15
648800,88,103,15
588650,291,306,15
1962663,297,312,15
268050,1074,1089,15
1119730,1214,1229,15
3830,3216,3231,15
760640,3679,3694,15
2625580,3719,3734,15
1235744,4776,4791,15
1392820,5040,5055,15
793460,5866,5881,15
2544760,6661,6676,15
1685721,8872,8887,15
1229890,9010,9025,15
2693060,9297,N/A,15
1903340,128,142,14
1196590,186,200,14
1599600,242,256,14
601150,378,392,14
367520,558,572,14
2133760,765,779,14
2527160,895,909,14
202970,1057,1071,14
231430,1528,1542,14
34030,1721,1735,14
245390,3457,3471,14
2738230,4131,4145,14
4423580,4739,4753,14
2744010,7286,7300,14
1586700,9298,N/A,14
447040,172,185,13
883710,173,186,13
1260320,270,283,13
1118010,352,365,13
895870,509,522,13
361420,544,557,13
960990,545,558,13
504230,634,647,13
1139900,1315,1328,13
1235731,1380,1393,13
1432860,1405,1418,13
1944341,6015,6028,13
910830,9299,N/A,13
374320,77,89,12
2369390,78,90,12
739630,149,161,12
264710,182,194,12
3948120,405,417,12
2825860,444,456,12
774171,542,554,12
2062430,565,577,12
285900,602,614,12
1577120,737,749,12
1205970,838,850,12
288470,945,957,12
954740,1076,1088,12
865360,1119,1131,12
714120,1383,1395,12
436670,2334,2346,12
540711,2937,2949,12
433091,3950,3962,12
3089910,5145,5157,12
572410,6382,6394,12
1286710,9100,9112,12
1808500,34,45,11
668580,120,131,11
3321460,194,205,11
2420110,214,225,11
2668510,221,232,11
1547000,289,300,11
1984270,326,337,11
2198150,371,382,11
3115160,416,427,11
243470,477,488,11
47890,595,606,11
2848330,670,681,11
752590,874,885,11
1089090,1023,1034,11
1286680,1025,1036,11
2195120,1857,1868,11
1857090,2135,2146,11
861650,3589,3600,11
673610,3947,3958,11
42960,3984,3995,11
221260,4823,4834,11
4348800,6494,6505,11
2183670,7477,7488,11
1551360,47,57,10
2322010,124,134,10
2186680,161,171,10
1659420,174,184,10
3280350,193,203,10
1368140,409,419,10
1290000,550,560,10
3048060,2042,2052,10
283640,3306,3316,10
2799720,3548,3558,10
2067050,3619,3629,10
444090,4226,4236,10
1556200,4870,4880,10
3099000,5078,5088,10
40,6043,6053,10
1364780,75,84,9
2001120,102,111,9
1145360,232,241,9
552520,260,269,9
1237970,281,290,9
976310,461,470,9
3720100,512,521,9
2754380,536,545,9
1149640,920,929,9
926990,1038,1047,9
12200,1133,1142,9
1296610,1761,1770,9
2989180,2590,2599,9
758420,9303,N/A,9
1771300,54,62,8
3489700,69,77,8
1222140,92,100,8
1817190,169,177,8
1145350,184,192,8
2592160,239,247,8
238320,266,274,8
3844970,420,428,8
546560,434,442,8
2764460,478,486,8
1721470,493,501,8
1826140,502,510,8
2328320,503,511,8
2114740,516,524,8
3834090,523,531,8
4210580,605,613,8
210970,643,651,8
371660,810,818,8
3832490,934,942,8
690790,1041,1049,8
4244510,1069,1077,8
1303182,1101,1109,8
4369130,1255,1263,8
2828860,1708,1716,8
269210,1932,1940,8
2863080,2192,2200,8
1286580,2229,2237,8
404430,2985,2993,8
1218210,6547,6555,8
233130,6886,6894,8
1325890,8390,8398,8
108600,28,35,7
2807960,42,49,7
4115450,84,91,7
431960,95,102,7
1285190,105,112,7
3527290,115,122,7
261570,143,150,7
570940,150,157,7
4108000,205,212,7
2129530,250,257,7
2684630,314,321,7
960090,315,322,7
568220,316,323,7
2623190,345,352,7
2384580,364,371,7
881100,546,553,7
1150690,577,584,7
686810,766,773,7
17390,948,955,7
3030370,993,1000,7
1056760,1009,1016,7
2183930,1231,1238,7
3590,1393,1400,7
311310,2333,2340,7
346010,2382,2389,7
1530160,2984,2991,7
1833200,3225,3232,7
920571,3550,3557,7
4427420,6894,6901,7
200900,6966,6973,7
1086940,20,26,6
2050650,46,52,6
3892270,79,85,6
261550,80,86,6
1888930,104,110,6
1604030,335,341,6
4678800,403,409,6
620,407,413,6
2806050,460,466,6
1657630,468,474,6
220200,474,480,6
1989270,609,615,6
2495450,1191,1197,6
794260,1216,1222,6
3043940,1630,1636,6
2981220,2403,2409,6
1597080,3497,3503,6
433090,3963,3969,6
3744430,4275,4281,6
2377000,5051,5057,6
1559390,6023,6029,6
2642570,7898,7904,6
3240220,24,29,5
489830,27,32,5
1057090,50,55,5
3595270,82,87,5
4165870,89,94,5
2552430,96,101,5
3357650,112,117,5
1593500,122,127,5
1868140,132,137,5
460920,164,169,5
1850570,245,250,5
21690,402,407,5
2273430,406,411,5
400,640,645,5
2881650,775,780,5
558244,1130,1135,5
2000950,2084,2089,5
2598510,2361,2366,5
2701700,2432,2437,5
6000,3443,3448,5
2393160,4366,4371,5
2942780,4954,4959,5
393520,5278,5283,5
2803490,7760,7765,5
589940,9307,N/A,5
730,3,7,4
1326470,39,43,4
3219030,67,71,4
2215430,74,78,4
1118520,236,240,4
12210,304,308,4
2840770,307,311,4
1129580,386,390,4
2840100,1125,1129,4
642280,1197,1201,4
1944430,1458,1462,4
2716400,1467,1471,4
3103150,1552,1556,4
1222690,1876,1880,4
352400,2005,2009,4
292730,2082,2086,4
388410,2631,2635,4
2364580,2942,2946,4
1660080,3462,3466,4
3219580,3608,3612,4
645400,4647,4651,4
2276930,6654,6658,4
4165890,6,9,3
1174180,16,19,3
4001890,19,22,3
413150,57,60,3
1623730,60,63,3
2246340,62,65,3
2537590,90,93,3
2531310,110,113,3
1669000,129,132,3
526870,152,155,3
3159330,211,214,3
377160,216,219,3
1259420,249,252,3
1809540,274,277,3
2479810,283,286,3
458710,731,734,3
1757300,771,774,3
3960600,862,865,3
4308600,1488,1491,3
1390150,1855,1858,3
10150,1902,1905,3
1889490,2215,2218,3
2934220,2675,2678,3
1118200,2881,2884,3
675590,2889,2892,3
1191630,4045,4048,3
2280430,4691,4694,3
4991090,6049,6052,3
1381770,9309,N/A,3
3393110,2,4,2
2183900,21,23,2
2138330,35,37,2
4435490,36,38,2
3764200,44,46,2
2651280,52,54,2
268910,208,210,2
335300,222,224,2
4705510,241,243,2
1096530,243,245,2
3105440,295,297,2
2444750,419,421,2
2059170,465,467,2
1092790,528,530,2
784150,656,658,2
431240,889,891,2
365360,980,982,2
1235721,1151,1153,2
3643170,1152,1154,2
1059550,1376,1378,2
2140020,2154,2156,2
4491360,3014,3016,2
1567800,4330,4332,2
2710040,4937,4939,2
2526310,7864,7866,2
1304930,11,12,1
578080,14,15,1
2483190,26,27,1
2406770,30,31,1
814380,58,59,1
227300,65,66,1
1817070,68,69,1
294100,107,108,1
3008130,123,124,1
1172620,134,135,1
251570,177,178,1
1716740,226,227,1
1282100,261,262,1
3041230,443,444,1
311690,1278,1279,1
999220,3282,3283,1
2697790,4262,4263,1
495280,5187,5188,1
4511560,5910,5911,1
877200,6925,6926,1
3231520,8051,8052,1
4019220,17,17,0
2767030,40,40,0
1142710,41,41,0
2399830,70,70,0
3768760,73,73,0
2215200,119,119,0
3059520,154,154,0
239140,235,235,0
292000,264,264,0
686060,296,296,0
4354570,339,339,0
4113940,344,344,0
1971870,359,359,0
397540,393,393,0
2417610,398,398,0
3419520,513,513,0
1449110,520,520,0
3654560,763,763,0
204100,797,797,0
293760,875,875,0
2634950,927,927,0
3526710,1179,1179,0
1708680,1205,1205,0
3819640,2130,2130,0
1255560,2178,2178,0
2535950,2220,2220,0
2743460,2571,2571,0
468920,2759,2759,0
397950,3624,3624,0
2730810,4202,4202,0
2111850,4465,4465,0
297790,6365,6365,0
396750,6399,6399,0
1172470,22,21,-1
230410,29,28,-1
3932890,31,30,-1
1478500,45,44,-1
394360,81,80,-1
275850,97,96,-1
3241660,142,141,-1
1627720,192,191,-1
1256670,240,239,-1
534380,262,261,-1
2688950,329,328,-1
805550,349,348,-1
2141730,504,503,-1
3172660,769,768,-1
307960,878,877,-1
1444480,937,936,-1
4249110,1446,1445,-1
235600,2016,2015,-1
3690030,2058,2057,-1
2619650,4536,4535,-1
2357570,7,5,-2
381210,10,8,-2
4080220,12,10,-2
1091500,13,11,-2
1867240,15,13,-2
1446780,49,47,-2
292030,66,64,-2
236390,83,81,-2
1273400,181,179,-2
255710,225,223,-2
2950790,253,251,-2
952060,265,263,-2
393380,333,331,-2
2169200,428,426,-2
383870,755,753,-2
70,1128,1126,-2
3561220,1235,1233,-2
527430,1621,1619,-2
1151380,6768,6766,-2
1336060,7757,7755,-2
1807810,8049,8047,-2
4549610,8909,8907,-2
1675200,4,1,-3
3010850,5,2,-3
4165910,9,6,-3
553850,37,34,-3
990080,64,61,-3
701160,141,138,-3
250900,168,165,-3
500,464,461,-3
3641000,472,469,-3
2780810,481,478,-3
1805110,530,527,-3
22380,551,548,-3
323190,639,636,-3
220,933,930,-3
45740,3259,3256,-3
2660230,3529,3526,-3
2114760,5325,5322,-3
268130,8259,8256,-3
216150,18,14,-4
1085660,43,39,-4
1222670,101,97,-4
1659040,118,114,-4
4231820,144,140,-4
208650,246,242,-4
699130,280,276,-4
529340,286,282,-4
1941540,427,423,-4
2806640,521,517,-4
5064340,555,551,-4
3314790,716,712,-4
2457220,915,911,-4
3640200,979,975,-4
1154030,1035,1031,-4
3008670,1511,1507,-4
1238080,3865,3861,-4
3588490,6812,6808,-4
525680,7619,7615,-4
4078430,8,3,-5
2288340,23,18,-5
270880,63,58,-5
1466060,158,153,-5
1313140,207,202,-5
1297900,220,215,-5
1913120,338,333,-5
2879840,366,361,-5
3156770,489,484,-5
1857950,561,556,-5
2138710,584,579,-5
3180070,591,586,-5
20920,791,786,-5
1672500,1817,1812,-5
1580050,2137,2132,-5
3350260,3755,3750,-5
407130,3972,3967,-5
3895690,4248,4243,-5
3465690,5880,5875,-5
936180,6098,6093,-5
65790,8686,8681,-5
1144200,59,53,-6
1672970,153,147,-6
835960,199,193,-6
1332010,272,266,-6
2456740,278,272,-6
870780,298,292,-6
223750,323,317,-6
4259190,325,319,-6
2057760,412,406,-6
1794680,431,425,-6
3022790,457,451,-6
552500,778,772,-6
307690,903,897,-6
2325832,1300,1294,-6
2885870,1411,1405,-6
4630570,2037,2031,-6
1929290,3374,3368,-6
21090,3592,3586,-6
804530,4573,4567,-6
4523180,4614,4608,-6
4126040,32,25,-7
949230,111,104,-7
376210,156,149,-7
3751950,228,221,-7
3407390,332,325,-7
213670,469,462,-7
1222700,505,498,-7
49520,587,580,-7
848450,690,683,-7
3556750,843,836,-7
1468810,922,915,-7
505460,1015,1008,-7
704270,1477,1470,-7
584400,2028,2021,-7
3205310,2320,2313,-7
1276790,2940,2933,-7
252330,3067,3060,-7
438640,3160,3153,-7
2507010,4461,4454,-7
828740,6787,6780,-7
4356430,76,68,-8
892970,106,98,-8
3124540,219,211,-8
2958130,252,244,-8
244210,303,295,-8
1149460,309,301,-8
3404260,321,313,-8
457140,351,343,-8
1671210,376,368,-8
629730,574,566,-8
3609080,770,762,-8
3364070,1614,1606,-8
3375110,1728,1720,-8
4928820,2327,2319,-8
2961530,2343,2335,-8
3618390,2460,2452,-8
2952300,3209,3201,-8
1361320,3231,3223,-8
1846170,3465,3457,-8
2637990,5077,5069,-8
850320,5446,5438,-8
546260,6203,6195,-8
2081570,7013,7005,-8
4067070,7433,7425,-8
1158310,51,42,-9
632360,139,130,-9
1363080,302,293,-9
2670630,383,374,-9
1044720,538,529,-9
204360,740,731,-9
508440,801,792,-9
1237950,940,931,-9
2815290,1536,1527,-9
4935510,1654,1645,-9
2958440,1839,1830,-9
3371240,2591,2582,-9
302670,3469,3460,-9
3769130,5574,5565,-9
289070,248,238,-10
2142790,294,284,-10
548430,356,346,-10
3552140,441,431,-10
1238840,456,446,-10
1066780,497,487,-10
2699230,593,583,-10
493520,686,676,-10
1135690,988,978,-10
4249120,1322,1312,-10
1990600,1589,1579,-10
2214822,1819,1809,-10
1118240,3712,3702,-10
2491040,6194,6184,-10
1157220,7237,7227,-10
284160,137,126,-11
1172710,140,129,-11
1361210,147,136,-11
3812600,159,148,-11
3949040,167,156,-11
1465360,269,258,-11
3712080,445,434,-11
4121170,677,666,-11
1227890,892,881,-11
925580,1059,1048,-11
1622910,1157,1146,-11
493190,3032,3021,-11
2615670,5158,5147,-11
242640,6108,6097,-11
3513350,48,36,-12
1374490,100,88,-12
3164500,127,115,-12
1643320,130,118,-12
2300320,135,123,-12
4197610,408,396,-12
2101430,963,951,-12
1209460,971,959,-12
32440,1316,1304,-12
2144740,2191,2179,-12
2132890,3156,3144,-12
700600,5556,5544,-12
590610,5777,5765,-12
4528730,6113,6101,-12
252490,61,48,-13
359550,87,74,-13
4421010,212,199,-13
4508340,230,217,-13
427410,311,298,-13
236850,375,362,-13
3867170,379,366,-13
646570,494,481,-13
2000890,581,568,-13
1649080,749,736,-13
5125950,856,843,-13
2288630,1272,1259,-13
1029780,1346,1333,-13
2008920,1695,1682,-13
5131910,1767,1754,-13
1277400,2624,2611,-13
456750,4284,4271,-13
898920,5199,5186,-13
1869290,6063,6050,-13
7000,7143,7130,-13
281990,121,107,-14
4032350,166,152,-14
594570,244,230,-14
1962700,284,270,-14
304390,334,320,-14
488790,354,340,-14
322170,519,505,-14
312520,648,634,-14
1367550,701,687,-14
1465750,995,981,-14
2102730,1075,1061,-14
3283220,1562,1548,-14
1288320,1647,1633,-14
3592600,2545,2531,-14
1995690,2620,2606,-14
790740,4064,4050,-14
401680,7860,7846,-14
3940610,131,116,-15
5245810,178,163,-15
1665460,190,175,-15
2239550,815,800,-15
2163330,1096,1081,-15
423630,3054,3039,-15
3579820,5317,5302,-15
1296400,6158,6143,-15
3418160,6261,6246,-15
829660,6832,6817,-15
3669870,98,82,-16
1973530,108,92,-16
219990,276,260,-16
1934680,319,303,-16
1229490,361,345,-16
1774580,380,364,-16
401920,619,603,-16
3934270,691,675,-16
289650,704,688,-16
2380740,760,744,-16
1028310,1448,1432,-16
4229450,1496,1480,-16
1515210,1561,1545,-16
4128140,1602,1586,-16
939400,1631,1615,-16
330020,2187,2171,-16
700280,2836,2820,-16
3942480,4715,4699,-16
813780,175,158,-17
518790,204,187,-17
2399420,237,220,-17
2416450,524,507,-17
3840050,532,515,-17
1761390,759,742,-17
320240,1712,1695,-17
6860,3349,3332,-17
1473350,4006,3989,-17
1755910,4092,4075,-17
1658040,5111,5094,-17
2317930,5999,5982,-17
2887580,138,120,-18
2344520,146,128,-18
979690,251,233,-18
2736340,772,754,-18
47780,1590,1572,-18
203140,1858,1840,-18
3672400,2053,2035,-18
1528460,2247,2229,-18
593380,2870,2852,-18
2638630,2975,2957,-18
1067690,3620,3602,-18
239350,4291,4273,-18
2020860,7935,7917,-18
2507950,94,75,-19
3722330,215,196,-19
3259780,247,228,-19
1190970,267,248,-19
364360,318,299,-19
1476970,368,349,-19
945360,399,380,-19
2849080,498,479,-19
3315530,657,638,-19
570660,668,649,-19
3167920,1012,993,-19
1238060,1333,1314,-19
977950,1434,1415,-19
4781330,2169,2150,-19
12150,3508,3489,-19
4250540,4144,4125,-19
1206610,4642,4623,-19
3751260,210,190,-20
4000,322,302,-20
1407200,373,353,-20
1629520,728,708,-20
1239080,918,898,-20
10,1008,988,-20
4745180,1087,1067,-20
1366800,1471,1451,-20
1910150,1894,1874,-20
1157390,2946,2926,-20
1395030,7179,7159,-20
2411230,7479,7459,-20
3099660,7920,7900,-20
3493540,71,50,-21
3186540,165,144,-21
3186490,229,208,-21
2379780,312,291,-21
1426300,480,459,-21
3518320,693,672,-21
1607890,695,674,-21
2891710,1338,1317,-21
2427743,1374,1353,-21
2589500,1469,1448,-21
3198850,1953,1932,-21
15100,2099,2078,-21
5180360,2253,2232,-21
1021210,2532,2511,-21
839770,3346,3325,-21
3106720,3456,3435,-21
1317230,5351,5330,-21
4986890,5582,5561,-21
1245620,117,95,-22
880940,301,279,-22
1693980,391,369,-22
304212,855,833,-22
3558600,864,842,-22
249130,1077,1055,-22
219150,1490,1468,-22
1817490,2212,2190,-22
558245,2226,2204,-22
526060,2989,2967,-22
3591040,3722,3700,-22
345180,3734,3712,-22
3840390,4157,4135,-22
1440440,4568,4546,-22
1449320,8477,8455,-22
2138720,162,139,-23
5001840,423,400,-23
2622380,463,440,-23
287700,488,465,-23
392160,496,473,-23
391540,515,492,-23
3293260,517,494,-23
252530,562,539,-23
1328670,734,711,-23
1676840,872,849,-23
824270,912,889,-23
3314060,1410,1387,-23
304430,1634,1611,-23
3845870,1898,1875,-23
3013550,1935,1912,-23
1949030,2289,2266,-23
8140,6805,6782,-23
2231380,448,424,-24
2306620,617,593,-24
3167020,620,596,-24
1395520,1164,1140,-24
3418570,2061,2037,-24
538680,2998,2974,-24
1724941,5055,5031,-24
395180,6530,6506,-24
1692080,7370,7346,-24
2781620,424,399,-25
779340,527,502,-25
2440510,534,509,-25
2059190,702,677,-25
312660,989,964,-25
1235733,1150,1125,-25
2880730,1162,1137,-25
228280,1543,1518,-25
299970,1653,1628,-25
17470,2467,2442,-25
3263320,2622,2597,-25
1282730,3347,3322,-25
388475,3565,3540,-25
3713770,3918,3893,-25
983970,5789,5764,-25
3114010,6777,6752,-25
2436840,8395,8370,-25
440,93,67,-26
1912410,109,83,-26
39210,198,172,-26
2073850,279,253,-26
1167630,341,315,-26
1846380,785,759,-26
2523770,958,932,-26
3849000,1031,1005,-26
2701660,1693,1667,-26
1324130,2513,2487,-26
3126500,2795,2769,-26
2690330,3061,3035,-26
48000,3150,3124,-26
238370,4172,4146,-26
2868840,187,160,-27
1488490,201,174,-27
1371980,305,278,-27
262060,362,335,-27
3486960,823,796,-27
3080080,1353,1326,-27
2135150,2070,2043,-27
3570290,2508,2481,-27
1233880,3838,3811,-27
2151290,5755,5728,-27
3079210,511,483,-28
4324480,563,535,-28
3731020,743,715,-28
2900640,1078,1050,-28
1211020,1226,1198,-28
4791830,1431,1403,-28
1026680,1967,1939,-28
1235732,2083,2055,-28
1328660,2239,2211,-28
466300,2486,2458,-28
2203420,4256,4228,-28
2593910,4576,4548,-28
2126190,4918,4890,-28
3323850,7852,7824,-28
784080,53,24,-29
2694490,238,209,-29
1501750,692,663,-29
223850,1303,1274,-29
3198890,1731,1702,-29
2191500,2008,1979,-29
1204130,2287,2258,-29
20,3162,3133,-29
1874170,3357,3328,-29
1765300,7927,7898,-29
4466620,942,912,-30
365590,944,914,-30
3450970,992,962,-30
4131670,1154,1124,-30
48700,1336,1306,-30
3907790,1533,1503,-30
1092660,4090,4060,-30
411960,5461,5431,-30
1536070,7450,7420,-30
2221490,195,164,-31
4371500,417,386,-31
766570,826,795,-31
4450620,894,863,-31
1634040,1123,1092,-31
1113120,2013,1982,-31
1235746,2856,2825,-31
4341120,3664,3633,-31
473770,3911,3880,-31
3700980,5222,5191,-31
2396240,6306,6275,-31
2468700,8832,8801,-31
1466860,258,226,-32
2968420,374,342,-32
218620,435,403,-32
460930,437,405,-32
1942280,694,662,-32
3710910,1234,1202,-32
3025440,1321,1289,-32
3293010,1673,1641,-32
47810,2131,2099,-32
1118012,2357,2325,-32
4039140,2613,2581,-32
4005090,8266,8234,-32
400750,313,280,-33
4380490,327,294,-33
4162040,343,310,-33
2927200,347,314,-33
2852190,485,452,-33
1217060,733,700,-33
314650,773,740,-33
8930,1141,1108,-33
1648533,1165,1132,-33
897670,1290,1257,-33
1163770,2902,2869,-33
844590,3211,3178,-33
1946700,3345,3312,-33
4126480,3397,3364,-33
4015530,3701,3668,-33
5240850,4188,4155,-33
4529160,5738,5705,-33
4067130,6405,6372,-33
3355100,7607,7574,-33
2587410,7961,7928,-33
3749870,473,439,-34
585420,784,750,-34
3307910,953,919,-34
2891700,1495,1461,-34
3210350,1990,1956,-34
1520620,2804,2770,-34
4157110,3031,2997,-34
418240,3875,3841,-34
2131640,4542,4508,-34
3399960,4763,4729,-34
3204120,5348,5314,-34
2372330,6367,6333,-34
1235751,6788,6754,-34
2901520,6903,6869,-34
4985510,7788,7754,-34
682990,8591,8557,-34
4656000,202,167,-35
1203620,389,354,-35
1392860,525,490,-35
1190000,630,595,-35
2950340,687,652,-35
268500,717,682,-35
1158160,849,814,-35
1824060,1020,985,-35
325610,1039,1004,-35
3174120,1174,1139,-35
474960,1184,1149,-35
38420,2177,2142,-35
4229200,3652,3617,-35
245300,4125,4090,-35
4197990,4447,4412,-35
1151170,5236,5201,-35
4945790,5991,5956,-35
1253610,9262,9227,-35
2638890,218,182,-36
3691330,909,873,-36
4013290,1169,1133,-36
736820,1682,1646,-36
3678970,2614,2578,-36
2399750,3584,3548,-36
1376200,4355,4319,-36
1769530,4719,4683,-36
1668460,9112,9076,-36
2475460,217,180,-37
774361,721,684,-37
3115220,738,701,-37
4241420,1635,1598,-37
3805250,1813,1776,-37
1604000,2405,2368,-37
1351080,3108,3071,-37
22300,3566,3529,-37
462770,4354,4317,-37
1769531,4718,4681,-37
1769532,4722,4685,-37
2253060,5387,5350,-37
1996630,9203,9166,-37
2975950,535,497,-38
553640,556,518,-38
3981100,1010,972,-38
4575720,1052,1014,-38
2119830,1252,1214,-38
803330,1394,1356,-38
4260510,1852,1814,-38
2060280,2132,2094,-38
2916700,2312,2274,-38
646910,2332,2294,-38
2013360,2568,2530,-38
2202291,7809,7771,-38
5053820,293,254,-39
703080,454,415,-39
1527950,553,514,-39
341800,1465,1426,-39
1987080,3016,2977,-39
4260530,3222,3183,-39
898890,4169,4130,-39
4062430,4189,4150,-39
3947040,6632,6593,-39
452530,9050,9011,-39
899770,271,231,-40
960170,458,418,-40
1030300,615,575,-40
1888160,1456,1416,-40
4948000,1603,1563,-40
2254450,1698,1658,-40
680420,1930,1890,-40
1552350,2200,2160,-40
200510,2201,2161,-40
3871370,2495,2455,-40
4467800,2514,2474,-40
1238000,2518,2478,-40
4019590,2677,2637,-40
3062350,2681,2641,-40
3901910,2814,2774,-40
785300,2848,2808,-40
3093340,7554,7514,-40
3009870,8556,8516,-40
1284210,377,336,-41
3265700,896,855,-41
2209900,964,923,-41
234140,1177,1136,-41
1422440,1206,1165,-41
201870,1426,1385,-41
3130750,1440,1399,-41
3884020,2221,2180,-41
1340140,2265,2224,-41
2170970,2654,2613,-41
4395500,2787,2746,-41
212680,2905,2864,-41
2789810,5873,5832,-41
1259930,7854,7813,-41
3905450,666,624,-42
3483740,994,952,-42
3548690,1337,1295,-42
2853730,2893,2851,-42
540710,2909,2867,-42
3391540,4434,4392,-42
4187140,5505,5463,-42
4992070,761,718,-43
2311920,939,896,-43
3579760,2125,2082,-43
283740,2325,2282,-43
2695220,2551,2508,-43
1266840,3983,3940,-43
2397250,6836,6793,-43
535480,7520,7477,-43
4046850,8677,8634,-43
306130,189,145,-44
2397300,429,385,-44
513710,439,395,-44
246620,492,448,-44
2643390,869,825,-44
274170,1457,1413,-44
731040,2838,2794,-44
399620,3657,3613,-44
5256550,4895,4851,-44
2997980,6309,6265,-44
2726490,6418,6374,-44
4233550,8801,8757,-44
1331550,578,533,-45
3765020,1068,1023,-45
3805230,1616,1571,-45
3024580,2254,2209,-45
244450,2273,2228,-45
1585220,2835,2790,-45
619680,3068,3023,-45
2432110,5270,5225,-45
2897610,6262,6217,-45
5034500,8240,8195,-45
3028330,422,376,-46
2778580,440,394,-46
3450980,1030,984,-46
2186990,1070,1024,-46
780310,1073,1027,-46
2333480,1287,1241,-46
4836540,1519,1473,-46
383980,1970,1924,-46
3105320,2404,2358,-46
3993450,2941,2895,-46
606150,3386,3340,-46
13560,4520,4474,-46
1038300,6503,6457,-46
107410,438,391,-47
1222680,610,563,-47
307780,1140,1093,-47
2730870,1308,1261,-47
944080,4829,4782,-47
3219630,282,234,-48
209000,678,630,-48
1067360,707,659,-48
4200780,742,694,-48
4224910,813,765,-48
4125930,1285,1237,-48
20900,1377,1329,-48
411950,1423,1375,-48
675010,1808,1760,-48
207610,2274,2226,-48
2415010,2511,2463,-48
453090,2728,2680,-48
2914280,2986,2938,-48
240,1227,1178,-49
1782120,1700,1651,-49
483840,1800,1751,-49
388090,2336,2287,-49
1150530,2949,2900,-49
3524380,4326,4277,-49
1307550,5205,5156,-49
900270,7715,7666,-49
4558480,679,629,-50
3417840,938,888,-50
205100,1209,1159,-50
1645820,1237,1187,-50
1517290,1268,1218,-50
1451190,1551,1501,-50
1222730,2430,2380,-50
283940,2679,2629,-50
2230760,3906,3856,-50
3454110,4630,4580,-50
933110,806,755,-51
531130,1062,1011,-51
3501070,1586,1535,-51
629760,2425,2374,-51
4733900,2447,2396,-51
645630,3197,3146,-51
48705,6002,5951,-51
1449850,72,20,-52
2075800,256,204,-52
714010,433,381,-52
1244090,921,869,-52
17410,955,903,-52
3065940,1013,961,-52
1235730,2098,2046,-52
3077390,2283,2231,-52
2828160,2548,2496,-52
2644890,5843,5791,-52
421120,8179,8127,-52
4232900,404,351,-53
1054490,1306,1253,-53
2235020,3525,3472,-53
5220090,3660,3607,-53
619150,4416,4363,-53
418650,5265,5212,-53
3211850,5688,5635,-53
3834590,6904,6851,-53
343461,7253,7200,-53
890720,8967,8914,-53
1648532,1702,1648,-54
2968040,1844,1790,-54
3315540,3143,3089,-54
3874660,3342,3288,-54
973760,3439,3385,-54
433080,3713,3659,-54
1700870,4241,4187,-54
2945640,4265,4211,-54
368370,5850,5796,-54
4964110,824,769,-55
1107320,2441,2386,-55
1788370,2943,2888,-55
645401,3234,3179,-55
2429190,3488,3433,-55
2076580,3888,3833,-55
30,5776,5721,-55
603960,6699,6644,-55
4932180,9234,9179,-55
4025700,324,268,-56
1913370,547,491,-56
1966720,672,616,-56
4558510,754,698,-56
2713000,777,721,-56
2291060,1005,949,-56
2026820,2356,2300,-56
531510,2392,2336,-56
1857740,3573,3517,-56
654880,5235,5179,-56
4285040,8468,8412,-56
3564740,227,170,-57
3450960,981,924,-57
4981570,1229,1172,-57
261640,1744,1687,-57
291650,2666,2609,-57
3778100,3420,3363,-57
321300,4730,4673,-57
1286990,4824,4767,-57
2624080,8790,8733,-57
4849350,91,33,-58
2074920,392,334,-58
3976910,2129,2071,-58
1216320,2146,2088,-58
2661250,3375,3317,-58
10680,3387,3329,-58
1850740,3540,3482,-58
2427410,3959,3901,-58
1147690,4552,4494,-58
239160,4697,4639,-58
1489970,6566,6508,-58
656350,7880,7822,-58
424370,8674,8616,-58
2104890,661,602,-59
2201320,712,653,-59
3061570,929,870,-59
2878600,976,917,-59
3796260,1002,943,-59
509980,1782,1723,-59
751780,2079,2020,-59
1303183,2773,2714,-59
3085820,2995,2936,-59
2658470,5923,5864,-59
314660,7240,7181,-59
7520,8177,8118,-59
440900,206,146,-60
2863680,566,506,-60
2350790,837,777,-60
212500,1171,1111,-60
2327720,1749,1689,-60
2772750,1867,1807,-60
2591280,2619,2559,-60
512035,3236,3176,-60
4369490,4133,4073,-60
1097350,4924,4864,-60
1233280,5137,5077,-60
792520,5381,5321,-60
2073910,5951,5891,-60
2437170,514,453,-61
2277560,807,746,-61
480490,906,845,-61
490110,1264,1203,-61
2827750,2694,2633,-61
4513480,3020,2959,-61
1033060,3277,3216,-61
2697780,6504,6443,-61
914620,6971,6910,-61
3793200,337,275,-62
3326230,685,623,-62
602960,768,706,-62
1020790,851,789,-62
1974050,1028,966,-62
2412960,1061,999,-62
1159690,1746,1684,-62
4768770,1835,1773,-62
3438850,1866,1804,-62
3368630,2202,2140,-62
2933200,2736,2674,-62
4975570,3337,3275,-62
4227400,3381,3319,-62
9200,4490,4428,-62
6020,6029,5967,-62
2154172,7993,7931,-62
3070070,452,389,-63
4557380,627,564,-63
2671070,696,633,-63
3012580,1093,1030,-63
3021100,1803,1740,-63
868360,1837,1774,-63
429050,2794,2731,-63
738520,3217,3154,-63
3606480,653,589,-64
4132150,662,598,-64
2421750,1090,1026,-64
4045750,1310,1246,-64
1718460,2033,1969,-64
4468750,2798,2734,-64
3902620,2851,2787,-64
28000,6210,6146,-64
4680500,6407,6343,-64
5142560,116,51,-65
427520,330,265,-65
2004680,991,926,-65
405310,1274,1209,-65
534331,1479,1414,-65
1104880,1573,1508,-65
4249130,2479,2414,-65
2943650,2659,2594,-65
2229880,3718,3653,-65
273380,3851,3786,-65
2696090,5500,5435,-65
1486630,6019,5954,-65
1963610,673,607,-66
1812450,706,640,-66
481510,1056,990,-66
2909110,1975,1909,-66
5131890,2305,2239,-66
2732960,3717,3651,-66
4924910,4474,4408,-66
3650450,5425,5359,-66
4719220,8287,8221,-66
3097300,1657,1590,-67
1252330,2243,2176,-67
2229850,3724,3657,-67
736220,3890,3823,-67
3947460,5551,5484,-67
2431880,8961,8894,-67
3065800,257,189,-68
3015760,1259,1191,-68
3615160,1636,1568,-68
2760560,3194,3126,-68
13570,4034,3966,-68
3883290,6901,6833,-68
2429640,499,430,-69
1229240,1192,1123,-69
3463200,1793,1724,-69
4300090,2462,2393,-69
388470,2793,2724,-69
300,3599,3530,-69
2229870,3721,3652,-69
3165650,5139,5070,-69
2239710,1064,994,-70
3732970,1971,1901,-70
4304930,2530,2460,-70
4778970,3178,3108,-70
844810,4437,4367,-70
1626170,4815,4745,-70
2702170,6001,5931,-70
1519490,8913,8843,-70
4090980,342,271,-71
2060160,633,562,-71
2768430,1694,1623,-71
3448670,1696,1625,-71
2973290,2205,2134,-71
35140,2301,2230,-71
4232860,2698,2627,-71
1277510,2904,2833,-71
269950,3036,2965,-71
1042490,4553,4482,-71
1493250,4714,4643,-71
2997790,5718,5647,-71
4399460,1228,1156,-72
227310,1349,1277,-72
768200,1901,1829,-72
2646130,2900,2828,-72
4868870,4412,4340,-72
391570,4479,4407,-72
1018830,4668,4596,-72
251730,4873,4801,-72
3841510,224,151,-73
2336880,699,626,-73
4128400,901,828,-73
2646130,2901,2828,-73
1899060,3768,3695,-73
311730,5411,5338,-73
1317250,6448,6375,-73
4543600,6618,6545,-73
1141580,7484,7411,-73
1126190,7991,7918,-73
1922560,817,743,-74
3450170,1816,1742,-74
3582250,3139,3065,-74
2903960,3495,3421,-74
423580,4322,4248,-74
4118900,4522,4448,-74
4125770,9250,9176,-74
285160,2440,2365,-75
4249150,2588,2513,-75
3260820,2610,2535,-75
531131,2765,2690,-75
4812130,3674,3599,-75
38400,4435,4360,-75
754890,6960,6885,-75
1151340,185,109,-76
4225980,539,463,-76
976730,572,496,-76
244850,680,604,-76
4148930,792,716,-76
1656370,1026,950,-76
2868390,1540,1464,-76
3152790,1909,1833,-76
2216830,3303,3227,-76
261050,3650,3574,-76
2401830,3897,3821,-76
365160,8451,8375,-76
2904000,822,745,-77
2447590,1146,1069,-77
633230,1260,1183,-77
4243990,1985,1908,-77
2075720,2414,2337,-77
1431300,3059,2982,-77
2614650,3367,3290,-77
814370,5714,5637,-77
1410710,6817,6740,-77
3407080,8319,8242,-77
1029690,621,543,-78
410340,949,871,-78
3368610,1358,1280,-78
965220,1764,1686,-78
3144230,1996,1918,-78
1089270,1997,1919,-78
1810820,2961,2883,-78
1310410,3188,3110,-78
800270,3391,3313,-78
4159030,3613,3535,-78
1646850,4097,4019,-78
3274400,4457,4379,-78
1656330,866,787,-79
684630,1583,1504,-79
3266090,2719,2640,-79
1076080,2722,2643,-79
988810,3115,3036,-79
4719180,3685,3606,-79
293780,5389,5310,-79
1866420,6956,6877,-79
411300,7889,7810,-79
1685720,8645,8566,-79
311210,418,338,-80
1938090,645,565,-80
3164330,887,807,-80
655500,1136,1056,-80
4800590,1296,1216,-80
2681030,1620,1540,-80
3817250,1646,1566,-80
240720,1828,1748,-80
304214,2597,2517,-80
3091140,2914,2834,-80
2336220,3060,2980,-80
1532200,3725,3645,-80
2833100,5549,5469,-80
1390190,7448,7368,-80
2402680,865,784,-81
3440070,985,904,-81
4376930,1241,1160,-81
632300,1825,1744,-81
3579770,1846,1765,-81
1904392,1925,1844,-81
4164420,2173,2092,-81
4492700,2811,2730,-81
2089150,3978,3897,-81
2878980,6556,6475,-81
3362660,8290,8209,-81
2310700,8717,8636,-81
1703340,331,249,-82
1636440,466,384,-82
4883590,857,775,-82
3195440,954,872,-82
647830,1282,1200,-82
1811080,1560,1478,-82
1415692,1786,1704,-82
871540,1942,1860,-82
1556110,2208,2126,-82
238090,2684,2602,-82
1745440,2789,2707,-82
3035500,3092,3010,-82
748490,3149,3067,-82
24810,3256,3174,-82
2313541,3954,3872,-82
4224240,5018,4936,-82
2581740,5232,5150,-82
1254570,6482,6400,-82
214950,560,477,-83
4560660,705,622,-83
1669480,1277,1194,-83
4778540,1659,1576,-83
1702010,1718,1635,-83
1124300,2417,2334,-83
1458151,4336,4253,-83
640590,4420,4337,-83
512034,4767,4684,-83
360960,5012,4929,-83
409210,9077,8994,-83
3859630,1094,1010,-84
1209471,1608,1524,-84
2878420,2899,2815,-84
1286830,455,370,-85
337320,1324,1239,-85
418530,1864,1779,-85
2890190,2095,2010,-85
3118000,2268,2183,-85
3244220,2843,2758,-85
2291760,2967,2882,-85
17480,3344,3259,-85
1876590,3531,3446,-85
2631430,4032,3947,-85
712730,7413,7328,-85
1258080,1254,1168,-86
1644320,2104,2018,-86
3839790,2806,2720,-86
47790,2839,2753,-86
3574360,3858,3772,-86
694280,1183,1096,-87
1017180,1395,1308,-87
2132850,1645,1558,-87
4120790,2859,2772,-87
2356780,3728,3641,-87
1913711,7562,7475,-87
2067820,720,632,-88
1206560,802,714,-88
3219700,1340,1252,-88
427730,1648,1560,-88
645402,1874,1786,-88
3213850,2050,1962,-88
1674200,3666,3578,-88
1172450,5780,5692,-88
5131880,5993,5905,-88
4594150,897,808,-89
280680,1436,1347,-89
1802470,2052,1963,-89
1796790,2509,2420,-89
3681910,2828,2739,-89
1430990,2992,2903,-89
15380,7737,7648,-89
1823802,8159,8070,-89
4731620,996,906,-90
756800,1134,1044,-90
743890,2760,2670,-90
3509230,2802,2712,-90
2997230,3058,2968,-90
541210,4531,4441,-90
3642000,5587,5497,-90
2564520,6299,6209,-90
1009560,7078,6988,-90
1872750,7415,7325,-90
12710,8138,8048,-90
2141910,170,79,-91
2707930,451,360,-91
719040,1860,1769,-91
3796620,2358,2267,-91
357190,2450,2359,-91
1820000,2463,2372,-91
3579830,5307,5216,-91
3858250,7178,7087,-91
3682050,7578,7487,-91
3917700,651,559,-92
371970,809,717,-92
872410,1158,1066,-92
1369670,1814,1722,-92
1805480,2258,2166,-92
553540,2906,2814,-92
833360,4839,4747,-92
2275440,6319,6227,-92
2206120,6580,6488,-92
1420770,8176,8084,-92
865610,9179,9087,-92
3799610,798,705,-93
1945340,816,723,-93
2016590,1106,1013,-93
2321470,1257,1164,-93
692890,1501,1408,-93
4232510,1988,1895,-93
1158180,2282,2189,-93
3368600,3220,3127,-93
1771980,3258,3165,-93
3562810,5399,5306,-93
389730,924,830,-94
1594320,1054,960,-94
3368620,1486,1392,-94
42680,2641,2547,-94
1884560,4065,3971,-94
3829310,6032,5938,-94
2167630,6620,6526,-94
1721110,1588,1493,-95
4057370,1906,1811,-95
1579880,3247,3152,-95
24790,3297,3202,-95
809230,3328,3233,-95
2229890,3691,3596,-95
774791,6990,6895,-95
4072240,637,541,-96
611790,1271,1175,-96
1880832,1392,1296,-96
1262540,2348,2252,-96
1786790,2779,2683,-96
2501600,3966,3870,-96
327280,4027,3931,-96
1209110,4345,4249,-96
1235759,5507,5411,-96
566890,6279,6183,-96
2543830,382,285,-97
403640,1378,1281,-97
4318580,2068,1971,-97
1721060,2685,2588,-97
2224461,3711,3614,-97
543260,5539,5442,-97
1155650,8956,8859,-97
2244210,783,685,-98
4069520,858,760,-98
4294490,902,804,-98
1343370,1185,1087,-98
2574900,1526,1428,-98
1710820,2359,2261,-98
3400960,2455,2357,-98
1147860,1145,1046,-99
2956680,1331,1232,-99
1938010,3311,3212,-99
3376690,5331,5232,-99
3268800,6229,6130,-99
4623570,882,782,-100
3634190,941,841,-100
2747330,1046,946,-100
4809960,1198,1098,-100
4351410,1372,1272,-100
3796290,1554,1454,-100
3130740,1556,1456,-100
982970,2252,2152,-100
1670430,2308,2208,-100
2197328,5413,5313,-100
266410,234,133,-101
1114150,1253,1152,-101
800370,1355,1254,-101
2763740,1656,1555,-101
223470,1999,1898,-101
2873470,3073,2972,-101
3255980,4183,4082,-101
1233340,5038,4937,-101
2460130,8074,7973,-101
3934250,2261,2159,-102
3683770,2362,2260,-102
385970,3912,3810,-102
1116310,6444,6342,-102
1726382,9069,8967,-102
2162800,926,823,-103
866570,1716,1613,-103
3381680,2522,2419,-103
1082710,3860,3757,-103
1069650,5648,5545,-103
3491230,7090,6987,-103
3133920,1691,1587,-104
3793540,1871,1767,-104
3805260,2373,2269,-104
2340520,2442,2338,-104
588600,6301,6197,-104
2791510,7608,7504,-104
1053710,8286,8182,-104
613100,744,639,-105
516750,1441,1336,-105
1179080,2196,2091,-105
274190,2531,2426,-105
257420,2680,2575,-105
2006140,3846,3741,-105
3315070,6402,6297,-105
2646320,8185,8080,-105
3215050,984,878,-106
2488370,1780,1674,-106
4412690,1887,1781,-106
24800,3900,3794,-106
993090,606,499,-107
3655690,883,776,-107
2231450,1270,1163,-107
1238860,1418,1311,-107
1458150,1489,1382,-107
1117850,1889,1782,-107
2229840,3699,3592,-107
1811990,4991,4884,-107
269770,6483,6376,-107
1963210,7065,6958,-107
678950,840,732,-108
3438810,1055,947,-108
3914860,1505,1397,-108
790820,2826,2718,-108
1802451,3401,3293,-108
224480,5316,5208,-108
4645360,6004,5896,-108
599140,703,594,-109
974480,1422,1313,-109
311560,1655,1546,-109
2721670,3223,3114,-109
1702920,6132,6023,-109
335020,7764,7655,-109
2625420,919,809,-110
3393280,1139,1029,-110
2696050,1396,1286,-110
2275490,5074,4964,-110
3739670,6736,6626,-110
2524890,1217,1106,-111
1137300,2473,2362,-111
2386720,4194,4083,-111
1486710,6951,6840,-111
5084260,7194,7083,-111
3230340,7451,7340,-111
4358690,348,236,-112
4164790,479,367,-112
1080020,5194,5082,-112
720350,7285,7173,-112
1797340,8507,8395,-112
4266960,8551,8439,-112
1824220,767,654,-113
1948280,1629,1516,-113
2653790,3351,3238,-113
236090,5931,5818,-113
1571100,5943,5830,-113
1648880,7074,6961,-113
3746540,1350,1236,-114
4523380,2363,2249,-114
3179120,3089,2975,-114
3607950,4445,4331,-114
13530,4665,4551,-114
1031120,6505,6391,-114
3284290,7797,7683,-114
404680,8000,7886,-114
2261870,8890,8776,-114
1240440,1116,1001,-115
1670540,1757,1642,-115
1266700,1758,1643,-115
2515990,1957,1842,-115
3511300,2022,1907,-115
24880,2739,2624,-115
1945600,5540,5425,-115
4558490,665,549,-116
1209470,1435,1319,-116
3805270,1879,1763,-116
1105670,2096,1980,-116
2084000,4153,4037,-116
2910160,4643,4527,-116
845640,7781,7665,-116
620980,589,472,-117
1604270,664,547,-117
1454400,1485,1368,-117
242700,3358,3241,-117
637100,4148,4031,-117
3333420,4239,4122,-117
3335220,7533,7416,-117
230290,1114,996,-118
947510,1459,1341,-118
3310530,5842,5724,-118
3332600,6799,6681,-118
506500,7015,6897,-118
3151390,2237,2118,-119
2393970,2604,2485,-119
564790,5471,5352,-119
3310650,6630,6511,-119
385800,7410,7291,-119
1958220,2413,2293,-120
1637730,6053,5933,-120
774241,6422,6302,-120
375820,6554,6434,-120
3213970,8110,7990,-120
1892420,9227,9107,-120
1180320,1379,1258,-121
2085540,1389,1268,-121
1794960,1504,1383,-121
885970,1613,1492,-121
2298430,1836,1715,-121
2535440,2134,2013,-121
4157740,3244,3123,-121
2439510,4056,3935,-121
387990,943,821,-122
4893430,970,848,-122
2862860,1795,1673,-122
493490,1856,1734,-122
550320,2428,2306,-122
1353060,2512,2390,-122
2238470,2690,2568,-122
1199030,6122,6000,-122
4285320,8424,8302,-122
2753970,1450,1327,-123
4700,1915,1792,-123
2792170,2554,2431,-123
4212180,2668,2545,-123
1307890,4179,4056,-123
1222370,4453,4330,-123
3107410,4783,4660,-123
1966900,7388,7265,-123
48220,8114,7991,-123
464340,8333,8210,-123
2146570,8847,8724,-123
1133870,854,730,-124
3871330,1618,1494,-124
1238820,2158,2034,-124
536270,2682,2558,-124
3795900,3740,3616,-124
2379910,3817,3693,-124
3963030,7801,7677,-124
3107330,8128,8004,-124
4376980,629,504,-125
2218750,3213,3088,-125
329430,3756,3631,-125
3330250,5756,5631,-125
2358720,564,438,-126
2445690,925,799,-126
3946950,1100,974,-126
2240620,1138,1012,-126
3871400,1796,1670,-126
2469400,2741,2615,-126
2792180,3076,2950,-126
1468720,3638,3512,-126
557340,3659,3533,-126
2581700,6543,6417,-126
2584270,483,356,-127
641990,1397,1270,-127
4974000,1461,1334,-127
4249100,1868,1741,-127
3950020,2019,1892,-127
681280,3082,2955,-127
1088790,3504,3377,-127
688420,3764,3637,-127
3446240,3837,3710,-127
335070,4356,4229,-127
3111930,4617,4490,-127
332570,5022,4895,-127
311260,5048,4921,-127
246840,7218,7091,-127
500810,9252,9125,-127
1049590,491,363,-128
625960,1219,1091,-128
3873970,1760,1632,-128
2815270,2113,1985,-128
5149580,3627,3499,-128
1041840,5429,5301,-128
1049900,7471,7343,-128
392110,1998,1869,-129
3226450,2078,1949,-129
774461,3240,3111,-129
2525310,3622,3493,-129
3955660,6854,6725,-129
4173620,1004,874,-130
2253100,1110,980,-130
2109300,1386,1256,-130
4310080,1968,1838,-130
1253920,2027,1897,-130
1074320,2244,2114,-130
2066020,2536,2406,-130
1361280,2885,2755,-130
414340,2923,2793,-130
2401850,5183,5053,-130
1159560,7166,7036,-130
1281270,7570,7440,-130
925950,7845,7715,-130
2069250,1327,1196,-131
3614130,1751,1620,-131
1611910,2010,1879,-131
1462810,2139,2008,-131
944071,4313,4182,-131
3698790,5750,5619,-131
1203440,9122,8991,-131
2116120,1570,1438,-132
580100,1734,1602,-132
404013,2164,2032,-132
345800,3821,3689,-132
3840400,4096,3964,-132
2454960,4973,4841,-132
1259840,6245,6113,-132
356040,9093,8961,-132
1272320,1295,1162,-133
1549690,4200,4067,-133
500260,7434,7301,-133
3050900,1532,1398,-134
228200,2490,2356,-134
3800340,3551,3417,-134
3214760,4638,4504,-134
4330340,6074,5940,-134
4585870,8976,8842,-134
4406280,660,525,-135
362960,2799,2664,-135
2091020,2924,2789,-135
3100310,3133,2998,-135
1369700,3458,3323,-135
343462,4939,4804,-135
438490,5117,4982,-135
1702390,5241,5106,-135
2934390,5763,5628,-135
235460,1328,1192,-136
410900,1575,1439,-136
1924170,3916,3780,-136
3155290,6977,6841,-136
240500,7446,7310,-136
3312250,8590,8454,-136
3354750,884,747,-137
4107830,898,761,-137
1314563,1578,1441,-137
1090150,1658,1521,-137
5109220,2057,1920,-137
4519130,2491,2354,-137
3774330,3769,3632,-137
50620,3802,3665,-137
1621460,4503,4366,-137
4269090,4695,4558,-137
1521160,9020,8883,-137
246900,2014,1876,-138
241930,2088,1950,-138
1812620,2445,2307,-138
3335020,2603,2465,-138
4232870,2758,2620,-138
47700,3189,3051,-138
33320,4813,4675,-138
330390,5049,4911,-138
4805300,6159,6021,-138
2215010,8093,7955,-138
438100,340,201,-139
1488200,3404,3265,-139
4951190,3472,3333,-139
473690,6680,6541,-139
5212940,850,710,-140
1631270,1917,1777,-140
2869680,2395,2255,-140
3815280,5460,5320,-140
4030870,7123,6983,-140
343463,7304,7164,-140
3199170,1027,886,-141
2609610,1805,1664,-141
1262580,2566,2425,-141
2302660,2717,2576,-141
2060130,2788,2647,-141
4333200,3709,3568,-141
828790,5251,5110,-141
429570,6424,6283,-141
2805520,2240,2098,-142
237930,2734,2592,-142
232890,4320,4178,-142
1632490,5281,5139,-142
3193720,5812,5670,-142
1196150,7257,7115,-142
1101190,7895,7753,-142
1575940,814,671,-143
597170,2255,2112,-143
3059070,2402,2259,-143
3579780,2474,2331,-143
784950,2600,2457,-143
2503770,4020,3877,-143
874390,4324,4181,-143
2488340,8077,7934,-143
553520,8720,8577,-143
1682970,1251,1107,-144
1328350,3662,3518,-144
3146530,4555,4411,-144
288160,4962,4818,-144
115320,1180,1035,-145
4553980,1452,1307,-145
2479650,1911,1766,-145
629820,2090,1945,-145
2015890,2383,2238,-145
3062360,2822,2677,-145
3123060,3174,3029,-145
496300,3325,3180,-145
2453060,4057,3912,-145
2945610,4219,4074,-145
606800,5454,5309,-145
1267910,1301,1155,-146
2015880,3552,3406,-146
1868170,3682,3536,-146
1724940,5661,5515,-146
1605250,4734,4587,-147
1357860,5690,5543,-147
2088810,8364,8217,-147
3142330,9079,8932,-147
799960,684,536,-148
3301110,1802,1654,-148
2792140,3055,2907,-148
1330470,4043,3895,-148
808910,4160,4012,-148
3711140,6596,6448,-148
3817240,6599,6451,-148
405290,6860,6712,-148
9900,642,493,-149
2948190,986,837,-149
2328760,1200,1051,-149
1812090,2374,2225,-149
4013300,4550,4401,-149
3144860,4672,4523,-149
1102310,5423,5274,-149
3669570,877,727,-150
2305640,1973,1823,-150
493340,2166,2016,-150
2310,3080,2930,-150
4317790,3486,3336,-150
1478300,3520,3370,-150
369150,3885,3735,-150
3419300,4372,4222,-150
432710,4830,4680,-150
3350020,8516,8366,-150
1015160,1398,1247,-151
2534090,2119,1968,-151
728740,3233,3082,-151
4407410,9027,8876,-151
3020510,1299,1147,-152
953490,1675,1523,-152
2703850,2069,1917,-152
1010822,2867,2715,-152
590380,3017,2865,-152
721340,5639,5487,-152
3391970,7389,7237,-152
3222640,891,738,-153
4584110,1269,1116,-153
538030,1832,1679,-153
1477840,2974,2821,-153
3641780,4371,4218,-153
1244040,4886,4733,-153
2194520,5502,5349,-153
3330210,5963,5810,-153
1985740,8585,8432,-153
5131900,1600,1446,-154
4627500,1891,1737,-154
606280,2408,2254,-154
3127230,4062,3908,-154
501590,4159,4005,-154
853360,4558,4404,-154
2904040,2396,2241,-155
1565490,2837,2682,-155
25000,4263,4108,-155
3431040,4519,4364,-155
2019810,5431,5276,-155
3144890,2044,1888,-156
1580790,2457,2301,-156
2692990,2594,2438,-156
2343790,3168,3012,-156
743900,3305,3149,-156
1859280,4594,4438,-156
2240110,5175,5019,-156
4144820,6637,6481,-156
2974330,2315,2158,-157
2904660,2449,2292,-157
404014,2542,2385,-157
2933080,3078,2921,-157
1680000,3130,2973,-157
2986450,4804,4647,-157
491950,7376,7219,-157
376680,9022,8865,-157
1315750,1920,1762,-158
1911520,1946,1788,-158
2506160,2102,1944,-158
962750,2653,2495,-158
2591240,6348,6190,-158
3659410,9278,9120,-158
4285110,1097,938,-159
258270,6481,6322,-159
4315040,1433,1273,-160
2190290,2475,2315,-160
2833600,2749,2589,-160
3315580,2861,2701,-160
2637940,5128,4968,-160
3474900,1343,1182,-161
1522090,2752,2591,-161
242920,2797,2636,-161
224760,2936,2775,-161
4447640,8561,8400,-161
834910,9180,9019,-161
1623940,2561,2399,-162
641320,2747,2585,-162
1942110,3022,2860,-162
4364930,1665,1502,-163
1378990,1683,1520,-163
3110760,1773,1610,-163
4165520,3006,2843,-163
3511030,3631,3468,-163
1233070,7690,7527,-163
3672960,1826,1662,-164
779880,2370,2206,-164
4110950,6334,6170,-164
3560370,7145,6981,-164
351710,7439,7275,-164
1833990,7614,7450,-164
544810,697,532,-165
645390,756,591,-165
1099410,1409,1244,-165
1090200,1639,1474,-165
2361770,1649,1484,-165
1388880,1662,1497,-165
3301130,1809,1644,-165
21970,1818,1653,-165
7670,2032,1867,-165
459220,2234,2069,-165
2123890,2242,2077,-165
316790,2913,2748,-165
3585800,6848,6683,-165
257850,1596,1430,-166
1109680,4342,4176,-166
2419041,4928,4762,-166
3077020,7321,7155,-166
1419160,9066,8900,-166
5241370,652,485,-167
4508320,1563,1396,-167
763890,2049,1882,-167
1749860,2446,2279,-167
1641960,3119,2952,-167
620610,3331,3164,-167
1182020,4419,4252,-167
1901750,7344,7177,-167
908520,8432,8265,-167
200260,2039,1871,-168
2331540,3038,2870,-168
3422870,3099,2931,-168
4054090,8765,8597,-168
1213210,2000,1831,-169
239030,2127,1958,-169
292140,2579,2410,-169
1238040,3132,2963,-169
2445260,3288,3119,-169
1931910,3438,3269,-169
1250,3561,3392,-169
2287970,8659,8490,-169
5019920,1238,1068,-170
3315560,2726,2556,-170
2498570,3051,2881,-170
1829590,3159,2989,-170
2896630,5283,5113,-170
1041320,2175,2004,-171
1388850,3516,3345,-171
450550,4058,3887,-171
252610,4178,4007,-171
1146930,4894,4723,-171
225340,6031,5860,-171
2097570,1965,1793,-172
702540,3057,2885,-172
4439280,6927,6755,-172
991170,8303,8131,-172
349040,1080,907,-173
3656800,1160,987,-173
4150860,2103,1930,-173
4264260,2639,2466,-173
4246860,3491,3318,-173
503560,6780,6607,-173
2764370,1000,826,-174
1235734,1449,1275,-174
721090,5493,5319,-174
355890,5826,5652,-174
214510,1978,1803,-175
282530,4220,4045,-175
888790,5965,5790,-175
2938460,1334,1158,-176
4492160,1664,1488,-176
3301120,2031,1855,-176
3133010,3018,2842,-176
219152,7051,6875,-176
4073860,1632,1455,-177
1338770,2213,2036,-177
3282300,2504,2327,-177
1598780,4238,4061,-177
3773070,4754,4577,-177
304380,6455,6278,-177
229480,8850,8673,-177
2572040,2422,2244,-178
3868650,2618,2440,-178
347990,2688,2510,-178
4173830,3025,2847,-178
330830,4022,3844,-178
1029210,5245,5067,-178
4671380,1723,1544,-179
420110,3850,3671,-179
4947180,3894,3715,-179
2095420,4207,4028,-179
751630,4694,4515,-179
4022090,5934,5755,-179
573090,841,661,-180
1353230,871,691,-180
2585830,3961,3781,-180
3992260,4611,4431,-180
1689190,5221,5041,-180
1723260,7493,7313,-180
1284470,2453,2272,-181
1280930,2744,2563,-181
1977570,4489,4308,-181
2291670,5524,5343,-181
761890,828,646,-182
109600,2036,1854,-182
1307710,2583,2401,-182
1268750,2657,2475,-182
735730,2755,2573,-182
695330,3265,3083,-182
1907590,3477,3295,-182
2179850,4383,4201,-182
1613284,7097,6915,-182
4336170,905,722,-183
787860,2105,1922,-183
1956040,2766,2583,-183
1683340,2954,2771,-183
2320,4093,3910,-183
2622000,1019,835,-184
4973980,2883,2699,-184
1843940,3991,3807,-184
2702260,5083,4899,-184
3180150,5526,5342,-184
3994120,7086,6902,-184
2427100,8363,8179,-184
4131730,1475,1290,-185
3587610,3109,2924,-185
3121110,3425,3240,-185
647960,3696,3511,-185
773790,4459,4274,-185
2666510,5786,5601,-185
2711030,8435,8250,-185
1343400,795,609,-186
4197940,1981,1795,-186
674940,2141,1955,-186
2395210,2152,1966,-186
1683150,3293,3107,-186
3174070,1454,1267,-187
913740,2517,2330,-187
1342490,2651,2464,-187
630940,2818,2631,-187
698670,2842,2655,-187
2161440,2845,2658,-187
438480,8151,7964,-187
3624140,836,648,-188
1139980,1637,1449,-188
2233120,3056,2868,-188
32450,3289,3101,-188
3854870,3591,3403,-188
1735680,3672,3484,-188
4182480,5836,5648,-188
835570,758,569,-189
4997640,917,728,-189
1206200,1498,1309,-189
2264340,4214,4025,-189
673130,4319,4129,-190
3481460,4331,4141,-190
3365170,4421,4231,-190
561620,6322,6132,-190
629520,1368,1177,-191
32360,3811,3620,-191
859580,2994,2802,-192
3417410,3965,3773,-192
397460,4619,4427,-192
1407180,5421,5229,-192
882100,6885,6693,-192
1531470,8492,8300,-192
3396010,2328,2135,-193
2532370,3849,3656,-193
2113920,4516,4323,-193
2210140,5638,5445,-193
1003590,1417,1223,-194
1127400,1565,1371,-194
1490890,2980,2786,-194
3938640,3799,3605,-194
2891020,3948,3754,-194
4249300,5079,4885,-194
1233260,5185,4991,-194
2585630,5541,5347,-194
235540,4048,3853,-195
2187290,6642,6447,-195
2871010,7100,6905,-195
4355570,1291,1095,-196
669330,1451,1255,-196
2738880,6743,6547,-196
259810,7084,6888,-196
1108410,8547,8351,-196
666150,1895,1698,-197
2695570,3441,3244,-197
1137750,8596,8399,-197
2190220,2410,2212,-198
2779890,4468,4270,-198
4439260,5125,4927,-198
1895860,6485,6287,-198
3951680,6917,6719,-198
1122340,2702,2503,-199
363150,3049,2850,-199
3470560,3675,3476,-199
2597810,5959,5760,-199
4078870,7085,6886,-199
1642620,8648,8449,-199
3456930,9230,9031,-199
2825190,1319,1119,-200
3067190,1442,1242,-200
3370870,1577,1377,-200
1209120,2355,2155,-200
2452280,2656,2456,-200
2492940,4669,4469,-200
1802450,3454,3253,-201
2358430,5310,5109,-201
4661130,8137,7936,-201
3797340,649,447,-202
1090850,2065,1863,-202
3894440,4317,4115,-202
3833760,5215,5013,-202
3928720,6342,6140,-202
1981570,8316,8114,-202
3453970,1320,1117,-203
3151380,2365,2162,-203
2840470,2710,2507,-203
3315520,2979,2776,-203
4055790,4675,4472,-203
3710980,4827,4624,-203
493900,5135,4932,-203
1056570,6295,6092,-203
2719200,2066,1862,-204
2741560,5829,5625,-204
2436940,1127,922,-205
251060,3037,2832,-205
600480,3091,2886,-205
1627570,3366,3161,-205
3467040,4395,4190,-205
383120,5422,5217,-205
2102040,2091,1885,-206
2950840,2809,2603,-206
1198970,3886,3680,-206
3274410,5359,5153,-206
2398030,7062,6856,-206
2373990,1304,1097,-207
232090,1559,1352,-207
1887030,4540,4333,-207
598810,5667,5460,-207
1437880,8178,7971,-207
1634360,8341,8134,-207
881020,1161,953,-208
1067850,3480,3272,-208
1784890,4996,4788,-208
2457540,2701,2492,-209
2066550,3271,3062,-209
1270580,3746,3537,-209
2115770,3941,3732,-209
1901910,4777,4568,-209
9350,6546,6337,-209
2898270,6558,6349,-209
2649080,7575,7366,-209
3767850,3844,3634,-210
2706170,3887,3677,-210
2825880,4261,4051,-210
67370,5649,5439,-210
3339420,7327,7117,-210
1012790,2494,2283,-211
3818160,3369,3158,-211
256320,5599,5388,-211
295790,6297,6086,-211
282560,7244,7033,-211
248310,7317,7106,-211
3059010,8741,8530,-211
2349820,1153,941,-212
2113850,1265,1053,-212
1316840,2224,2012,-212
2486150,3784,3572,-212
4651970,4014,3802,-212
304650,4801,4589,-212
15370,7278,7066,-212
3170570,8295,8083,-212
272510,5684,5471,-213
1093910,6364,6151,-213
1947130,8640,8427,-213
1235722,2148,1934,-214
1253990,2478,2264,-214
2678640,3471,3257,-214
1291340,5242,5028,-214
2456350,6104,5890,-214
39500,8853,8639,-214
3976890,2271,2056,-215
1899750,2310,2095,-215
393080,3644,3429,-215
1629000,6217,6002,-215
718650,7091,6876,-215
4026250,1534,1318,-216
257350,2012,1796,-216
1588530,2167,1951,-216
38410,4273,4057,-216
1154760,4708,4492,-216
700282,2398,2181,-217
1436950,2502,2285,-217
4301100,2535,2318,-217
715560,3810,3593,-217
1402110,6882,6664,-218
644930,2368,2149,-219
712100,2964,2745,-219
2206340,6102,5883,-219
1283230,7362,7143,-219
2400770,8406,8187,-219
1783560,913,693,-220
975370,1347,1127,-220
502500,1463,1243,-220
961200,1959,1739,-220
1696780,2317,2097,-220
2857120,2389,2169,-220
1432050,3809,3589,-220
1999520,4915,4695,-220
274940,5243,5023,-220
2492040,2415,2194,-221
2789460,5509,5288,-221
13580,5606,5385,-221
3225380,9141,8920,-221
1150640,2059,1837,-222
1373960,2087,1865,-222
2649240,2111,1889,-222
3334790,2503,2281,-222
622450,3136,2914,-222
3391450,3588,3366,-222
593280,8418,8196,-222
3979520,1412,1189,-223
4974020,1733,1510,-223
3419430,1754,1531,-223
1874490,3155,2932,-223
2825200,1904,1680,-224
3660220,3200,2976,-224
2894270,4560,4336,-224
2112231,5203,4979,-224
3118100,3273,3048,-225
2184350,8532,8307,-225
1776780,2860,2634,-226
235580,5473,5247,-226
914710,6282,6056,-226
4235410,8906,8680,-226
3524370,9162,8936,-226
636480,1680,1453,-227
3531720,1768,1541,-227
3052450,1810,1583,-227
1202130,1923,1696,-227
752470,3359,3132,-227
4508570,5204,4977,-227
336140,6755,6528,-227
4614210,1385,1157,-228
5086560,3610,3382,-228
3269270,5045,4817,-228
3269260,5047,4819,-228
91700,6328,6100,-228
256321,6819,6591,-228
873940,7025,6797,-228
1925560,7874,7646,-228
2661270,2230,2001,-229
3140380,2606,2377,-229
2428980,2771,2542,-229
365450,5663,5434,-229
1149620,1609,1379,-230
1472780,2228,1998,-230
3547270,3693,3463,-230
3034950,5434,5204,-230
814540,5768,5538,-230
2739990,1843,1612,-231
3178350,1883,1652,-231
3337140,2875,2644,-231
1638300,8698,8467,-231
4312850,3976,3744,-232
1785150,4136,3904,-232
2939790,5068,4836,-232
1229320,5246,5014,-232
3088070,6136,5904,-232
2739830,8063,7831,-232
3216250,8759,8527,-232
2543810,1794,1561,-233
2982320,5104,4871,-233
2672800,7900,7667,-233
2663150,8968,8735,-233
3687050,2256,2022,-234
3315570,2743,2509,-234
981430,6996,6762,-234
3596190,4796,4561,-235
1367080,1538,1302,-236
3710840,1945,1709,-236
3569500,2993,2757,-236
3696610,4978,4742,-236
3929200,6062,5826,-236
1826420,1339,1102,-237
4446280,1421,1184,-237
2015270,2360,2123,-237
1007040,2454,2217,-237
322500,2515,2278,-237
2644610,5489,5252,-237
3749320,5937,5700,-237
294530,4423,4185,-238
1544360,5435,5197,-238
315960,5537,5299,-238
1857080,5634,5396,-238
1214650,1705,1466,-239
2055140,4199,3960,-239
4600470,1439,1199,-240
2791000,3339,3099,-240
1443780,6237,5997,-240
3209480,6783,6543,-240
305620,1663,1422,-241
2542020,1845,1604,-241
4404070,1954,1713,-241
1140001,2658,2417,-241
2066520,7829,7588,-241
2689470,4477,4235,-242
617670,8827,8585,-242
799790,8988,8746,-242
362890,1567,1324,-243
3491690,2586,2343,-243
1684930,5432,5189,-243
2888120,5731,5488,-243
1963680,1713,1469,-244
319510,1725,1481,-244
3402420,8034,7790,-244
1894430,2663,2418,-245
4635200,3687,3442,-245
1159290,5089,4844,-245
4380410,6198,5953,-245
2093410,8340,8095,-245
4632540,8901,8656,-245
2051620,959,713,-246
2081880,1605,1359,-246
2671060,1798,1552,-246
450540,2854,2608,-246
1777620,3554,3308,-246
2299780,6835,6589,-246
2689120,956,709,-247
444930,4113,3866,-247
2672810,7918,7671,-247
248860,8388,8141,-247
1270540,3582,3334,-248
3606610,4875,4627,-248
3353390,7380,7132,-248
1514840,8030,7782,-248
1089980,2143,1894,-249
396900,6413,6164,-249
1003890,7530,7281,-249
404012,1823,1573,-250
1557740,2378,2128,-250
4440380,2880,2630,-250
4199610,3094,2844,-250
2709570,4504,4254,-250
4585340,4588,4338,-250
895620,3048,2797,-251
1948980,4470,4219,-251
1094520,5234,4983,-251
2313540,2898,2646,-252
1522820,3272,3020,-252
2987800,4111,3859,-252
1479140,8088,7836,-252
1602000,1842,1589,-253
799600,3505,3252,-253
961930,3868,3615,-253
1265640,4433,4180,-253
1963370,5356,5103,-253
1377080,7126,6873,-253
1850510,2165,1911,-254
1471410,2919,2665,-254
4250650,3261,3007,-254
3372060,3558,3304,-254
515960,4109,3855,-254
253750,5869,5615,-254
3972570,5876,5622,-254
2250550,7932,7678,-254
1850050,2921,2666,-255
2424010,3913,3658,-255
224180,6165,5910,-255
1654660,6820,6565,-255
4364730,1189,933,-256
1013320,1553,1297,-256
2337640,4240,3984,-256
3086710,1549,1292,-257
4312180,2186,1929,-257
3871350,2443,2186,-257
951770,2630,2373,-257
966680,3314,3057,-257
2400640,6176,5919,-257
285310,6501,6244,-257
3046550,8184,7927,-257
4323000,1406,1148,-258
541570,1926,1668,-258
1850160,2338,2080,-258
285190,3062,2804,-258
3168600,3280,3022,-258
7940,3362,3104,-258
285330,4369,4111,-258
857980,4841,4583,-258
207620,7456,7198,-258
1849250,2172,1913,-259
5028390,4849,4590,-259
15750,7079,6820,-259
63660,9185,8926,-259
2544110,3921,3661,-260
1158940,5905,5645,-260
4961870,1737,1476,-261
3399950,8856,8595,-261
1161590,4920,4658,-262
1206340,5020,4758,-262
1051690,7093,6831,-262
3634520,2321,2058,-263
1167750,4215,3952,-263
1539140,4460,4197,-263
3216340,6510,6247,-263
2168680,1022,758,-264
1170570,2412,2148,-264
4366330,2731,2467,-264
40980,3389,3125,-264
2851150,7039,6775,-264
1787960,8144,7880,-264
4225890,8153,7889,-264
1816550,1905,1640,-265
399810,4710,4445,-265
3625270,7267,7002,-265
5120650,2546,2280,-266
2200780,3617,3351,-266
440650,3757,3491,-266
1057640,4993,4727,-266
1996390,2716,2449,-267
2274620,3782,3515,-267
605230,4289,4022,-267
2701090,4998,4731,-267
635260,1727,1459,-268
310950,2193,1925,-268
1235743,2259,1991,-268
1530640,5979,5711,-268
850000,8224,7956,-268
2103140,2272,2003,-269
951650,5192,4923,-269
1679210,6039,5770,-269
2672820,7869,7600,-269
5009590,1072,802,-270
2778610,1870,1600,-270
2208570,2270,2000,-270
2419090,3931,3660,-271
4870430,4209,3938,-271
1045980,4309,4038,-271
3596170,5644,5373,-271
1244630,5782,5511,-271
2053021,8478,8207,-271
2796640,2596,2324,-272
2074800,2611,2339,-272
2407830,2635,2363,-272
2193490,7549,7277,-272
3887700,4772,4499,-273
3767740,4926,4653,-273
1900340,9089,8816,-273
2719560,9123,8850,-273
4433900,1710,1436,-274
1206070,3007,2733,-274
107100,3487,3213,-274
2237970,3835,3561,-274
1262600,3995,3721,-274
2627780,4467,4193,-274
1348140,5397,5123,-274
2359120,5451,5177,-274
2075070,6220,5946,-274
601670,6223,5949,-274
2581950,6463,6189,-274
2800250,6718,6444,-274
400940,9217,8943,-274
2671080,3356,3081,-275
483980,4566,4291,-275
5142810,5130,4855,-275
2404880,1574,1298,-276
2902230,1597,1321,-276
2523720,1739,1463,-276
1801110,3567,3291,-276
4537100,6469,6193,-276
1227280,7609,7333,-276
3016840,8175,7899,-276
250320,5353,5075,-278
4056800,5976,5698,-278
4857580,1118,839,-279
1063420,2732,2453,-279
1991040,4258,3979,-279
1450120,6180,5901,-279
1788250,6857,6578,-279
1546670,2953,2673,-280
2680550,3962,3682,-280
1429880,4545,4265,-280
1910790,8576,8296,-280
601510,1186,905,-281
2394650,1862,1581,-281
1325860,1995,1714,-281
1106840,2195,1914,-281
221910,2764,2483,-281
1517970,4766,4485,-281
1156990,7559,7278,-281
1299591,2772,2490,-282
1109570,5478,5195,-283
2470300,5846,5563,-283
2054413,6010,5727,-283
843200,6986,6703,-283
3083300,7215,6932,-283
4631620,8310,8027,-283
3092660,1309,1025,-284
4310440,4182,3898,-284
2061250,4442,4158,-284
4243690,7287,7003,-284
2001760,1924,1639,-285
3897800,2406,2121,-285
3562890,2933,2648,-285
1963570,3077,2792,-285
2436570,4110,3825,-285
725270,9240,8955,-285
2738490,2768,2482,-286
2282030,7573,7287,-286
3481020,7729,7443,-286
1318690,4270,3983,-287
4893470,1071,783,-288
3315550,3649,3361,-288
1389990,4382,4094,-288
2681820,6800,6512,-288
5027520,1626,1337,-289
208670,7210,6921,-289
2673460,7480,7191,-289
1224290,8026,7737,-289
502280,2493,2203,-290
3199650,2672,2382,-290
1511630,3509,3218,-291
1442520,5298,5007,-291
2780000,5355,5064,-291
776950,6280,5989,-291
1357210,2830,2538,-292
3180340,3692,3400,-292
3034940,6390,6098,-292
1443620,9117,8825,-292
1433140,3878,3585,-293
1881200,4414,4121,-293
2285970,5920,5627,-293
956030,6896,6603,-293
205710,9057,8764,-293
1701720,6644,6350,-294
4412000,2570,2275,-295
2357910,3027,2732,-295
461244,5696,5401,-295
303210,4298,4002,-296
4810070,8236,7940,-296
4146760,1401,1104,-297
3762660,2262,1965,-297
1525700,3040,2743,-297
2570210,3373,3076,-297
1056761,7350,7053,-297
1650010,1834,1536,-298
4483530,3122,2824,-298
32500,3185,2887,-298
3562730,3206,2908,-298
903930,3705,3407,-298
4005220,2697,2398,-299
2200,4425,4126,-299
2109370,6937,6638,-299
4357580,2267,1967,-300
3971950,2557,2257,-300
1726380,4099,3799,-300
2077750,4688,4388,-300
1967690,7728,7428,-300
3880120,9293,8993,-300
3596180,5088,4787,-301
809020,7678,7377,-301
1901370,8029,7728,-301
32470,1851,1549,-302
1102190,4851,4549,-302
995860,6568,6266,-302
1128810,2972,2669,-303
3533100,3641,3338,-303
3864450,7650,7347,-303
537340,8542,8239,-303
1906240,9092,8789,-303
2529820,9212,8909,-303
3891560,2176,1872,-304
595500,5167,4863,-304
228360,5616,5312,-304
650000,8278,7974,-304
1337760,4547,4242,-305
1715590,4701,4396,-305
3622820,5367,5062,-305
1351240,2775,2469,-306
3920680,3315,3009,-306
2843190,5082,4776,-306
1343500,6192,5886,-306
3979620,2429,2122,-307
3259470,3690,3383,-307
1127700,4392,4085,-307
589590,5097,4790,-307
39690,6326,6019,-307
1352930,8461,8153,-308
675690,4333,4024,-309
4424920,4411,4102,-309
4953610,6955,6646,-309
2909580,3026,2716,-310
1174370,4771,4461,-310
609320,6007,5697,-310
2487150,6219,5909,-310
4917440,1949,1638,-311
1388770,2056,1745,-311
3274430,5881,5570,-311
2432430,6497,6186,-311
1129310,6941,6630,-311
4908050,1492,1180,-312
1920490,2525,2213,-312
1161580,2720,2408,-312
356400,6186,5874,-312
238960,1799,1486,-313
2698780,2249,1936,-313
32430,2616,2303,-313
4195110,2970,2657,-313
4078560,5166,4853,-313
1795690,7181,6868,-313
3871390,1672,1357,-315
2292800,2529,2214,-315
3146520,4600,4285,-315
3330,5213,4897,-316
1088290,6140,5824,-316
1656930,7506,7190,-316
1345890,9113,8797,-316
3602570,2976,2659,-317
2304440,4068,3751,-317
2430400,4274,3957,-317
3483880,6606,6289,-317
4511550,7277,6960,-317
2834350,4452,4134,-318
297831,6027,5709,-318
277830,7704,7386,-318
1778790,8889,8571,-318
3478870,1969,1650,-319
764790,4009,3690,-319
662351,7720,7401,-319
3672720,4444,4124,-320
1880610,5550,5230,-320
695680,3380,3059,-321
2774040,4391,4070,-321
343464,4765,4444,-321
718560,5669,5348,-321
1465470,2562,2240,-322
1096570,4042,3720,-322
575720,6555,6233,-322
4627490,2927,2604,-323
207490,6629,6306,-323
3831210,2035,1711,-324
1245560,3371,3047,-324
671970,6576,6252,-324
1287840,7707,7383,-324
2410170,8456,8132,-324
1477590,1468,1143,-325
4512570,2575,2250,-325
3304770,3820,3495,-325
2530490,3826,3501,-325
1289670,585,259,-326
3275760,3498,3172,-326
3030350,4876,4550,-326
1546570,7648,7322,-326
5036120,1494,1167,-327
567990,2524,2197,-327
4250630,4773,4446,-327
4911310,6331,6004,-327
1285670,6785,6458,-327
3418990,7104,6777,-327
4511900,7402,7075,-327
3699590,764,436,-328
4196070,2774,2446,-328
3265230,3190,2862,-328
1227700,4054,3726,-328
3265290,7429,7101,-328
2314720,6487,6158,-329
767320,1240,910,-330
1249970,3071,2741,-330
2897580,3788,3458,-330
1690710,5932,5602,-330
1546860,8935,8605,-330
1997040,681,350,-331
469600,3144,2813,-331
3902750,4441,4110,-331
777150,6962,6631,-331
1153410,2185,1853,-332
21010,7478,7146,-332
2085260,9290,8957,-333
3431300,1503,1169,-334
4997650,2060,1726,-334
3174360,4074,3740,-334
2438680,5373,5039,-334
4090330,6913,6579,-334
22000,7049,6715,-334
2166050,9201,8867,-334
3108510,2364,2029,-335
2999030,5032,4697,-335
5259980,6446,6111,-335
3933120,8979,8644,-335
99900,1865,1529,-336
4312460,8280,7944,-336
4415120,2849,2512,-337
2111190,3340,3003,-337
4423110,5518,5181,-337
432350,6222,5885,-337
2977260,1772,1434,-338
4196060,2633,2295,-338
2427430,4084,3746,-338
3894850,5028,4690,-338
3290690,2423,2084,-339
1260520,3134,2795,-339
2174380,4428,4089,-339
2157680,4930,4591,-339
2070270,2959,2619,-340
2671030,3795,3455,-340
4298500,3927,3587,-340
3741860,4919,4579,-340
933610,6751,6411,-340
1324780,1502,1161,-341
3510740,1601,1260,-341
4508910,3172,2831,-341
1262460,6320,5979,-341
2198874,7670,7329,-341
1093700,3164,2822,-342
2819590,3623,3281,-342
3891400,3946,3604,-342
1076850,5794,5452,-342
3524240,8118,7776,-342
3030340,5288,4945,-343
2712380,5700,5356,-344
1093290,7742,7398,-344
1843410,2864,2519,-345
1135230,2868,2523,-345
1368820,2911,2566,-345
2368930,5159,4814,-345
3238670,6584,6239,-345
2144600,7467,7122,-345
3936270,1804,1458,-346
2739630,3874,3528,-346
1392960,5627,5281,-346
3226080,8866,8520,-346
1689500,1667,1320,-347
2474770,2819,2472,-347
4745140,6024,5677,-347
603850,6657,6310,-347
3428570,6952,6605,-347
1335200,636,288,-348
736260,2407,2059,-348
2383430,2451,2102,-349
1341520,4500,4151,-349
1998240,4628,4279,-349
4157430,5600,5251,-349
1085510,7073,6724,-349
1469170,8089,7740,-349
2701860,3180,2830,-350
4403510,4174,3824,-350
5000050,6271,5920,-351
957960,8252,7901,-351
1390410,3973,3621,-352
2400160,4890,4538,-352
22230,7515,7163,-352
3114900,8854,8502,-352
3871360,3574,3221,-353
366090,3726,3373,-353
3244800,5093,4740,-353
2502780,5571,5218,-353
620620,5903,5550,-353
589290,1955,1601,-354
1454970,3541,3187,-354
1280780,4834,4480,-354
6010,6621,6267,-354
2981090,6796,6442,-354
395200,7671,7317,-354
2426960,819,464,-355
1708850,3427,3072,-355
4271990,4077,3722,-355
3249650,7031,6675,-356
4635240,7574,7218,-356
4868930,2280,1923,-357
3579800,5675,5318,-357
2379740,1286,928,-358
1520370,1706,1348,-358
35700,6383,6025,-358
3985030,4965,4606,-359
4835530,3097,2736,-361
9010,5875,5514,-361
3426920,9171,8810,-361
2697940,5427,5065,-362
3919190,8119,7757,-362
4044570,9277,8915,-362
777130,3407,3044,-363
362620,3571,3208,-363
3542380,3741,3378,-363
3028020,4476,4113,-363
5109260,3594,3230,-364
3580580,5157,4793,-364
2889700,6965,6601,-364
48240,7971,7607,-364
361280,3205,2840,-365
1964040,8949,8584,-365
1507580,4561,4194,-367
2530250,5008,4641,-367
4867080,6352,5985,-367
2225070,1863,1495,-368
3181650,5611,5243,-368
4536140,7246,6878,-368
2250500,2896,2527,-369
3051590,4826,4457,-369
565610,7107,6738,-369
1494420,8150,7781,-369
3208560,8463,8094,-369
354140,3175,2805,-370
2471100,4076,3706,-370
1691420,7923,7553,-370
2955520,9082,8712,-370
1209461,9216,8846,-370
2569510,2390,2019,-371
4190240,3226,2855,-371
2099110,5141,4770,-371
4991110,6790,6419,-371
3858650,3123,2751,-372
1847240,8539,8167,-372
200210,827,454,-373
5011460,5030,4657,-373
2934330,3400,3026,-374
2870340,3542,3168,-374
1450830,5904,5530,-374
2399160,6786,6412,-374
2727400,5609,5234,-375
3470610,6636,6261,-375
1967640,7139,6764,-375
4499280,9067,8692,-375
737040,9268,8892,-376
394690,2963,2586,-377
2464230,4880,4502,-378
3800850,5902,5524,-378
716670,2803,2424,-379
443110,4327,3948,-379
3816000,6417,6038,-379
4062860,7203,6824,-379
3400930,2708,2328,-380
4078570,5383,5003,-380
1776970,5472,5092,-380
1533390,1900,1519,-381
2788520,2751,2370,-381
2150050,5968,5587,-381
1614550,6088,5707,-381
3254350,6912,6531,-381
1272080,1298,916,-382
566540,4312,3930,-382
5270380,7124,6742,-382
10180,1769,1386,-383
707030,2874,2491,-383
794600,3661,3278,-383
2272540,3230,2846,-384
251150,5424,5040,-384
1358140,7926,7542,-384
2878450,1775,1390,-385
4634490,3257,2872,-385
4129920,3296,2911,-385
1592630,6452,6067,-385
994910,7058,6673,-385
253900,7235,6850,-385
78000,7613,7228,-385
571710,6316,5930,-386
955900,2699,2312,-387
2353512,7631,7244,-387
1861610,8201,7814,-387
2964090,1356,968,-388
885000,2204,1816,-388
4927490,2438,2050,-388
3560670,1964,1575,-389
2346830,6750,6361,-389
331750,7137,6748,-389
4357560,4218,3828,-390
3549020,4017,3626,-391
1125510,6923,6532,-391
830461,6461,6069,-392
4244040,9119,8727,-392
4483540,4186,3792,-394
1159830,4426,4032,-394
486860,5530,5135,-395
2074431,5573,5178,-395
1058450,5907,5512,-395
2555950,6742,6347,-395
3126330,7546,7151,-395
3743090,7691,7296,-395
4691990,4094,3698,-396
248610,5393,4997,-396
758690,7105,6709,-396
988440,9225,8829,-396
1401730,5202,4805,-397
2602020,6200,5803,-397
267630,8773,8376,-397
530890,9087,8690,-397
3557620,1042,644,-398
2027330,3406,3008,-398
1553061,4287,3889,-398
1724942,7251,6853,-398
3690010,7903,7505,-398
3227760,9135,8737,-398
535520,7837,7438,-399
3373500,1715,1315,-400
2121980,4696,4296,-400
4033080,6650,6250,-400
22100,7132,6732,-400
919680,7604,7204,-400
3410180,8701,8301,-400
1021110,4357,3956,-401
332800,2160,1758,-402
315210,2223,1821,-402
3522640,3760,3358,-402
2719740,4514,4112,-402
1603640,4748,4346,-402
848480,5001,4598,-403
4283360,5885,5482,-403
290100,6069,5666,-403
2350270,5828,5424,-404
1283090,6012,5608,-404
1782450,6107,5703,-404
3468660,7109,6705,-404
3903800,9200,8796,-404
1663040,5814,5409,-405
1052990,6462,6057,-405
3193680,7746,7341,-405
4195470,4893,4487,-406
4893450,5474,5068,-406
562860,5785,5379,-406
1075190,8636,8230,-406
4502710,2150,1743,-407
1349230,3797,3390,-407
1140000,4816,4409,-407
207140,4820,4413,-407
1294810,6412,6005,-407
4372020,8749,8342,-407
596970,6562,6154,-408
234330,4980,4571,-409
4200440,5822,5413,-409
1462460,8757,8348,-409
1432320,2281,1870,-411
2965660,3308,2897,-411
3579810,5679,5268,-411
2074240,9189,8778,-411
555160,2487,2075,-412
605740,3193,2781,-412
573100,3414,3002,-412
3622640,6091,5679,-412
3458180,7877,7465,-412
2469350,6993,6580,-413
3640360,9038,8624,-414
3565480,2931,2516,-415
1981820,4944,4529,-415
1336350,3470,3054,-416
204030,5581,5165,-416
1970580,5978,5562,-416
5127010,6311,5894,-417
1677740,3778,3360,-418
4539740,5987,5569,-418
3110010,6162,5744,-418
70600,7284,6866,-418
4712160,1984,1565,-419
4116960,4788,4369,-419
2943180,5320,4901,-419
1962870,6815,6396,-419
3477300,7414,6995,-419
1238104,8774,8355,-419
5348550,880,460,-420
445980,4579,4159,-420
1563180,5334,4914,-420
3868310,7183,6763,-420
3866920,9310,8890,-420
285920,3343,2922,-421
339230,8598,8176,-422
2657090,3678,3255,-423
2991170,4812,4389,-423
3319120,5528,5105,-423
1902940,8173,7750,-423
1887100,8814,8391,-423
2854740,4901,4477,-424
2391960,7155,6731,-424
1928980,3845,3420,-425
2013290,6197,5772,-425
1108270,7219,6794,-425
1549970,2330,1904,-426
212301,5512,5086,-426
2086160,8301,7875,-426
2701720,2381,1954,-427
944290,2735,2308,-427
3471800,6329,5902,-427
3794610,6900,6473,-427
2790700,8207,7779,-428
2248760,2367,1938,-429
587520,8142,7713,-429
10090,2416,1986,-430
2321780,2891,2461,-430
2712460,4963,4533,-430
2798330,2527,2096,-431
3335470,6909,6478,-431
1542360,3195,2763,-432
3871410,3269,2837,-432
2064610,6395,5963,-432
4834450,8140,7708,-432
4355970,8377,7945,-432
99910,2884,2451,-433
3541630,4636,4203,-433
2200580,2521,2087,-434
2448020,4100,3666,-434
2686540,5585,5151,-434
332350,6495,6061,-434
3850970,7469,7035,-434
4557340,7965,7531,-434
1130380,6333,5898,-435
3484750,6564,6129,-435
542050,8343,7908,-435
1510030,6612,6176,-436
1003310,8123,7687,-436
1162520,4533,4096,-437
1054510,5319,4881,-438
2427746,7663,7225,-438
1988540,7937,7498,-439
326460,4660,4220,-440
2139991,6191,5751,-440
595690,7652,7212,-440
354240,8420,7980,-440
418030,2194,1753,-441
2492670,1726,1284,-442
3651200,2825,2383,-442
4250550,4590,4148,-442
3593650,4790,4348,-442
3292260,5795,5353,-442
1477830,6705,6263,-442
1046030,7507,7064,-443
2427745,7745,7302,-443
2380050,3774,3330,-444
3432480,4266,3822,-444
4694190,4618,4174,-444
3350300,6776,6331,-445
48720,7028,6583,-445
2908950,3637,3191,-446
2824380,4922,4476,-446
2479090,5851,5405,-446
1647620,5895,5449,-446
4132890,3182,2735,-447
1016800,4007,3560,-447
4303040,4877,4430,-447
632950,3611,3163,-448
1586800,4124,3676,-448
2353510,8781,8333,-448
4556010,5469,5020,-449
1446900,5926,5477,-449
373930,4146,3696,-450
1457080,4794,4344,-450
893050,8910,8460,-450
3124590,5942,5490,-452
3566870,6529,6077,-452
1959390,7374,6922,-452
889510,3484,3031,-453
5216710,3681,3228,-453
843380,3852,3399,-453
3288210,3945,3492,-453
1051410,8671,8218,-453
831560,2045,1591,-454
2199210,6675,6221,-454
1196770,7594,7140,-454
94400,4604,4149,-455
1933740,5838,5383,-455
4024620,6655,6200,-455
3027840,4381,3925,-456
1276760,5656,5200,-456
3424610,7593,7137,-456
872280,3350,2893,-457
1817361,5225,4768,-457
2387040,5781,5324,-457
461249,7672,7215,-457
2324290,2151,1693,-458
227600,5350,4892,-458
4261930,5376,4918,-458
21000,5415,4957,-458
1342690,7517,7059,-458
3445340,8076,7618,-458
1018800,8580,8122,-458
553310,2276,1817,-459
4158070,6184,5725,-459
2019300,5536,5076,-460
1850660,6065,5605,-460
40100,6317,5855,-462
3057670,6623,6161,-462
1455630,2448,1984,-464
388210,4494,4030,-464
1235758,8439,7975,-464
340170,4905,4440,-465
3118110,4755,4289,-466
3570060,6086,5620,-466
3116700,6863,6397,-466
1140150,3170,2703,-467
240440,9311,8844,-467
2106670,4868,4400,-468
2431080,5455,4987,-468
482450,7572,7104,-468
866140,7878,7410,-468
1465070,3743,3274,-469
346900,6748,6279,-469
1555110,8454,7985,-469
1009821,4725,4255,-470
3400000,6774,6304,-470
4734690,3432,2961,-471
850010,3864,3393,-471
3871380,4002,3531,-471
3255500,6451,5980,-471
2747550,6985,6514,-471
2408730,7325,6854,-471
1625400,8670,8199,-471
4249280,3326,2854,-472
2556990,4969,4497,-472
975400,5249,4777,-472
1869270,8763,8291,-472
614580,4231,3758,-473
3595530,5123,4650,-473
3391380,7408,6935,-473
986850,4279,3805,-474
1926520,7010,6536,-474
715950,8197,7723,-474
1866130,2275,1800,-475
1284410,3012,2536,-476
2281730,4818,4342,-476
1589120,8977,8501,-476
1022980,2956,2479,-477
4185010,5465,4988,-477
362490,6246,5769,-477
4179280,8330,7853,-477
2304810,8780,8303,-477
1005300,2670,2192,-478
2389040,8731,8253,-478
3748520,2264,1785,-479
2749770,5625,5146,-479
2014550,7336,6857,-479
794860,4223,3743,-480
3219010,4386,3906,-480
1522650,7577,7097,-480
307640,7641,7160,-481
1492730,5191,4709,-482
960420,5952,5470,-482
363680,8487,8005,-482
3558400,4276,3793,-483
1521580,4925,4442,-483
1128540,8719,8236,-483
3315290,2400,1916,-484
2350280,4927,4443,-484
280160,5220,4736,-484
3375780,2458,1973,-485
2250420,8427,7942,-485
5020360,8615,8129,-486
2108630,5713,5226,-487
3396290,5765,5278,-487
1282550,6137,5650,-487
1220010,7035,6548,-487
3976500,4517,4029,-488
4508890,5268,4780,-488
1266540,5819,5331,-488
2215260,5917,5429,-488
4140530,4132,3643,-489
3802460,2313,1822,-491
1568590,3332,2841,-491
690040,3673,3182,-491
4053820,5715,5224,-491
1496250,8689,8198,-491
352720,5466,4974,-492
4244640,7067,6575,-492
3204250,7290,6798,-492
2197890,4269,3776,-493
3732960,5081,4588,-493
3454650,5182,4689,-493
4916490,6427,5934,-493
4997550,8147,7654,-493
1404210,4071,3577,-494
1569190,4538,4044,-494
4372140,4781,4287,-494
2966320,6087,5593,-494
559100,8239,7745,-494
4744690,2667,2172,-495
1101120,4518,4023,-495
4341060,5806,5311,-495
4796830,4439,3943,-496
1614440,4549,4053,-496
2013850,7754,7258,-496
1237980,4649,4152,-497
3624790,4948,4451,-497
346940,6274,5777,-497
1722860,5879,5380,-499
3639520,8360,7860,-500
1082180,9159,8659,-500
1038250,3033,2532,-501
1649010,6589,6088,-501
46510,8980,8479,-501
3551410,4852,4350,-502
1979530,5914,5412,-502
354160,6865,6363,-502
1643210,8536,8034,-502
3285500,8849,8347,-502
3905010,3824,3321,-503
2659380,5131,4628,-503
276810,5901,5398,-503
2009350,2235,1731,-504
2569670,4463,3959,-504
2022180,6708,6204,-504
1064460,7041,6537,-504
3946110,5969,5464,-505
204372,6849,6344,-505
4416300,3021,2515,-506
801550,9006,8499,-507
2539520,9302,8795,-507
1677110,2807,2299,-508
273153,8099,7591,-508
92800,8366,7858,-508
4534000,8653,8145,-508
2464530,3857,3348,-509
3204290,6647,6138,-509
4078200,2353,1843,-510
730820,4530,4020,-510
2345650,4819,4309,-510
2674590,8675,8164,-511
1471590,4784,4272,-512
1432850,7432,6920,-512
3925760,8877,8365,-512
2142330,9175,8663,-512
1342260,3562,3049,-513
218680,4332,3819,-513
2932380,9028,8514,-514
1010821,4680,4165,-515
204371,6766,6251,-515
4182010,4907,4391,-516
1215390,6125,5609,-516
1972440,4645,4128,-517
201790,7603,7086,-517
438040,3066,2548,-518
3337040,4534,4016,-518
920630,4833,4315,-518
1958170,8593,8075,-518
2586440,4764,4245,-519
1928690,4957,4437,-520
307110,5476,4956,-520
2771130,7839,7319,-520
353270,8934,8414,-520
4152550,4981,4460,-521
35450,6668,6147,-521
460120,8862,8341,-521
5167410,1821,1299,-522
3454980,2649,2127,-522
3604340,3262,2740,-522
715191,3992,3470,-522
2231410,4197,3675,-522
3601800,4483,3961,-522
5015110,5365,4843,-522
6800,5534,5011,-523
452440,6689,6166,-523
4285690,3790,3266,-524
2782610,6254,5730,-524
2656010,3045,2520,-525
1548850,3214,2689,-525
2437670,4047,3522,-525
3063250,3934,3408,-526
3091180,8422,7896,-526
2308690,4353,3826,-527
3299590,6598,6071,-527
1477070,3514,2986,-528
651440,9127,8599,-528
2454890,8664,8135,-529
260750,3473,2942,-531
1368571,5604,5073,-531
1928420,6209,5678,-531
5061980,7222,6691,-531
3069810,8014,7483,-531
4314650,3703,3171,-532
4502100,4201,3669,-532
1671570,4871,4339,-532
1961600,8489,7957,-532
42700,2020,1487,-533
1483870,2757,2223,-534
2941710,5444,4910,-534
4312380,5874,5340,-534
1330000,4044,3509,-535
4710940,7732,7197,-535
2856380,8219,7684,-535
577690,3834,3298,-536
283160,6916,6379,-537
3186040,8235,7698,-537
2876200,3321,2783,-538
3971650,4225,3687,-538
1946560,5498,4960,-538
342560,5912,5374,-538
674930,7651,7113,-538
2712590,3475,2934,-541
306020,4358,3817,-541
1473260,7152,6611,-541
1158730,8517,7976,-541
3976180,9183,8642,-541
3144340,5522,4980,-542
4603110,6093,5551,-542
4340980,6355,5813,-542
2193220,6935,6393,-542
99612,7768,7226,-542
2499360,4424,3881,-543
3118120,4921,4378,-543
937170,5710,5167,-543
3844750,6244,5701,-543
2130960,7494,6951,-543
566050,8091,7547,-544
495910,3324,2779,-545
2434600,4644,4099,-545
3413170,5155,4610,-545
3868320,4769,4223,-546
2526550,3643,3096,-547
564230,3695,3148,-547
1266470,5069,4522,-547
3265250,6426,5879,-547
1080550,8132,7585,-547
446520,9218,8671,-547
977400,2581,2033,-548
1910680,4565,4017,-548
1213300,5815,5267,-548
4012810,3385,2836,-549
1097200,4116,3567,-549
4111260,9202,8652,-550
2748340,2718,2167,-551
1933000,3882,3331,-551
1584940,5722,5171,-551
1234730,4661,4109,-552
887120,5062,4510,-552
3501540,7118,6566,-552
916840,4003,3450,-553
3734890,4641,4088,-553
1811550,6658,6105,-553
4094660,1762,1208,-554
4627110,1991,1437,-554
3243190,3227,2672,-555
2157560,3004,2448,-556
1221950,3430,2874,-556
3149980,5417,4861,-556
422970,6154,5598,-556
1233370,7911,7355,-556
3589510,3979,3422,-557
2147380,5329,4772,-557
417880,6570,6013,-557
2819400,3572,3014,-558
972370,5021,4462,-559
2067920,6419,5859,-560
1553060,7960,7400,-560
1787090,4731,4170,-561
1843020,7976,7415,-561
2427744,8039,7478,-561
3294480,4703,4140,-563
220740,4761,4198,-563
3339810,4862,4299,-563
3588040,5804,5240,-564
2792150,4407,3842,-565
270150,6433,5868,-565
949480,8989,8424,-565
4600460,3759,3193,-566
4038320,8861,8294,-567
4196080,5368,4799,-569
3543920,7582,7012,-570
2124750,3771,3199,-572
420610,5562,4990,-572
235585,7600,7028,-572
1283970,6112,5539,-573
1195290,6706,6133,-573
780290,2346,1771,-575
1032430,3237,2662,-575
1829591,3814,3239,-575
1178830,4681,4106,-575
237310,5075,4500,-575
1289720,7012,6437,-575
1333350,2145,1569,-576
2231950,8589,8013,-576
2230110,3120,2543,-577
552590,8106,7529,-577
2873780,8311,7734,-577
5090060,3767,3189,-578
2280060,5784,5206,-578
3660210,6310,5731,-579
16867,6625,6046,-579
43600,8959,8380,-579
3480,4713,4133,-580
3261720,4011,3430,-581
518910,5632,5051,-581
3612850,6155,5574,-581
2177430,8433,7852,-581
356500,7792,7210,-582
1330460,5255,4671,-584
2206350,8047,7463,-584
1896700,3530,2945,-585
3765010,4089,3504,-585
885810,5749,5163,-586
3969080,2101,1514,-587
1147100,4427,3840,-587
2526540,3372,2784,-588
4418930,8134,7546,-588
4148530,3823,3234,-589
2923820,4041,3451,-590
1377580,4988,4398,-590
1860510,5046,4456,-590
1179680,5531,4940,-591
4911300,6640,6049,-591
1812410,7921,7330,-591
1547890,4051,3459,-592
2835530,6827,6235,-592
2506610,5747,5154,-593
4668220,5854,5261,-593
830460,7236,6643,-593
3616260,2978,2384,-594
2280350,5499,4905,-594
3601770,6095,5501,-594
388471,7083,6489,-594
2840190,7841,7246,-595
234270,8672,8077,-595
16900,2477,1881,-596
544550,2660,2064,-596
2648050,4752,4156,-596
4884960,7725,7129,-596
613880,7007,6410,-597
3041140,8203,7606,-597
4478640,7687,7088,-599
1405470,9213,8614,-599
3653040,5264,4664,-600
2053020,8608,8008,-600
1084020,4446,3845,-601
4573090,4556,3955,-601
2955880,8275,7674,-601
437920,3856,3254,-602
2797960,7263,6661,-602
1730590,6573,5970,-603
1519090,8635,8032,-603
3935530,3125,2521,-604
3069630,8639,8035,-604
4084710,2713,2107,-606
400170,7823,7217,-606
211500,2850,2243,-607
3458620,8442,7835,-607
3799100,6695,6087,-608
2377450,7588,6979,-609
235584,7605,6996,-609
2289650,5457,4847,-610
3777650,5665,5054,-611
282440,5737,5126,-611
356650,6753,6142,-611
1722840,4693,4081,-612
5158320,2673,2060,-613
4686720,3416,2803,-613
16868,7936,7323,-613
1958640,7255,6641,-614
855740,7586,6972,-614
3345950,4013,3398,-615
3487780,4958,4343,-615
334230,6830,6215,-615
1010820,4297,3681,-616
973230,2926,2309,-617
3274440,4543,3926,-617
1173900,5233,4616,-617
4312370,7070,6453,-617
702320,1822,1204,-618
357070,4302,3684,-618
2165590,9080,8462,-618
1618230,6837,6218,-619
4947160,7206,6587,-619
2526530,3793,3173,-620
368070,4388,3768,-620
1764530,8122,7502,-620
2288470,2419,1798,-621
3473820,4853,4232,-621
2366530,7393,6772,-621
388477,7552,6931,-621
518920,8545,7924,-621
11450,8787,8165,-622
5060920,2140,1517,-623
2140650,5449,4826,-623
3537070,4021,3397,-624
4664470,5009,4385,-624
3487060,8714,8090,-624
2085370,8013,7388,-625
5204830,2778,2151,-627
2867570,5344,4717,-627
4784420,7269,6642,-627
4148270,8193,7566,-627
781480,8568,7941,-627
3620,8718,8089,-629
3557530,5517,4887,-630
2446110,6286,5656,-630
4258770,8736,8105,-631
3908940,2920,2288,-632
4216650,8646,8014,-632
258970,4243,3610,-633
2348100,7158,6525,-633
443810,8309,7675,-634
1152320,7628,6993,-635
1154040,8131,7496,-635
588430,2689,2053,-636
4942770,4800,4163,-637
1329500,5437,4800,-637
3367430,5767,5130,-637
3326620,4211,3573,-638
3560360,5031,4393,-638
420560,8824,8184,-640
3201730,3176,2534,-642
1353190,8770,8128,-642
4090360,4633,3990,-643
1313290,5686,5043,-643
1461050,9261,8618,-643
2624670,3855,3211,-644
2612950,4836,4192,-644
3798230,5935,5291,-644
1564600,6152,5508,-644
4694200,2626,1981,-645
5186690,3783,3138,-645
3066290,6734,6089,-645
3920,6724,6078,-646
572700,6648,6001,-647
2914120,6791,6144,-647
2973830,8563,7916,-647
2138090,5229,4581,-648
1581451,5847,5199,-648
1158370,4118,3469,-649
4077430,4191,3542,-649
2871440,4950,4301,-649
2521170,5033,4384,-649
4810130,6003,5354,-649
1822060,6381,5732,-649
2622820,7904,7255,-649
3093020,8508,7859,-649
3071240,7697,7047,-650
931060,8167,7516,-651
1556790,4072,3419,-653
1973710,4848,4195,-653
5175820,5621,4967,-654
2165500,8778,8124,-654
4818760,5653,4998,-655
4328240,6393,5737,-656
2627570,3853,3196,-657
3818010,4245,3588,-657
2458560,5683,5026,-657
1605810,7695,7038,-657
2362300,3248,2590,-658
3985950,2844,2185,-659
798390,6263,5604,-659
203350,6442,5782,-660
1574260,3776,3115,-661
2288070,5748,5087,-661
1096930,6834,6173,-661
760070,7868,7207,-661
2424110,8630,7969,-661
3596700,3780,3118,-662
3586990,4888,4224,-664
3858380,5833,5169,-664
3043470,9211,8547,-664
2922730,2643,1978,-665
4692290,3630,2964,-666
3525970,3825,3159,-666
4496350,5036,4370,-666
760730,5041,4375,-666
45770,5240,4574,-666
4193270,8557,7891,-666
1111380,8868,8201,-667
842780,3731,3063,-668
1634050,2004,1335,-669
2134770,6911,6242,-669
3362570,4134,3464,-670
973580,4837,4167,-670
1423900,7340,6669,-671
1914121,7649,6978,-671
558260,9091,8420,-671
388880,9308,8637,-671
5166890,8748,8076,-672
3043580,3005,2332,-673
616720,4792,4119,-673
573160,6167,5494,-673
1039880,9233,8560,-673
2328650,7342,6668,-674
1674170,3152,2477,-675
1069160,4655,3980,-675
3594120,5058,4383,-675
4753960,7867,7192,-675
1117090,6298,5621,-677
2118420,8098,7421,-677
3464590,8269,7592,-677
1769980,9210,8532,-678
4226770,2369,1690,-679
691320,7483,6804,-679
493840,4914,4234,-680
1238880,5227,4547,-680
1933650,5262,4582,-680
34010,4329,3647,-682
503940,6457,5775,-682
99610,8171,7489,-682
3445190,3127,2444,-683
3023190,5138,4455,-683
2487060,8043,7360,-683
366849,8609,7925,-684
3983860,3632,2947,-685
1948800,6046,5360,-686
3365540,4861,4173,-688
2353720,6204,5516,-688
239820,4535,3846,-689
3596770,5922,5233,-689
2194730,4029,3339,-690
4650950,8650,7960,-690
4006040,2706,2014,-692
1489630,4103,3411,-692
3009850,8375,7682,-693
5174540,4908,4214,-694
1232580,6227,5531,-696
4796640,6236,5540,-696
4071460,8569,7873,-696
329970,7261,6564,-697
3446150,7917,7220,-697
4438540,8728,8031,-697
2630020,5490,4792,-698
4739950,4036,3337,-699
4883580,7294,6594,-700
3402630,8261,7561,-700
1061910,3448,2747,-701
895400,3518,2817,-701
3165680,2558,1856,-702
1374860,2645,1943,-702
388080,4026,3324,-702
716490,5593,4891,-702
1012030,8690,7988,-702
1967510,9148,8445,-703
2837730,5467,4763,-704
3372530,8328,7624,-704
495160,4141,3436,-705
2652000,7296,6590,-706
1574270,5305,4597,-708
1567110,8145,7437,-708
99611,8163,7455,-708
1232420,8939,8231,-708
1944880,3142,2433,-709
3966190,5013,4304,-709
1146830,5193,4484,-709
4767590,4723,4013,-710
1848440,5580,4870,-710
1546400,3281,2570,-711
3453960,3867,3156,-711
3371260,8948,8237,-711
5175830,3729,3017,-712
4268470,6202,5489,-713
2790990,4683,3968,-715
1124180,4726,4011,-715
2502240,6406,5690,-716
3171570,6468,5750,-718
573832,9105,8387,-718
3146420,5231,4512,-719
1611940,6116,5397,-719
449393,8888,8169,-719
2599690,3485,2765,-720
2610,7360,6640,-720
382310,4070,3349,-721
2790750,4107,3386,-721
804760,7887,7166,-721
5142220,8421,7700,-721
3771230,8838,8117,-721
406350,6672,5947,-725
2824660,6893,6168,-725
3880400,4602,3876,-726
430210,6185,5459,-726
2529520,6561,5835,-726
3087930,6767,6041,-726
287450,2915,2188,-727
1094600,6550,5823,-727
2162820,5441,4711,-730
1028270,6526,5795,-731
2959610,7056,6325,-731
1635450,7201,6470,-731
806780,8625,7894,-731
1970470,8960,8229,-731
2111550,3922,3190,-732
3508910,7734,7001,-733
1730680,5312,4578,-734
2223840,4635,3899,-736
3711050,5552,4815,-737
16866,8194,7457,-737
522470,6075,5336,-739
1520,7457,6718,-739
2088782,5703,4963,-740
744950,8826,8086,-740
424030,2621,1877,-744
2893820,5553,4809,-744
2112232,8512,7767,-745
444140,5002,4256,-746
5097020,5835,5089,-746
2419810,6340,5594,-746
2492660,3135,2387,-748
397900,4193,3443,-750
2116060,8488,7738,-750
3086580,5321,4570,-751
4340600,6404,5653,-751
1101360,8083,7331,-752
4104440,2578,1825,-753
2980270,4807,4054,-753
3115240,6428,5675,-753
654890,6590,5836,-754
920490,4896,4139,-757
2531290,6536,5779,-757
3825860,4471,3713,-758
2307471,6824,6065,-759
2068280,8658,7897,-761
314160,3891,3129,-762
2357000,7915,7153,-762
1832960,4843,4080,-763
3333670,5717,4954,-763
1856600,6919,6156,-763
1549250,2086,1322,-764
3338950,4842,4078,-764
466130,5893,5129,-764
2512560,8480,7716,-764
397740,7782,7017,-765
312560,5516,4750,-766
3915680,6887,6121,-766
2541530,7239,6472,-767
3072120,8180,7413,-767
4998990,5624,4856,-768
1196630,8940,8172,-768
4047270,2745,1975,-770
2693730,9163,8393,-770
1036640,4770,3999,-771
2806120,5697,4926,-771
1257360,7111,6340,-771
3508770,4181,3409,-772
4082750,5154,4382,-772
1883370,8662,7890,-772
3570230,7620,6847,-773
3617450,8833,8060,-773
2104870,6373,5599,-774
838310,7806,7032,-774
1281880,6045,5269,-776
1866180,8498,7721,-777
2249450,4817,4039,-778
2334730,7207,6429,-778
730310,7592,6814,-778
2012320,4210,3431,-779
1789490,5728,4949,-779
449800,7949,7170,-779
3667390,6587,5807,-780
203770,2331,1550,-781
3507880,5956,5174,-782
2384550,3532,2749,-783
4538140,4947,4164,-783
1033530,7211,6428,-783
3540,6747,5962,-785
1628610,8069,7282,-787
3555780,3111,2323,-788
249870,7807,7019,-788
766870,5824,5035,-789
4009020,7523,6734,-789
4969720,8843,8054,-789
1510440,3283,2493,-790
550470,2829,2038,-791
365960,3523,2729,-794
4242210,5064,4269,-795
370360,7536,6741,-795
2540240,8828,8033,-795
5128450,4306,3510,-796
3967130,7055,6258,-797
311290,5520,4721,-799
4209640,7924,7125,-799
1515890,8490,7691,-799
3065030,5980,5180,-800
3052730,6488,5688,-800
2957700,7292,6492,-800
2504720,7373,6573,-800
3167180,7486,6686,-800
2477340,2729,1928,-801
3281130,6831,6030,-801
2526380,2938,2136,-802
482920,3738,2935,-803
15170,6578,5774,-804
1730910,8733,7929,-804
2881610,2245,1440,-805
1875060,3428,2623,-805
2367820,6380,5575,-805
2802710,8050,7245,-805
1719040,8117,7312,-805
2591310,7849,7043,-806
1356240,6823,6015,-808
4235530,7821,7013,-808
2265990,8162,7354,-808
5101770,3202,2392,-810
1535220,5484,4674,-810
1275890,6471,5661,-810
4310610,4624,3813,-811
1491000,2156,1343,-813
965680,7199,6386,-813
3341510,5941,5127,-814
1281790,7916,7102,-814
1608290,8270,7456,-814
1286760,8602,7786,-816
3381120,4858,4041,-817
343780,5778,4961,-817
3627790,8397,7580,-817
2964280,4578,3760,-818
1622350,4162,3342,-820
1191120,8564,7744,-820
2651720,9044,8224,-820
983380,8292,7470,-822
5094490,1661,838,-823
2709480,7275,6452,-823
402620,8294,7471,-823
1341160,6199,5375,-824
5237010,8060,7236,-824
345240,8926,8101,-825
5032750,6813,5987,-826
3103780,3388,2561,-827
3361470,8085,7256,-829
3069050,4088,3258,-830
1558000,9167,8337,-830
2383250,4040,3209,-831
687800,5248,4417,-831
3072450,5406,4575,-831
3992110,6106,5275,-831
3054840,7772,6941,-831
3004100,6253,5421,-832
3228520,5672,4837,-835
2443630,5543,4707,-836
1668540,6902,6066,-836
410320,4603,3762,-841
2768380,7409,6568,-841
335240,4527,3685,-842
2918150,1610,767,-843
1444650,6247,5404,-843
625050,8462,7619,-843
4046960,3537,2693,-844
5113530,9032,8186,-846
9420,7367,6520,-847
3376250,4515,3667,-848
1518430,7173,6324,-849
372000,1742,892,-850
1307960,8493,7643,-850
1052690,6464,5613,-851
5043520,5612,4759,-853
2126610,5887,5034,-853
1967630,6532,5676,-856
313120,3519,2661,-858
242550,4716,3857,-859
3919360,5704,4845,-859
936720,3848,2988,-860
4011300,8411,7550,-861
1745510,4689,3827,-862
1882500,6430,5567,-863
3170540,7560,6697,-863
2374850,9242,8378,-864
5138000,6014,5148,-866
4517460,3101,2233,-868
1573360,3435,2567,-868
4279630,7098,6230,-868
1783780,7465,6596,-869
1934140,5817,4947,-870
1634150,8351,7481,-870
2353250,9009,8139,-870
65980,5153,4282,-871
1134010,5379,4507,-872
3372880,7847,6974,-873
3398110,4753,3879,-874
1346360,7802,6927,-875
1167140,8372,7495,-877
2218970,3015,2137,-878
2536720,7540,6662,-878
3309750,8754,7874,-880
4517590,9083,8203,-880
541670,4081,3200,-881
3312130,5384,4503,-881
1910860,7382,6501,-881
3857430,5277,4395,-882
4427390,6577,5695,-882
3153040,6945,6063,-882
2828470,7346,6464,-882
428730,7632,6749,-883
1668110,4758,3873,-885
897450,6769,5884,-885
1261040,8444,7559,-885
4465600,4187,3301,-886
4834070,6601,5715,-886
1136380,9181,8295,-886
3319700,2928,2041,-887
2640,4334,3447,-887
1586100,5858,4971,-887
1342330,3990,3100,-890
4415740,5990,5099,-891
4403940,4584,3691,-893
1722800,9304,8410,-894
4912220,4038,3143,-895
2773280,7224,6329,-895
1591530,3960,3064,-896
1839060,5290,4394,-896
4279120,6696,5799,-897
3194200,7548,6651,-897
3582120,7576,6679,-897
4428640,7646,6747,-899
2421890,5674,4774,-900
491540,3402,2499,-903
498870,5256,4353,-903
2450010,5448,4544,-904
2799930,6947,6043,-904
4700560,9029,8125,-904
3623250,5386,4481,-905
3237920,6746,5841,-905
2581370,8336,7430,-906
2734270,8969,8063,-906
32460,5491,4584,-907
2455360,4361,3452,-909
3954000,5827,4917,-910
3055080,7777,6867,-910
21130,7862,6952,-910
1264970,8761,7851,-910
5201910,3985,3074,-911
1970980,7724,6813,-911
435400,5744,4832,-912
5255370,7524,6612,-912
2308630,8526,7614,-912
2676380,5682,4769,-913
4635250,7998,7084,-914
1163550,4679,3763,-916
817540,8919,8003,-916
1747960,6500,5583,-917
935490,8285,7367,-918
4679690,9160,8241,-919
3430340,4986,4066,-920
4764930,3832,2910,-922
2300120,3901,2978,-923
1129190,6595,5671,-924
3919140,4717,3788,-929
3392510,6624,5694,-930
1144410,8655,7725,-930
3444650,7259,6328,-931
3764970,6473,5537,-936
252110,8345,7409,-936
4563790,4567,3630,-937
1733170,8738,7801,-937
3415230,6581,5643,-938
1249040,7238,6300,-938
33100,7945,7007,-938
204120,8723,7785,-938
2492120,8413,7473,-940
1689910,9301,8361,-940
1264250,5380,4439,-941
308600,7633,6692,-941
1170970,8822,7881,-941
1152310,7598,6656,-942
3112260,4747,3803,-944
4369750,6922,5978,-944
1402320,5322,4377,-945
859570,5694,4748,-946
375530,7908,6962,-946
2818260,8210,7264,-946
1108590,8885,7938,-947
2401890,7708,6760,-948
636040,3275,2326,-949
2248620,6685,5735,-950
1549500,7005,6054,-951
232430,7550,6599,-951
1507780,8735,7784,-951
3843520,6360,5408,-952
3036350,5086,4132,-954
2467810,6035,5081,-954
3450870,7316,6362,-954
2484130,7323,6369,-954
46500,8317,7363,-954
1681170,7177,6222,-955
2318480,6868,5912,-956
3376500,8247,7288,-959
4694270,3207,2246,-961
342200,5029,4068,-961
1812420,8324,7361,-963
4670920,5280,4316,-964
4212210,9007,8043,-964
57690,7516,6551,-965
2802740,5052,4086,-966
1865960,7686,6720,-966
2579530,9221,8254,-967
830451,7475,6507,-968
1069640,9046,8078,-968
1245480,4343,3374,-969
757320,8559,7589,-970
752580,8740,7768,-972
3865750,2894,1921,-973
2819470,5577,4604,-973
1184050,5855,4882,-973
3754990,6997,6024,-973
1945681,8842,7869,-973
3572800,4557,3583,-974
298630,6491,5517,-974
321360,6867,5893,-974
2667120,5857,4878,-979
2608340,8274,7295,-979
1540570,6803,5822,-981
1796580,5872,4889,-983
1473480,1806,822,-984
3055040,7812,6827,-985
3804370,2520,1530,-990
2952690,8565,7575,-990
2475260,6350,5358,-992
1155330,7298,6305,-993
4813190,5601,4607,-994
4796160,9151,8157,-994
664830,8097,7100,-997
1928870,4135,3137,-998
590830,2634,1634,-1000
3681230,9306,8306,-1000
3675940,7032,6031,-1001
2537200,7419,6418,-1001
4031360,5989,4986,-1003
230270,4622,3618,-1004
3720460,4564,3559,-1005
220700,7289,6284,-1005
232790,8160,7152,-1008
3278310,8870,7862,-1008
3289910,5832,4823,-1009
858210,6082,5072,-1010
2002870,9244,8232,-1012
2419800,5798,4783,-1015
436120,7050,6034,-1016
3499380,6242,5223,-1019
2565550,8027,7008,-1019
1040930,5456,4436,-1020
2064870,8045,7025,-1020
3067930,5511,4489,-1022
2167703,6349,5326,-1023
1428420,7882,6859,-1023
4773930,3798,2773,-1025
1695830,4802,3777,-1025
2197680,7913,6887,-1026
2413190,6593,5566,-1027
2567190,8788,7760,-1028
3597200,4462,3432,-1030
3361510,4671,3638,-1033
1633370,4450,3415,-1035
541660,5039,4004,-1035
2004080,6318,5282,-1036
4370220,7817,6779,-1038
1136160,8634,7594,-1040
3604560,8199,7158,-1041
719640,4586,3544,-1042
1150080,5508,4466,-1042
6510,9204,8161,-1043
3777660,5091,4047,-1044
822240,5525,4479,-1046
2477710,7168,6122,-1046
3570070,7385,6338,-1047
1427340,8464,7417,-1047
1375400,9198,8151,-1047
4614380,7539,6491,-1048
1433560,8369,7321,-1048
578620,7156,6103,-1053
5128420,5572,4518,-1054
3110360,7529,6474,-1055
2566340,8183,7128,-1055
942290,4532,3475,-1057
730830,6958,5900,-1058
1235755,8313,7254,-1059
3713760,8628,7569,-1059
1189630,7310,6249,-1061
1126050,6109,5047,-1062
4257900,8791,7729,-1062
2679990,6141,5078,-1063
1386780,6353,5290,-1063
3070520,6646,5582,-1064
3170490,8055,6990,-1065
3360540,8267,7202,-1065
4598000,8161,7095,-1066
2576620,9104,8036,-1068
3576070,3545,2473,-1072
1484280,4192,3120,-1072
4601160,8708,7636,-1072
428550,7192,6117,-1075
2600880,7987,6912,-1075
2617400,8676,7601,-1075
615770,9023,7946,-1077
273381,6883,5804,-1079
4078110,7271,6191,-1080
714080,7891,6810,-1081
1348390,4601,3519,-1082
2084970,6270,5187,-1083
3504560,5996,4912,-1084
839870,8819,7735,-1084
2067850,6283,5198,-1085
4287460,6664,5579,-1085
3362880,6930,5842,-1088
4585210,8244,7156,-1088
3352570,8971,7883,-1088
4294860,5919,4830,-1089
1749750,5308,4217,-1091
1011670,7437,6345,-1092
4610080,1950,857,-1093
3829340,6880,5787,-1093
1131920,9228,8133,-1095
2682380,8399,7303,-1096
1097430,4143,3046,-1097
480650,6690,5592,-1098
2890830,4892,3791,-1101
3635260,6239,5138,-1101
381020,8753,7652,-1101
19800,8695,7593,-1102
2978630,5909,4806,-1103
1537830,4854,3749,-1105
4195600,4321,3215,-1106
411980,8346,7239,-1107
1891700,7024,5916,-1108
1374840,7057,5948,-1109
757210,7647,6535,-1112
1163600,8687,7572,-1115
4172530,5741,4625,-1116
451650,8891,7775,-1116
2451010,3952,2835,-1117
2782920,6294,5176,-1118
4585190,6616,5498,-1118
2580020,8349,7231,-1118
1658920,8211,7092,-1119
810500,8845,7724,-1121
2488540,8481,7359,-1122
5088110,3298,2173,-1125
3531160,7808,6682,-1126
2115390,7624,6493,-1131
2820700,8470,7337,-1133
336150,9282,8149,-1133
1286320,7305,6171,-1134
1677350,5132,3996,-1136
4910590,7542,6406,-1136
2531370,5238,4100,-1138
541640,4775,3635,-1140
1294440,8726,7586,-1140
3887470,8985,7845,-1140
300570,8543,7402,-1141
306760,6523,5381,-1142
233610,6182,5038,-1144
1770480,8143,6999,-1144
4580600,6641,5496,-1145
1759380,6207,5061,-1146
1922010,6238,5090,-1148
3809110,7919,6771,-1148
2763670,5658,4509,-1149
4535520,8531,7381,-1150
4214960,3104,1953,-1151
1149940,8879,7727,-1152
3886200,9030,7877,-1153
4739930,7656,6502,-1154
1097580,4906,3747,-1159
4501680,4282,3121,-1161
3564540,8035,6874,-1161
1105420,1913,748,-1165
3187010,6711,5546,-1165
427190,5823,4656,-1167
2213190,6670,5500,-1170
836450,7977,6805,-1172
1444080,6575,5402,-1173
406290,8711,7537,-1174
4627590,4572,3396,-1176
4396100,6572,5395,-1177
1822450,6679,5499,-1180
2100020,5096,3915,-1181
4151830,8008,6822,-1186
1924780,8136,6950,-1186
2902740,6633,5446,-1187
1243960,8155,6968,-1187
2994010,6285,5095,-1190
2795280,8020,6830,-1190
1116540,5707,4513,-1194
4614350,8332,7138,-1194
4704830,7401,6206,-1195
3006280,6980,5783,-1197
571890,5595,4397,-1198
3596930,7048,5850,-1198
2354000,6376,5175,-1201
2167701,8797,7596,-1201
2910200,9047,7843,-1204
2730970,4938,3729,-1209
2466900,7722,6513,-1209
1368210,7922,6713,-1209
3812660,8042,6829,-1213
2551020,5416,4199,-1217
5201400,6710,5486,-1224
3098050,8560,7334,-1226
2809660,8652,7426,-1226
1076150,7144,5917,-1227
3703520,3879,2651,-1228
1882140,8752,7524,-1228
1830970,7789,6560,-1229
4339280,7273,6042,-1231
2785200,8584,7352,-1232
1888350,6684,5451,-1233
3597580,7047,5814,-1233
1428100,8955,7722,-1233
1760190,8376,7142,-1234
4178020,8682,7446,-1236
1097130,6525,5287,-1238
4640190,6066,4827,-1239
1714510,7059,5808,-1251
792100,7555,6303,-1252
3954020,6475,5220,-1255
710230,8807,7552,-1255
552700,5921,4663,-1258
2943690,5796,4531,-1265
3376760,8257,6984,-1273
3775990,7353,6079,-1274
1094780,4554,3277,-1277
4907940,5136,3858,-1278
1654480,8950,7669,-1281
322130,6110,4828,-1282
21100,7087,5805,-1282
1100410,8515,7232,-1283
2088570,8304,7020,-1284
5052510,7268,5981,-1287
4221990,8987,7699,-1288
3323700,9287,7998,-1289
3160570,9024,7733,-1291
5052490,6995,5699,-1296
2167702,8519,7223,-1296
455910,8908,7612,-1296
1021790,7685,6388,-1297
4483600,5300,4000,-1300
313160,6627,5327,-1300
3261130,9188,7888,-1300
1995520,3478,2177,-1301
1898830,5247,3945,-1302
3492610,7997,6694,-1303
1809490,5770,4464,-1306
2729150,8108,6800,-1308
3061390,6243,4934,-1309
416422,9138,7829,-1309
790060,8056,6746,-1310
4246640,7030,5719,-1311
3003460,6289,4975,-1314
4717310,8186,6872,-1314
754530,8220,6906,-1314
4143120,8437,7121,-1316
3524750,7106,5788,-1318
919390,6047,4720,-1327
3032830,9305,7977,-1328
3208930,2482,1151,-1331
3586660,6343,5012,-1331
1460220,8992,7661,-1331
3289720,6716,5384,-1332
2816870,7208,5876,-1332
1619310,8525,7193,-1332
611500,6726,5393,-1333
4212480,3163,1828,-1335
3594780,5313,3976,-1337
5052470,7611,6273,-1338
2445280,7699,6356,-1343
3181690,3905,2557,-1348
3231480,5119,3770,-1349
2948640,8263,6913,-1350
1455910,9273,7923,-1350
3210380,7193,5840,-1353
1281881,8002,6649,-1353
5009570,6033,4677,-1356
1393370,8727,7370,-1357
1599560,6272,4913,-1359
2328750,8895,7536,-1359
858710,7763,6402,-1361
2790710,5337,3973,-1364
2648900,8068,6702,-1366
2100280,8023,6652,-1371
3295810,9072,7701,-1371
416421,8073,6700,-1373
2784620,9236,7863,-1373
4679720,9034,7660,-1374
3402720,8702,7327,-1375
416420,8146,6770,-1376
329110,3600,2221,-1379
855860,7034,5655,-1379
1094390,6826,5441,-1385
2647760,7121,5733,-1388
2186250,8024,6636,-1388
5063140,7894,6504,-1390
529590,8485,7094,-1391
4134600,5201,3808,-1393
2839280,6514,5121,-1393
4156370,7719,6323,-1396
1783760,8191,6791,-1400
1264280,6518,5107,-1411
1889810,5762,4349,-1413
405640,7838,6425,-1413
2646720,6534,5119,-1415
2261240,8604,7189,-1415
842180,9096,7681,-1415
3572160,6119,4703,-1416
3785860,4687,3270,-1417
1152300,7165,5748,-1417
598730,8936,7519,-1417
4435340,4509,3090,-1419
3617620,8205,6786,-1419
4503630,6520,5100,-1420
2443770,7258,5837,-1421
1726150,7485,6064,-1421
1166860,5178,3756,-1422
4349830,6178,4755,-1423
3772960,6388,4965,-1423
4214830,8632,7209,-1423
807120,9108,7685,-1423
4914830,9237,7812,-1425
1165870,6691,5263,-1428
3814680,8416,6985,-1431
1696440,8963,7530,-1433
3597510,7814,6380,-1434
4197260,8975,7535,-1440
4335460,7701,6260,-1441
4191490,8522,7080,-1442
4343910,8105,6659,-1446
894940,8535,7089,-1446
2647830,6173,4725,-1448
3874260,7973,6522,-1451
1104280,6808,5351,-1457
22600,8092,6635,-1457
3994610,7753,6291,-1462
774201,6722,5258,-1464
278080,3843,2376,-1467
3010610,8262,6795,-1467
4598200,4956,3487,-1469
851890,7668,6199,-1469
921590,6692,5221,-1471
2899760,8404,6929,-1475
3279440,4502,3025,-1477
2726370,8848,7369,-1479
3091340,8974,7494,-1480
2363800,8528,7041,-1487
2116210,4521,3032,-1489
209160,4216,2723,-1493
4391380,6256,4756,-1500
3170350,5318,3816,-1502
604500,7004,5502,-1502
3761880,8811,7308,-1503
758370,6179,4670,-1509
3226060,9260,7751,-1509
2394350,4551,3040,-1511
4274260,7245,5734,-1511
897330,6470,4955,-1515
1220140,7141,5626,-1515
5239930,3011,1490,-1521
1881700,4785,3264,-1521
3400460,8476,6953,-1523
4601120,4855,3327,-1528
4767600,5098,3569,-1529
4082620,7883,6353,-1530
217900,8782,7252,-1530
464450,8991,7461,-1530
4559140,3677,2143,-1534
1731170,6190,4655,-1535
2617770,7308,5773,-1535
4947900,7425,5888,-1537
5052500,7435,5895,-1540
9880,7392,5839,-1553
1989070,8898,7345,-1553
3146020,8944,7385,-1559
2665250,7956,6395,-1561
1013220,9238,7676,-1562
2241380,8172,6608,-1564
965190,6991,5426,-1565
251670,7858,6292,-1566
4774170,6674,5102,-1572
1238440,7596,6012,-1584
1785250,8555,6971,-1584
4021780,4652,3061,-1591
1199120,8393,6801,-1592
3968160,6698,5101,-1597
2999500,6793,5192,-1601
885150,7713,6112,-1601
1343670,8544,6943,-1601
268870,8865,7262,-1603
2607060,6548,4944,-1604
2707490,6533,4925,-1608
5006300,6725,5117,-1608
3817710,8649,7037,-1612
1233570,4206,2593,-1613
3623530,4375,2762,-1613
2939040,8920,7299,-1621
262120,8620,6998,-1622
4680170,8121,6494,-1627
3104970,7135,5507,-1628
3106610,8248,6620,-1628
1592290,8799,7165,-1634
3497800,8154,6518,-1636
3696230,8776,7136,-1640
469610,6910,5266,-1644
1239360,8520,6870,-1650
3629780,7622,5964,-1658
864700,9037,7376,-1661
4416880,6429,4765,-1664
411970,8231,6567,-1664
3522360,9045,7379,-1666
4623170,6490,4822,-1668
2017080,8638,6970,-1668
3596920,8742,7073,-1669
2719160,6531,4859,-1672
2937310,6336,4661,-1675
4601350,9145,7468,-1677
3745310,8405,6726,-1679
488860,5513,3832,-1681
4930980,9184,7503,-1681
355170,8957,7272,-1685
1814170,8946,7257,-1689
2370000,5523,3831,-1692
1668510,6224,4528,-1696
1716120,8466,6769,-1697
1956800,7836,6135,-1701
3308200,8288,6586,-1702
1372530,8425,6723,-1702
3053950,7395,5689,-1706
3446920,6277,4563,-1714
4010900,6861,5145,-1716
3594090,9130,7414,-1716
2893870,9215,7499,-1716
4039770,4953,3235,-1718
3170420,7706,5988,-1718
3696220,9015,7294,-1721
274980,8434,6707,-1727
1755080,8660,6933,-1727
245620,7312,5584,-1728
2799860,4114,2379,-1735
544730,6205,4470,-1735
4175650,9099,7357,-1742
4134650,7929,6179,-1750
2004740,9300,7548,-1752
4924490,7612,5857,-1755
4007740,7730,5972,-1758
4280930,7981,6216,-1765
2312280,7216,5450,-1766
2659410,7188,5419,-1769
666860,5986,4215,-1771
997380,8276,6497,-1779
310790,8808,7029,-1779
1419850,8705,6919,-1786
1950570,7827,6035,-1792
981770,8834,7042,-1792
954850,8685,6884,-1801
25890,9165,7364,-1801
4234570,6506,4696,-1810
4098660,8036,6223,-1813
3697020,7784,5969,-1815
1349400,8124,6307,-1817
4274990,9264,7441,-1823
4380650,7669,5845,-1824
1748411,7504,5674,-1830
2673490,8999,7169,-1830
4622260,7705,5870,-1835
4322980,5558,3705,-1853
2630,4867,3013,-1854
2111630,4458,2595,-1863
3136330,8810,6942,-1868
2427420,8893,7023,-1870
2285150,9247,7375,-1872
4444640,6171,4297,-1874
4861570,8192,6318,-1874
1593360,6605,4730,-1875
2060790,8447,6572,-1875
2429930,9136,7261,-1875
4912200,6476,4599,-1877
3743790,4501,2622,-1879
1869780,5878,3997,-1881
861590,7468,5586,-1882
2821390,5345,3462,-1883
4557490,7928,6045,-1883
581450,8003,6118,-1885
42719,8208,6321,-1887
5009580,5468,3580,-1888
2108180,7846,5958,-1888
3544250,8511,6615,-1896
4739910,8972,7074,-1898
3590360,8271,6357,-1914
1238871,7470,5552,-1918
1822550,7535,5612,-1923
3561170,8392,6463,-1929
1925650,9017,7081,-1936
3484100,7518,5581,-1937
3430470,9049,7105,-1944
1732190,6026,4077,-1949
991260,6230,4278,-1952
1059530,4917,2954,-1963
3673150,4992,3027,-1965
2371630,4623,2654,-1969
1520470,6594,4612,-1982
3805420,7299,5315,-1984
2926900,8361,6373,-1988
2697560,9169,7172,-1997
42220,8617,6619,-1998
312530,7994,5993,-2001
327070,5745,3736,-2009
3737680,6954,4943,-2011
213330,7369,5346,-2023
341310,8839,6816,-2023
3614460,7674,5633,-2041
3940340,8465,6416,-2049
711980,7733,5682,-2051
4088670,5150,3091,-2059
3165690,7805,5746,-2059
2800240,7803,5742,-2061
226820,8272,6210,-2062
4614370,7659,5589,-2070
2405060,8821,6751,-2070
4094190,9205,7134,-2071
4009000,7740,5665,-2075
4493090,5865,3789,-2076
3951810,9139,7061,-2078
1134710,6574,4486,-2088
769560,8348,6254,-2094
5282150,5719,3623,-2096
2629230,7491,5392,-2099
2053910,8883,6781,-2102
4614360,8986,6881,-2105
2950540,9155,7045,-2110
2086680,8381,6270,-2111
4368350,8789,6674,-2115
2834910,5378,3261,-2117
3419140,5647,3524,-2123
3766810,8575,6450,-2125
2626900,9229,7096,-2133
4735410,5791,3655,-2136
2951690,5535,3394,-2141
4484970,7833,5680,-2153
1501310,7140,4984,-2156
3491280,6757,4600,-2157
218230,8226,6059,-2167
2203070,5783,3608,-2175
551170,8852,6677,-2175
1732430,5618,3437,-2181
3423990,6213,4026,-2187
3115490,9206,7016,-2190
2776270,7120,4922,-2198
3645630,9000,6788,-2212
3675160,9231,7015,-2216
4237080,9296,7077,-2219
3393070,7364,5133,-2231
1926590,6851,4614,-2237
1601970,8767,6530,-2237
2948140,8896,6645,-2251
2922520,8011,5753,-2258
1661620,7191,4931,-2260
4601310,8892,6613,-2279
2494780,8792,6510,-2282
1269370,5479,3195,-2284
4234590,8768,6482,-2286
992070,6337,4040,-2297
3856460,7026,4716,-2310
97130,7565,5253,-2312
3405480,8844,6515,-2329
1254130,7787,5457,-2330
1812860,8766,6432,-2334
4874400,4727,2391,-2336
1631470,8168,5820,-2348
2674290,3944,1582,-2362
223770,9241,6879,-2362
1731270,8958,6592,-2366
1032370,9021,6634,-2387
1200349,6778,4386,-2392
3205060,8619,6219,-2400
3217240,5974,3571,-2403
1536090,7747,5341,-2406
2383990,8204,5757,-2447
3918850,4762,2304,-2458
342940,6278,3818,-2460
1668520,7709,5249,-2460
1174860,7307,4846,-2461
4210300,9111,6632,-2479
4078910,9147,6667,-2480
5066120,8302,5815,-2487
4875150,8086,5595,-2491
4384850,9116,6625,-2491
4996840,5946,3439,-2507
4947170,7378,4867,-2511
1745780,5190,2668,-2522
752900,8688,6162,-2526
3596900,7347,4820,-2527
4680300,9258,6729,-2529
1926210,7234,4662,-2572
2743850,8855,6276,-2579
1131620,8779,6194,-2585
398170,8130,5528,-2602
3837800,6597,3994,-2603
1889620,9043,6427,-2616
5005590,7444,4810,-2634
307950,8666,5992,-2674
382110,6212,3496,-2716
4348790,8696,5974,-2722
4311440,8729,5998,-2731
465490,6979,4238,-2741
1440670,8831,6090,-2741
4216280,8786,5991,-2795
206500,7386,4565,-2821
3120460,8353,5503,-2850
3450550,8253,5394,-2859
3804930,7902,5000,-2902
2922530,7066,4131,-2935
3585460,6403,3465,-2938
1645630,8607,5654,-2953
226860,8626,5668,-2958
2295940,8642,5667,-2975
3874230,8993,5999,-2994
3034520,8268,5245,-3023
789100,6946,3919,-3027
3110450,8169,5122,-3047
429530,8497,5448,-3049
4680080,9214,6155,-3059
992300,8990,5913,-3077
1177050,8327,5236,-3091
3839850,6852,3672,-3180
4530230,8651,5465,-3186
4245590,7230,4003,-3227
4322990,8398,5116,-3282
4036790,9078,5686,-3392
4927180,6840,3445,-3395
464350,8521,5066,-3455
719890,8637,5161,-3476
4007140,6312,2799,-3513
3796960,8423,4896,-3527
2008100,7610,4042,-3568
1307440,8922,5264,-3658
1110910,8282,4478,-3804
790710,8222,4153,-4069
2963870,7778,3678,-4100
672680,8499,4207,-4292
3376360,9071,4560,-4511
2172910,8581,4064,-4517
2492430,8321,2780,-5541
