rank,appid
1,1675200
2,3010850
3,4078430
4,3393110
5,2357570
6,4165910
7,730
8,381210
9,4165890
10,4080220
11,1091500
12,1304930
13,1867240
14,216150
15,578080
16,570
17,4019220
18,2288340
19,1174180
20,1449850
21,1172470
22,4001890
23,2183900
24,784080
25,4126040
26,1086940
27,2483190
28,230410
29,3240220
30,3932890
31,2406770
32,489830
33,4849350
34,553850
35,108600
36,3513350
37,2138330
38,4435490
39,1085660
40,2767030
41,1142710
42,1158310
43,1326470
44,1478500
45,1808500
46,3764200
47,1446780
48,252490
49,2807960
50,3493540
51,5142560
52,2050650
53,1144200
54,2651280
55,1057090
56,2054970
57,1551360
58,270880
59,814380
60,413150
61,990080
62,1771300
63,1623730
64,292030
65,2246340
66,227300
67,440
68,4356430
69,1817070
70,2399830
71,3219030
72,2593290
73,3768760
74,359550
75,2507950
76,1551980
77,3489700
78,2215430
79,2141910
80,394360
81,236390
82,3669870
83,1912410
84,1364780
85,3892270
86,261550
87,3595270
88,1374490
89,374320
90,2369390
91,4115450
92,1973530
93,2537590
94,4165870
95,1245620
96,275850
97,1222670
98,892970
99,2139460
100,1222140
101,2552430
102,431960
103,648800
104,949230
105,594650
106,1426210
107,281990
108,294100
109,1151340
110,1888930
111,2001120
112,1285190
113,2531310
114,1659040
115,3164500
116,3940610
117,3357650
118,1643320
119,2215200
120,2887580
121,105600
122,3527290
123,2300320
124,3008130
125,2161700
126,284160
127,1593500
128,2344520
129,1172710
130,632360
131,668580
132,1669000
133,266410
134,2322010
135,1172620
136,1361210
137,1868140
138,701160
139,2138720
140,4231820
141,3241660
142,1903340
143,2909400
144,3186540
145,306130
146,440900
147,1672970
148,3812600
149,376210
150,261570
151,3841510
152,4032350
153,1466060
154,3059520
155,526870
156,3949040
157,570940
158,813780
159,550
160,2868840
161,739630
162,582010
163,5245810
164,2221490
165,250900
166,2073620
167,4656000
168,1295660
169,460920
170,3564740
171,2186680
172,39210
173,221100
174,1488490
175,1665460
176,418370
177,1817190
178,251570
179,1273400
180,2475460
181,4704690
182,2638890
183,1401590
184,1659420
185,447040
186,883710
187,518790
188,753640
189,3065800
190,3751260
191,1627720
192,1145350
193,835960
194,264710
195,582660
196,3722330
197,1462040
198,1687950
199,4421010
200,1196590
201,438100
202,1313140
203,3280350
204,2075800
205,3321460
206,3017860
207,894020
208,3186490
209,2694490
210,268910
211,3124540
212,4108000
213,242760
214,3159330
215,1297900
216,1943950
217,4508340
218,286160
219,377160
220,2399420
221,3751950
222,728880
223,255710
224,335300
225,2420110
226,1466860
227,1716740
228,3259780
229,2661300
230,594570
231,899770
232,2668510
233,979690
234,3219630
235,239140
236,4358690
237,2290180
238,289070
239,1256670
240,1118520
241,1145360
242,208650
243,4705510
244,2958130
245,1096530
246,322330
247,2592160
248,1190970
249,1703340
250,1850570
251,2950790
252,1259420
253,2073850
254,5053820
255,412020
256,1599600
257,2129530
258,1465360
259,1289670
260,219990
261,534380
262,1282100
263,952060
264,292000
265,427520
266,1332010
267,1874880
268,4025700
269,552520
270,1962700
271,4090980
272,2456740
273,1203220
274,238320
275,3793200
276,699130
277,1809540
278,1371980
279,880940
280,400750
281,524220
282,529340
283,1260320
284,2142790
285,2543830
286,2479810
287,346110
288,1335200
289,962130
290,1237970
291,2379780
292,870780
293,1363080
294,4380490
295,244210
296,686060
297,3105440
298,427410
299,364360
300,1547000
301,1149460
302,4000
303,1934680
304,1790600
305,673880
306,588650
307,812140
308,12210
309,552990
310,4162040
311,2840770
312,1962663
313,3404260
314,2927200
315,1167630
316,2185060
317,223750
318,1778820
319,4259190
320,304390
321,2684630
322,960090
323,568220
324,934700
325,3407390
326,2842040
327,2679460
328,2688950
329,414700
330,1066890
331,393380
332,1250410
333,1913120
334,2074920
335,262060
336,1284210
337,1984270
338,311210
339,4354570
340,488790
341,1604030
342,2968420
343,457140
344,4113940
345,1229490
346,548430
347,1621690
348,805550
349,1476970
350,1997040
351,4232900
352,2623190
353,1407200
354,1203620
355,2515020
356,2584270
357,291550
358,477160
359,1971870
360,2707930
361,2879840
362,236850
363,1049590
364,1774580
365,1118010
366,3867170
367,4164790
368,1671210
369,1693980
370,1286830
371,2384580
372,435150
373,4570720
374,2670630
375,1607250
376,3028330
377,2333000
378,1384160
379,2677660
380,945360
381,714010
382,2198150
383,530611
384,1636440
385,2397300
386,4371500
387,2486820
388,1084160
389,3070070
390,1129580
391,107410
392,601150
393,397540
394,2778580
395,513710
396,4197610
397,2567870
398,2417610
399,2781620
400,5001840
401,2495100
402,221040
403,218620
404,1746860
405,460930
406,2057760
407,21690
408,1486920
409,4678800
410,1284190
411,2273430
412,379430
413,620
414,2208920
415,703080
416,356190
417,3948120
418,960170
419,1368140
420,1569580
421,2444750
422,3274580
423,1941540
424,2231380
425,1794680
426,2169200
427,3115160
428,3844970
429,4394810
430,2429640
431,3552140
432,782330
433,1062090
434,3712080
435,2680010
436,3699590
437,2627260
438,2358720
439,3749870
440,2622380
441,4282500
442,546560
443,653530
444,3041230
445,2172010
446,1238840
447,3797340
448,246620
449,916440
450,444200
451,3022790
452,2852190
453,2437170
454,200210
455,1562430
456,2825860
457,582160
458,3679080
459,1426300
460,5348550
461,500
462,213670
463,4225980
464,2426960
465,287700
466,2806050
467,2059170
468,1895880
469,3641000
470,976310
471,3271280
472,620980
473,392160
474,1657630
475,2101960
476,2698940
477,214950
478,2780810
479,2849080
480,220200
481,646570
482,747660
483,3079210
484,3156770
485,5241370
486,2764460
487,1066780
488,243470
489,1243830
490,1392860
491,1913370
492,391540
493,9900
494,3293260
495,1588550
496,976730
497,2975950
498,1222700
499,993090
500,3101040
501,1721470
502,779340
503,2141730
504,4376980
505,322170
506,2863680
507,2416450
508,2131680
509,2440510
510,1826140
511,2328320
512,632470
513,3419520
514,1527950
515,3840050
516,2362060
517,2806640
518,553640
519,454650
520,1449110
521,3720100
522,895870
523,2424420
524,2114740
525,4406280
526,1971650
527,1805110
528,1599340
529,1044720
530,1092790
531,3834090
532,544810
533,1331550
534,3035570
535,4324480
536,799960
537,391220
538,1004640
539,252530
540,298110
541,4072240
542,8870
543,1029690
544,3717070
545,2754380
546,3681010
547,1604270
548,22380
549,4558490
550,1238810
551,5064340
552,1876890
553,881100
554,774171
555,1818450
556,1857950
557,361420
558,960990
559,3917700
560,1290000
561,1601580
562,2060160
563,1222680
564,4557380
565,1938090
566,629730
567,3808690
568,2000890
569,835570
570,1151640
571,1611600
572,367520
573,1449690
574,1372110
575,1030300
576,1880360
577,2062430
578,2104890
579,2138710
580,49520
581,3347400
582,750920
583,2699230
584,1150690
585,2988580
586,3180070
587,431730
588,816340
589,3606480
590,380600
591,645390
592,1963610
593,2306620
594,599140
595,1190000
596,3167020
597,1940340
598,4132150
599,1040200
600,4107840
601,1262350
602,2104890
603,401920
604,244850
605,1182900
606,47890
607,1963610
608,553420
609,1343400
610,304240
611,924970
612,1817230
613,4210580
614,285900
615,1989270
616,1966720
617,1599660
618,2524850
619,1113560
620,2432860
621,960910
622,4560660
623,3326230
624,3905450
625,339340
626,2336880
627,637650
628,2928600
629,4558480
630,209000
631,1184370
632,2067820
633,2671070
634,312520
635,1620730
636,323190
637,2455640
638,3315530
639,613100
640,1812450
641,2561580
642,3405340
643,2881150
644,3557620
645,400
646,761890
647,504230
648,3624140
649,570660
650,1435790
651,210970
652,2950340
653,2201320
654,1824220
655,1731080
656,815370
657,24010
658,784150
659,1067360
660,2369900
661,573090
662,1942280
663,1501750
664,2593750
665,214490
666,4121170
667,1875830
668,567640
669,611670
670,920210
671,1575940
672,3518320
673,386940
674,1607890
675,3934270
676,493520
677,2059190
678,2014780
679,1096900
680,1929610
681,2848330
682,268500
683,848450
684,774361
685,2244210
686,972660
687,1367550
688,289650
689,413420
690,2499860
691,1353230
692,1931770
693,1783560
694,4200780
695,921570
696,5020310
697,3097560
698,4558510
699,2272360
700,1217060
701,3115220
702,1162750
703,2624870
704,1265920
705,3799610
706,602960
707,254700
708,1629520
709,2689120
710,5212940
711,1328670
712,3314790
713,2051620
714,1206560
715,3731020
716,4148930
717,371970
718,4992070
719,3024040
720,2513280
721,2713000
722,4336170
723,1945340
724,3917090
725,220240
726,1113000
727,3669570
728,4997640
729,2679100
730,1133870
731,204360
732,678950
733,379720
734,458710
735,5036130
736,1649080
737,1286220
738,3222640
739,1622100
740,314650
741,1274570
742,1761390
743,1922560
744,2380740
745,2904000
746,2277560
747,3354750
748,1105420
749,1577120
750,585420
751,767560
752,246420
753,383870
754,2736340
755,933110
756,2004210
757,2835570
758,2168680
759,1846380
760,4069520
761,4107830
762,3609080
763,3654560
764,1706510
765,4224910
766,2527500
767,2918150
768,3172660
769,4964110
770,2604420
771,985810
772,552500
773,686810
774,1757300
775,4883590
776,3655690
777,2350790
778,3117820
779,2133760
780,2881650
781,3314070
782,4623570
783,4893470
784,2402680
785,1451940
786,20920
787,1656330
788,2751000
789,1020790
790,4075620
791,2893570
792,508440
793,1649240
794,424840
795,766570
796,3486960
797,204100
798,1718570
799,2445690
800,2239550
801,1225570
802,5009590
803,787480
804,4294490
805,1366540
806,1592190
807,3164330
808,4594150
809,2625420
810,1336490
811,257510
812,621830
813,2072450
814,1158160
815,631510
816,1172380
817,1845250
818,371660
819,4659620
820,1601570
821,387990
822,1473480
823,2162800
824,2052410
825,2643390
826,2764370
827,373420
828,4128400
829,368500
830,389730
831,860510
832,1341290
833,304212
834,851850
835,2622000
836,3556750
837,2948190
838,5094490
839,4857580
840,433340
841,3634190
842,3558600
843,5125950
844,3152780
845,480490
846,3948510
847,1663850
848,4893430
849,1676840
850,1205970
851,1608070
852,3636770
853,3195790
854,2385530
855,3265700
856,233860
857,4610080
858,3937550
859,2689210
860,673750
861,3450310
862,448510
863,4450620
864,2737070
865,3960600
866,1030840
867,3784030
868,939960
869,1244090
870,3061570
871,410340
872,3195440
873,3691330
874,4173620
875,293760
876,1392840
877,307960
878,3215050
879,3014320
880,2827200
881,1227890
882,2769570
883,359870
884,460790
885,752590
886,3199170
887,612880
888,3417840
889,824270
890,2536520
891,431240
892,372000
893,3410460
894,2569760
895,2378500
896,2311920
897,307690
898,1239080
899,2178480
900,1458140
901,219740
902,495420
903,17410
904,3440070
905,601510
906,4731620
907,349040
908,1408230
909,2527160
910,767320
911,2457220
912,4466620
913,1248130
914,365590
915,1468810
916,1272080
917,2878600
918,287390
919,3307910
920,359320
921,413410
922,2436940
923,2209900
924,3450960
925,1934570
926,2004680
927,2634950
928,2379740
929,1149640
930,220
931,1237950
932,2523770
933,4364730
934,1144400
935,2215390
936,1444480
937,2005010
938,4285110
939,801800
940,3224770
941,2349820
942,3832490
943,3796260
944,2058190
945,359390
946,2747330
947,3438810
948,1584090
949,2291060
950,1656370
951,2101430
952,3483740
953,881020
954,2784470
955,17390
956,2157830
957,288470
958,286690
959,1209460
960,1594320
961,3065940
962,3450970
963,1954200
964,312660
965,3405690
966,1974050
967,2071280
968,2964090
969,273300
970,247970
971,2396980
972,3981100
973,3058630
974,3946950
975,3640200
976,2552450
977,108710
978,1135690
979,3189340
980,2253100
981,1465750
982,365360
983,203160
984,3450980
985,1824060
986,313690
987,3656800
988,10
989,3483510
990,481510
991,1904480
992,2742830
993,3167920
994,2239710
995,22370
996,230290
997,3904850
998,501300
999,2412960
1000,3030370
1001,1240440
1002,2217000
1003,850190
1004,325610
1005,3849000
1006,597180
1007,2981410
1008,505460
1009,1030830
1010,3859630
1011,531130
1012,2240620
1013,2016590
1014,4575720
1015,3373660
1016,1056760
1017,3214610
1018,1605850
1019,535930
1020,617290
1021,282140
1022,1672810
1023,3765020
1024,2186990
1025,3092660
1026,2421750
1027,780310
1028,704850
1029,3393280
1030,3012580
1031,1154030
1032,2420660
1033,2963950
1034,1089090
1035,115320
1036,1286680
1037,1796470
1038,2933130
1039,1594940
1040,2461850
1041,4833450
1042,1348661
1043,1875580
1044,756800
1045,3920610
1046,1147860
1047,926990
1048,925580
1049,690790
1050,2900640
1051,2328760
1052,3061810
1053,2113850
1054,201810
1055,249130
1056,655500
1057,1766060
1058,606160
1059,489630
1060,1419170
1061,2102730
1062,2646460
1063,4260270
1064,2124120
1065,2239150
1066,872410
1067,4745180
1068,5019920
1069,2447590
1070,2325290
1071,202970
1072,4080030
1073,3483400
1074,837470
1075,3228590
1076,2378900
1077,4244510
1078,1932640
1079,19680
1080,746850
1081,2163330
1082,4165690
1083,1637320
1084,368340
1085,2073250
1086,4100940
1087,1343370
1088,954740
1089,268050
1090,492720
1091,625960
1092,1634040
1093,307780
1094,1295510
1095,4355570
1096,694280
1097,2373990
1098,4809960
1099,253230
1100,2347080
1101,225540
1102,1826420
1103,1583230
1104,4146760
1105,1049290
1106,2524890
1107,1682970
1108,8930
1109,1303182
1110,2508780
1111,212500
1112,3950130
1113,2489330
1114,4148240
1115,965580
1116,4584110
1117,3453970
1118,368260
1119,2825190
1120,601430
1121,2815310
1122,2525380
1123,1229240
1124,4131670
1125,1235733
1126,70
1127,975370
1128,33230
1129,2840100
1130,996580
1131,865360
1132,1648533
1133,4013290
1134,1210320
1135,558244
1136,234140
1137,2880730
1138,4038930
1139,3174120
1140,1395520
1141,1177980
1142,12200
1143,1477590
1144,1084600
1145,1049410
1146,1622910
1147,3020510
1148,4323000
1149,474960
1150,2407270
1151,3208930
1152,1114150
1153,1235721
1154,3643170
1155,1267910
1156,4399460
1157,4614210
1158,2938460
1159,205100
1160,4376930
1161,1324780
1162,1272320
1163,2231450
1164,2321470
1165,1422440
1166,4384550
1167,5036120
1168,1258080
1169,3431300
1170,48190
1171,3315060
1172,4981570
1173,2634890
1174,1880650
1175,611790
1176,1235140
1177,629520
1178,240
1179,3526710
1180,4908050
1181,1574820
1182,3474900
1183,633230
1184,4446280
1185,2605790
1186,3008740
1187,1645820
1188,813230
1189,3979520
1190,2669410
1191,3015760
1192,235460
1193,3417850
1194,1669480
1195,2864560
1196,2069250
1197,2495450
1198,1211020
1199,4600470
1200,647830
1201,642280
1202,3710910
1203,490110
1204,702320
1205,1708680
1206,581320
1207,1237320
1208,4094660
1209,405310
1210,3755860
1211,360430
1212,2072560
1213,1203190
1214,2119830
1215,555950
1216,4800590
1217,595520
1218,1517290
1219,329050
1220,1552550
1221,1456180
1222,794260
1223,1003590
1224,1593030
1225,287290
1226,1295920
1227,274520
1228,1496790
1229,1119730
1230,312840
1231,362680
1232,2956680
1233,3561220
1234,3855540
1235,1128920
1236,3746540
1237,4125930
1238,2183930
1239,337320
1240,2214824
1241,2333480
1242,3067190
1243,502500
1244,1099410
1245,678960
1246,4045750
1247,1015160
1248,3717330
1249,233450
1250,532790
1251,110800
1252,3219700
1253,1054490
1254,800370
1255,669330
1256,2109300
1257,897670
1258,1180320
1259,2288630
1260,3510740
1261,2730870
1262,4412320
1263,4369130
1264,3315510
1265,1169040
1266,1705820
1267,3174070
1268,2085540
1269,1677770
1270,641990
1271,614570
1272,4351410
1273,4315040
1274,223850
1275,1235734
1276,1358700
1277,227310
1278,2285550
1279,311690
1280,3368610
1281,403640
1282,2782050
1283,5221510
1284,2492670
1285,222480
1286,2696050
1287,627270
1288,3238470
1289,3025440
1290,4131730
1291,1325200
1292,3086710
1293,2478970
1294,2325832
1295,3548690
1296,1880832
1297,1013320
1298,2404880
1299,5167410
1300,1839950
1301,3124340
1302,1367080
1303,731490
1304,32440
1305,3196440
1306,48700
1307,4553980
1308,1017180
1309,1206200
1310,1262560
1311,1238860
1312,4249120
1313,974480
1314,1238060
1315,3373500
1316,558990
1317,2891710
1318,4026250
1319,1209470
1320,1689500
1321,2902230
1322,1549250
1323,2914150
1324,362890
1325,1689620
1326,3080080
1327,2753970
1328,1139900
1329,20900
1330,1282270
1331,2725260
1332,1382070
1333,1029780
1334,4974000
1335,1634050
1336,516750
1337,5027520
1338,3469450
1339,324160
1340,2307350
1341,947510
1342,3717340
1343,1491000
1344,4132330
1345,4468030
1346,2830030
1347,280680
1348,1520370
1349,4329260
1350,517630
1351,911400
1352,232090
1353,2427743
1354,221680
1355,1343070
1356,803330
1357,3871390
1358,2401970
1359,2081880
1360,22320
1361,1540210
1362,420530
1363,1681430
1364,2396990
1365,1909950
1366,2753900
1367,2585150
1368,1454400
1369,2489020
1370,979110
1371,1127400
1372,1902960
1373,460950
1374,1874000
1375,411950
1376,919640
1377,3370870
1378,1059550
1379,1149620
1380,4128580
1381,2717880
1382,1458150
1383,1794960
1384,1677310
1385,201870
1386,10180
1387,3314060
1388,2644470
1389,1043810
1390,2878450
1391,617830
1392,3368620
1393,1235731
1394,2475490
1395,714120
1396,4508320
1397,3914860
1398,3050900
1399,3130750
1400,3590
1401,2280
1402,1176470
1403,4791830
1404,997010
1405,2885870
1406,394510
1407,4198660
1408,692890
1409,1481080
1410,2780980
1411,5085740
1412,1361510
1413,274170
1414,534331
1415,977950
1416,1888160
1417,3260810
1418,1432860
1419,1332720
1420,2658450
1421,4141950
1422,305620
1423,1113410
1424,3595230
1425,2187220
1426,341800
1427,617870
1428,2574900
1429,2100431
1430,257850
1431,3410470
1432,1028310
1433,663090
1434,2977260
1435,45760
1436,4433900
1437,4627110
1438,2116120
1439,410900
1440,2881610
1441,1314563
1442,2400430
1443,2863640
1444,2903950
1445,4249110
1446,5131900
1447,1088850
1448,2589500
1449,1139980
1450,55150
1451,1366800
1452,835670
1453,636480
1454,3796290
1455,4073860
1456,3130740
1457,532210
1458,3936270
1459,635260
1460,5044770
1461,2891700
1462,1944430
1463,2523720
1464,2868390
1465,3195580
1466,1214650
1467,386180
1468,219150
1469,1963680
1470,704270
1471,2716400
1472,3287520
1473,4836540
1474,1090200
1475,389430
1476,4961870
1477,1164940
1478,1811080
1479,2058180
1480,4229450
1481,319510
1482,327030
1483,2089600
1484,2361770
1485,1465460
1486,238960
1487,42700
1488,4492160
1489,1845910
1490,5239930
1491,4308600
1492,885970
1493,1721110
1494,3871330
1495,2225070
1496,1939970
1497,1388880
1498,1012880
1499,1438980
1500,319630
1501,1451190
1502,4364930
1503,3907790
1504,684630
1505,3478050
1506,4920260
1507,3008670
1508,1104880
1509,1723950
1510,4974020
1511,2221920
1512,951240
1513,838350
1514,3969080
1515,282070
1516,1948280
1517,5060920
1518,228280
1519,1533390
1520,1378990
1521,1090150
1522,2814990
1523,953490
1524,1209471
1525,667970
1526,521890
1527,2815290
1528,4114070
1529,99900
1530,3804370
1531,3419430
1532,29720
1533,1452490
1534,3562120
1535,3501070
1536,1650010
1537,2214823
1538,1969380
1539,1902690
1540,2681030
1541,3531720
1542,231430
1543,1369630
1544,4671380
1545,1515210
1546,311560
1547,220440
1548,3283220
1549,32470
1550,203770
1551,1887840
1552,2671060
1553,2209650
1554,740130
1555,2763740
1556,3103150
1557,1696770
1558,2132850
1559,4078590
1560,427730
1561,2543810
1562,250760
1563,4948000
1564,2584990
1565,4712160
1566,3817250
1567,1574580
1568,3615160
1569,1333350
1570,3548580
1571,3805230
1572,47780
1573,404012
1574,3035120
1575,3560670
1576,4778540
1577,4467980
1578,1336980
1579,1990600
1580,2682660
1581,2394650
1582,2674290
1583,3052450
1584,637090
1585,2458530
1586,4128140
1587,3133920
1588,1188930
1589,1602000
1590,3097300
1591,831560
1592,2288350
1593,3618850
1594,482400
1595,2632050
1596,2749950
1597,3199780
1598,4241420
1599,2756920
1600,2778610
1601,589290
1602,580100
1603,3259120
1604,2542020
1605,2600
1606,3364070
1607,463530
1608,2764750
1609,3528450
1610,3110760
1611,304430
1612,2739990
1613,866570
1614,1911610
1615,939400
1616,2426530
1617,1737870
1618,494840
1619,527430
1620,3614130
1621,3846120
1622,245170
1623,2768430
1624,936790
1625,3448670
1626,702050
1627,2815070
1628,299970
1629,436780
1630,2211170
1631,2356560
1632,3873970
1633,1288320
1634,590830
1635,1702010
1636,3043940
1637,1158100
1638,4917440
1639,2001760
1640,1816550
1641,3293010
1642,1670540
1643,1266700
1644,3301130
1645,4935510
1646,736820
1647,986130
1648,1648532
1649,1422130
1650,3478870
1651,1782120
1652,3178350
1653,21970
1654,3301110
1655,333640
1656,5023770
1657,1295500
1658,2254450
1659,470220
1660,4412680
1661,829110
1662,3672960
1663,1340990
1664,2609610
1665,4255580
1666,611660
1667,2701660
1668,541570
1669,236430
1670,3871400
1671,594330
1672,1859910
1673,2862860
1674,2488370
1675,412830
1676,1382330
1677,774181
1678,3618030
1679,538030
1680,2825200
1681,2375550
1682,2008920
1683,2224460
1684,1159690
1685,2996040
1686,965220
1687,261640
1688,2408820
1689,2327720
1690,4226770
1691,916250
1692,206440
1693,2324290
1694,2697000
1695,320240
1696,1202130
1697,2254890
1698,666150
1699,4964580
1700,1244460
1701,466560
1702,3198890
1703,1699480
1704,1415692
1705,3256150
1706,1211630
1707,2179800
1708,4055140
1709,3710840
1710,1733690
1711,3831210
1712,22330
1713,4404070
1714,1325860
1715,2298430
1716,2828860
1717,3709430
1718,1809700
1719,2963800
1720,3375110
1721,1498570
1722,1369670
1723,509980
1724,3463200
1725,613830
1726,4997650
1727,337000
1728,2608270
1729,552100
1730,3255380
1731,2009350
1732,1173820
1733,3551340
1734,493490
1735,34030
1736,3804850
1737,4627500
1738,65800
1739,961200
1740,3021100
1741,4249100
1742,3450170
1743,4502710
1744,632300
1745,1388770
1746,3123410
1747,8500
1748,240720
1749,1178490
1750,1451090
1751,483840
1752,2101390
1753,418030
1754,5131910
1755,1996010
1756,1790930
1757,4160210
1758,332800
1759,750130
1760,675010
1761,544750
1762,1315750
1763,3805270
1764,228380
1765,3579770
1766,2479650
1767,3793540
1768,459820
1769,719040
1770,1296610
1771,780290
1772,1455840
1773,4768770
1774,868360
1775,1509960
1776,3805250
1777,1631270
1778,607080
1779,418530
1780,2555190
1781,4412690
1782,1117850
1783,821250
1784,1018010
1785,3748520
1786,645402
1787,1448440
1788,1911520
1789,2214821
1790,2968040
1791,363890
1792,4700
1793,2097570
1794,1937780
1795,4197940
1796,257350
1797,3211120
1798,2288470
1799,2699820
1800,1866130
1801,1985810
1802,2175540
1803,214510
1804,3438850
1805,2536180
1806,1062520
1807,2772750
1808,1574480
1809,2214822
1810,238460
1811,4057370
1812,1672500
1813,2214820
1814,4260510
1815,1669980
1816,885000
1817,553310
1818,3014080
1819,823500
1820,16450
1821,315210
1822,3802460
1823,2305640
1824,3337380
1825,4104440
1826,24200
1827,1321440
1828,4212480
1829,768200
1830,2958440
1831,1213210
1832,2383200
1833,3152790
1834,3046600
1835,4357570
1836,2212330
1837,1150640
1838,4310080
1839,1522160
1840,203140
1841,377840
1842,2515990
1843,4078200
1844,1904392
1845,648100
1846,1456860
1847,677160
1848,2897700
1849,3631290
1850,683320
1851,1641700
1852,3448650
1853,1153410
1854,109600
1855,3301120
1856,3165680
1857,1041720
1858,1390150
1859,638230
1860,871540
1861,593600
1862,2719200
1863,1090850
1864,2238900
1865,1373960
1866,3247750
1867,7670
1868,2195120
1869,392110
1870,1432320
1871,200260
1872,3891560
1873,1606340
1874,1910150
1875,3845870
1876,246900
1877,424030
1878,1978590
1879,1611910
1880,1222690
1881,16900
1882,763890
1883,3495730
1884,1812370
1885,2102040
1886,311770
1887,2582320
1888,3144890
1889,2649240
1890,680420
1891,1735700
1892,3950020
1893,1607680
1894,1089980
1895,4232510
1896,3527760
1897,1253920
1898,223470
1899,2597080
1900,3935020
1901,3732970
1902,1147560
1903,2235200
1904,1549970
1905,10150
1906,3600640
1907,3511300
1908,4243990
1909,2909110
1910,2833580
1911,1850510
1912,3013550
1913,1849250
1914,1106840
1915,303310
1916,3315290
1917,2703850
1918,3144230
1919,1089270
1920,5109220
1921,3865750
1922,787860
1923,4868930
1924,383980
1925,310950
1926,2700610
1927,239250
1928,2477340
1929,4312180
1930,4150860
1931,2821610
1932,3198850
1933,3100370
1934,1235722
1935,1466640
1936,2698780
1937,2377280
1938,2248760
1939,1026680
1940,269210
1941,387020
1942,2313700
1943,1374860
1944,2506160
1945,629820
1946,1617400
1947,2051120
1948,2176130
1949,3226450
1950,241930
1951,1588530
1952,1533420
1953,4214960
1954,2701720
1955,674940
1956,3210350
1957,1072420
1958,239030
1959,2100430
1960,1121640
1961,476600
1962,3213850
1963,1802470
1964,213610
1965,3762660
1966,2395210
1967,4357580
1968,2534090
1969,1718460
1970,3639070
1971,4318580
1972,1150440
1973,3375780
1974,375480
1975,4047270
1976,233270
1977,2873660
1978,2922730
1979,2191500
1980,1105670
1981,4694200
1982,1113120
1983,2080690
1984,1455630
1985,2815270
1986,10090
1987,2418520
1988,1839430
1989,427290
1990,1076160
1991,1235743
1992,3693650
1993,2916430
1994,1125240
1995,1493640
1996,1969370
1997,2366980
1998,1472780
1999,2255370
2000,2208570
2001,2661270
2002,2059670
2003,2103140
2004,1041320
2005,1243850
2006,1469610
2007,460810
2008,1462810
2009,352400
2010,2890190
2011,1413480
2012,1316840
2013,2535440
2014,4006040
2015,235600
2016,493340
2017,447530
2018,1644320
2019,2569510
2020,751780
2021,584400
2022,3687050
2023,3548850
2024,1722280
2025,1236720
2026,1293820
2027,1443200
2028,3181540
2029,3108510
2030,2532480
2031,4630570
2032,404013
2033,977400
2034,1238820
2035,3672400
2036,1338770
2037,3418570
2038,550470
2039,475150
2040,1281590
2041,3319700
2042,1585180
2043,2135150
2044,1324970
2045,434170
2046,1235730
2047,586140
2048,640820
2049,1437760
2050,4927490
2051,2511500
2052,3048060
2053,588430
2054,1609230
2055,1235732
2056,3976890
2057,3690030
2058,3634520
2059,736260
2060,5158320
2061,619820
2062,350080
2063,1808680
2064,544550
2065,2787320
2066,967050
2067,1575990
2068,1127500
2069,459220
2070,2527390
2071,3976910
2072,1042550
2073,3314340
2074,692850
2075,555160
2076,1430190
2077,2123890
2078,15100
2079,1996840
2080,1850160
2081,3357960
2082,3579760
2083,3840230
2084,3290690
2085,1372280
2086,292730
2087,2200580
2088,1216320
2089,2000950
2090,1959430
2091,1179080
2092,4164420
2093,1879330
2094,2060280
2095,1899750
2096,2798330
2097,1696780
2098,2805520
2099,47810
2100,2555420
2101,2214826
2102,2383430
2103,242050
2104,1296830
2105,3181500
2106,1479730
2107,4084710
2108,1602010
2109,3949550
2110,2141580
2111,985890
2112,597170
2113,1442430
2114,1074320
2115,1475810
2116,3543180
2117,3301060
2118,3151390
2119,3339880
2120,2414270
2121,3897800
2122,3979620
2123,2015270
2124,898750
2125,1574240
2126,1556110
2127,3454980
2128,1557740
2129,2140610
2130,3819640
2131,5246160
2132,1580050
2133,718670
2134,2973290
2135,3396010
2136,2526380
2137,2218970
2138,3453910
2139,3590290
2140,3368630
2141,4893490
2142,38420
2143,4559140
2144,2683150
2145,1307580
2146,1857090
2147,3242950
2148,1170570
2149,644930
2150,4781330
2151,5204830
2152,982970
2153,4064510
2154,1230140
2155,1209120
2156,2140020
2157,259680
2158,2974330
2159,3934250
2160,1552350
2161,200510
2162,3151380
2163,2719750
2164,1933390
2165,3558670
2166,1805480
2167,2748340
2168,2441700
2169,2857120
2170,292120
2171,330020
2172,4744690
2173,5088110
2174,1299460
2175,2530470
2176,1252330
2177,1995520
2178,1255560
2179,2144740
2180,3884020
2181,700282
2182,872670
2183,3118000
2184,2411231
2185,3985950
2186,3871350
2187,2660460
2188,287450
2189,1158180
2190,1817490
2191,1065310
2192,1005300
2193,1538550
2194,2492040
2195,208200
2196,1436700
2197,567990
2198,206480
2199,1567020
2200,2863080
2201,2362050
2202,1385380
2203,502280
2204,558245
2205,758870
2206,779880
2207,1451460
2208,1670430
2209,3024580
2210,2723430
2211,1328660
2212,2190220
2213,1920490
2214,2292800
2215,2155180
2216,1829980
2217,1007040
2218,1889490
2219,846470
2220,2535950
2221,329110
2222,1071870
2223,1483870
2224,1340140
2225,1812090
2226,207610
2227,234080
2228,244450
2229,1528460
2230,35140
2231,3077390
2232,5180360
2233,4517460
2234,978300
2235,32330
2236,825630
2237,1286580
2238,2015890
2239,5131890
2240,1465470
2241,2904040
2242,2096610
2243,211500
2244,2572040
2245,10500
2246,4694270
2247,571740
2248,2521380
2249,4523380
2250,4512570
2251,1647550
2252,1262540
2253,1056960
2254,606280
2255,2869680
2256,2695150
2257,3971950
2258,1204130
2259,3059070
2260,3683770
2261,1710820
2262,2352620
2263,2700340
2264,1253990
2265,404010
2266,1949030
2267,3796620
2268,942970
2269,3805260
2270,560130
2271,3500390
2272,1284470
2273,367270
2274,2916700
2275,4412000
2276,2208350
2277,3862670
2278,322500
2279,1749860
2280,5120650
2281,3334790
2282,283740
2283,1012790
2284,3575980
2285,1436950
2286,1079800
2287,388090
2288,3908940
2289,4263320
2290,2561450
2291,1967430
2292,2904660
2293,1958220
2294,646910
2295,4196060
2296,2552440
2297,2744880
2298,2825530
2299,1677110
2300,2026820
2301,1580790
2302,1205520
2303,32430
2304,3918850
2305,4742640
2306,550320
2307,1812620
2308,944290
2309,973230
2310,586200
2311,3936530
2312,955900
2313,3205310
2314,1189490
2315,2190290
2316,19900
2317,3271000
2318,4301100
2319,4928820
2320,867210
2321,1740720
2322,704450
2323,3555780
2324,2796640
2325,1118012
2326,636040
2327,3282300
2328,3400930
2329,1283410
2330,913740
2331,3579780
2332,3043580
2333,3976900
2334,1124300
2335,2961530
2336,531510
2337,2075720
2338,2340520
2339,2074800
2340,311310
2341,2289750
2342,488310
2343,3491690
2344,32510
2345,3142540
2346,436670
2347,3636930
2348,893180
2349,4921760
2350,2081470
2351,1173810
2352,939850
2353,1684350
2354,4519130
2355,367500
2356,228200
2357,3400960
2358,3105320
2359,357190
2360,2375780
2361,1863430
2362,1137300
2363,2407830
2364,469820
2365,285160
2366,2598510
2367,5087960
2368,1604000
2369,1643310
2370,2788520
2371,1235720
2372,1820000
2373,951770
2374,629760
2375,2459550
2376,278080
2377,3140380
2378,710920
2379,2799860
2380,1222730
2381,455040
2382,3199650
2383,3651200
2384,3616260
2385,404014
2386,1107320
2387,2492660
2388,1274600
2389,346010
2390,1353060
2391,4874400
2392,5101770
2393,4300090
2394,2658510
2395,2542120
2396,4733900
2397,4297840
2398,4005220
2399,1623940
2400,1072040
2401,1307710
2402,1840080
2403,4111370
2404,265550
2405,1587130
2406,2066020
2407,1953520
2408,1161580
2409,2981220
2410,292140
2411,3377850
2412,499180
2413,1335830
2414,4249130
2415,3365030
2416,247080
2417,1140001
2418,1894430
2419,3381680
2420,1796790
2421,1850960
2422,2545710
2423,451340
2424,716670
2425,1262580
2426,274190
2427,4400940
2428,12140
2429,485510
2430,1337520
2431,2792170
2432,750381
2433,1944880
2434,2564910
2435,445220
2436,2772990
2437,2701700
2438,2692990
2439,32370
2440,3868650
2441,1267540
2442,17470
2443,2076010
2444,3445190
2445,1715130
2446,4196070
2447,2560240
2448,2157560
2449,1996390
2450,406550
2451,99910
2452,3618390
2453,1063420
2454,557600
2455,3871370
2456,2452280
2457,784950
2458,466300
2459,2582140
2460,4304930
2461,2321780
2462,1173800
2463,2415010
2464,1342490
2465,3335020
2466,4264260
2467,4366330
2468,2001070
2469,1351240
2470,4001350
2471,2700600
2472,2474770
2473,3576070
2474,4467800
2475,1268750
2476,1055540
2477,1674170
2478,1238000
2479,1022980
2480,2106840
2481,3570290
2482,2738490
2483,221910
2484,4656700
2485,2393970
2486,2254740
2487,1324130
2488,1531540
2489,627690
2490,1299591
2491,707030
2492,2457540
2493,1510440
2494,4096360
2495,962750
2496,2828160
2497,1446650
2498,332950
2499,491540
2500,3747730
2501,2640950
2502,2496180
2503,1122340
2504,2400510
2505,1158850
2506,4741040
2507,2840470
2508,2695220
2509,3315570
2510,347990
2511,1021210
2512,4415120
2513,4249150
2514,525480
2515,4416300
2516,3565480
2517,304214
2518,1388590
2519,1843410
2520,2656010
2521,3935530
2522,990630
2523,1135230
2524,2090390
2525,1105510
2526,4724090
2527,2250500
2528,2427700
2529,2701440
2530,2013360
2531,3592600
2532,1038250
2533,1545560
2534,3201730
2535,3260820
2536,1284410
2537,1302240
2538,1357210
2539,2464280
2540,2201940
2541,1649950
2542,2428980
2543,2230110
2544,1497440
2545,4212180
2546,3216500
2547,42680
2548,438040
2549,1194630
2550,2243210
2551,1173790
2552,990380
2553,578330
2554,814000
2555,3534790
2556,3315560
2557,3181690
2558,536270
2559,2591280
2560,383150
2561,3103780
2562,1481170
2563,1280930
2564,3579790
2565,1712350
2566,1368820
2567,1573360
2568,2238470
2569,3764940
2570,1546400
2571,2743460
2572,3875050
2573,735730
2574,1340480
2575,257420
2576,2302660
2577,2096600
2578,3678970
2579,1146960
2580,1263240
2581,4039140
2582,3371240
2583,1956040
2584,2982610
2585,641320
2586,394690
2587,1670870
2588,1721060
2589,2833600
2590,2362300
2591,1522090
2592,237930
2593,1233570
2594,2943650
2595,2111630
2596,648410
2597,3263320
2598,2380030
2599,2989180
2600,2230650
2601,333420
2602,238090
2603,2950840
2604,4627490
2605,1408610
2606,1995690
2607,3743490
2608,450540
2609,291650
2610,4997500
2611,1277400
2612,2936290
2613,2170970
2614,610180
2615,2469400
2616,1016920
2617,1088710
2618,4170200
2619,2070270
2620,4232870
2621,519860
2622,3743790
2623,1875060
2624,24880
2625,1368572
2626,774801
2627,4232860
2628,797430
2629,283940
2630,4440380
2631,630940
2632,2458980
2633,2827750
2634,1776780
2635,388410
2636,242920
2637,4019590
2638,1784570
2639,1281040
2640,3266090
2641,3062350
2642,2328720
2643,1076080
2644,3337140
2645,2706020
2646,2313540
2647,2060130
2648,3562890
2649,4211520
2650,2676840
2651,3703520
2652,1580240
2653,2299900
2654,2371630
2655,698670
2656,212200
2657,4195110
2658,2161440
2659,3602570
2660,2288150
2661,313120
2662,1032430
2663,265930
2664,362960
2665,1471410
2666,1850050
2667,1171690
2668,1745780
2669,1128810
2670,743890
2671,2453160
2672,3243190
2673,1546670
2674,2933200
2675,1359980
2676,572890
2677,3062360
2678,2934220
2679,2214825
2680,453090
2681,1762930
2682,1565490
2683,1786790
2684,3414580
2685,2243710
2686,4095900
2687,1240210
2688,13520
2689,1548850
2690,531131
2691,887380
2692,3365050
2693,4046960
2694,3069120
2695,2318310
2696,1328840
2697,874260
2698,1998340
2699,4973980
2700,2490990
2701,3315580
2702,4950470
2703,1140150
2704,1608230
2705,302510
2706,24780
2707,1745440
2708,2214830
2709,798460
2710,512540
2711,3516590
2712,3509230
2713,57300
2714,1303183
2715,1010822
2716,2909580
2717,2277860
2718,790820
2719,2983250
2720,3839790
2721,2638370
2722,3362550
2723,209160
2724,388470
2725,708770
2726,648350
2727,2863060
2728,1898300
2729,365960
2730,4492700
2731,429050
2732,2357910
2733,1206070
2734,4468750
2735,4132890
2736,4835530
2737,4249140
2738,1815780
2739,3681910
2740,3604340
2741,1249970
2742,1562700
2743,1525700
2744,1337860
2745,712100
2746,4395500
2747,1061910
2748,316790
2749,2384550
2750,690640
2751,3858650
2752,3655420
2753,47790
2754,4027450
2755,1361280
2756,2695940
2757,3569500
2758,3244220
2759,468920
2760,3725110
2761,4218170
2762,3623530
2763,1542360
2764,690830
2765,2599690
2766,4643090
2767,1235745
2768,2194530
2769,3126500
2770,1520620
2771,1683340
2772,4120790
2773,4773930
2774,3901910
2775,224760
2776,3315520
2777,588030
2778,847370
2779,495910
2780,2492430
2781,605740
2782,2419670
2783,2876200
2784,2526540
2785,3878440
2786,1490890
2787,3902620
2788,211820
2789,2091020
2790,1585220
2791,55230
2792,1963570
2793,414340
2794,731040
2795,1260520
2796,427100
2797,895620
2798,3787240
2799,4007140
2800,1201360
2801,2853590
2802,859580
2803,4686720
2804,285190
2805,354140
2806,696170
2807,345350
2808,785300
2809,924980
2810,3952720
2811,3985670
2812,2967990
2813,469600
2814,553540
2815,2878420
2816,527230
2817,895400
2818,3194360
2819,3966020
2820,700280
2821,1477840
2822,1093700
2823,3578070
2824,4483530
2825,1235746
2826,1277930
2827,1782460
2828,2646130
2829,1836730
2830,2701860
2831,4508910
2832,251060
2833,1277510
2834,3091140
2835,2451010
2836,4012810
2837,3871410
2838,2442460
2839,1308700
2840,361280
2841,1568590
2842,3133010
2843,4165520
2844,4199610
2845,2972680
2846,2272540
2847,4173830
2848,2663530
2849,532110
2850,363150
2851,2853730
2852,593380
2853,1135280
2854,4249280
2855,4190240
2856,2487300
2857,2022670
2858,639490
2859,1610440
2860,1942110
2861,3848900
2862,3265230
2863,1763250
2864,212680
2865,590380
2866,208580
2867,540710
2868,2233120
2869,1163770
2870,2331540
2871,1207650
2872,4634490
2873,2873080
2874,1221950
2875,1259790
2876,3513600
2877,1920430
2878,411893
2879,1675830
2880,250520
2881,2498570
2882,2291760
2883,1810820
2884,1118200
2885,702540
2886,600480
2887,32500
2888,1788370
2889,3359740
2890,50
2891,1605220
2892,675590
2893,872280
2894,333600
2895,3993450
2896,4770830
2897,2965660
2898,512900
2899,2353060
2900,1150530
2901,4660280
2902,742420
2903,1430990
2904,1105500
2905,1147550
2906,3861710
2907,2792140
2908,3562730
2909,1865970
2910,4764930
2911,4129920
2912,1798010
2913,2069310
2914,622450
2915,4674630
2916,1578650
2917,2698420
2918,2186320
2919,1445790
2920,996770
2921,2933080
2922,285920
2923,3365040
2924,3587610
2925,3929470
2926,1157390
2927,2477010
2928,304050
2929,4331610
2930,2310
2931,3422870
2932,1874490
2933,1276790
2934,2712590
2935,482920
2936,3085820
2937,1059990
2938,2914280
2939,1955830
2940,2390230
2941,1000360
2942,260750
2943,1173770
2944,589530
2945,1896700
2946,2364580
2947,3983860
2948,3823590
2949,540711
2950,2792180
2951,886250
2952,1641960
2953,999020
2954,1059530
2955,681280
2956,2287330
2957,2638630
2958,4317690
2959,4513480
2960,130
2961,4734690
2962,1082430
2963,1238040
2964,4692290
2965,269950
2966,3979330
2967,526060
2968,2997230
2969,1061090
2970,17440
2971,2296990
2972,2873470
2973,1680000
2974,538680
2975,3179120
2976,3660220
2977,1987080
2978,2300120
2979,2668290
2980,2336220
2981,3983810
2982,1431300
2983,520440
2984,225260
2985,846770
2986,1477070
2987,3486530
2988,936720
2989,1829590
2990,2397320
2991,1530160
2992,3276050
2993,404430
2994,3802450
2995,1634860
2996,1148760
2997,4157110
2998,3100310
2999,2887680
3000,3889960
3001,1309950
3002,573100
3003,2111190
3004,2300840
3005,238010
3006,2841650
3007,4250650
3008,2027330
3009,3920680
3010,3035500
3011,2767530
3012,2343790
3013,2630
3014,2819400
3015,5126960
3016,4491360
3017,5175830
3018,3412160
3019,2016460
3020,1522820
3021,493190
3022,3168600
3023,619680
3024,2820820
3025,3279440
3026,2934330
3027,3673150
3028,3789080
3029,3123060
3030,3302470
3031,889510
3032,2116210
3033,3058360
3034,1271700
3035,2690330
3036,988810
3037,3607440
3038,2794590
3039,423630
3040,2394350
3041,2272250
3042,2340130
3043,3394840
3044,777130
3045,3884830
3046,1097430
3047,1245560
3048,3118100
3049,1342260
3050,1293160
3051,47700
3052,206420
3053,287980
3054,1336350
3055,2338140
3056,2377930
3057,966680
3058,236110
3059,695680
3060,252330
3061,4021780
3062,2066550
3063,842780
3064,1591530
3065,3582250
3066,1321680
3067,748490
3068,587430
3069,2869860
3070,3119540
3071,1351080
3072,1708850
3073,2401410
3074,5201910
3075,2692400
3076,2570210
3077,610370
3078,3837350
3079,2106520
3080,1990040
3081,2671080
3082,728740
3083,695330
3084,3022980
3085,1017900
3086,2213700
3087,502570
3088,2218750
3089,3315540
3090,4435340
3091,4088670
3092,1658150
3093,254780
3094,24720
3095,1651560
3096,2526550
3097,2808550
3098,4449410
3099,2791000
3100,1342330
3101,32450
3102,983870
3103,1147010
3104,7940
3105,1120320
3106,1420290
3107,1683150
3108,4778970
3109,2776090
3110,1310410
3111,774461
3112,1303184
3113,601050
3114,2721670
3115,1574260
3116,498240
3117,3469800
3118,3596700
3119,2445260
3120,1484280
3121,4501680
3122,775500
3123,4157740
3124,48000
3125,40980
3126,2760560
3127,3368600
3128,2169090
3129,314160
3130,2805510
3131,3169520
3132,752470
3133,20
3134,2313550
3135,464060
3136,635940
3137,1928870
3138,5186690
3139,2870920
3140,4508020
3141,744190
3142,3258290
3143,4912220
3144,2132890
3145,2686630
3146,645630
3147,1192900
3148,564230
3149,743900
3150,3259600
3151,818320
3152,1579880
3153,438640
3154,738520
3155,2920570
3156,3453960
3157,882140
3158,3818160
3159,3525970
3160,4010590
3161,1627570
3162,2721890
3163,632950
3164,620610
3165,1771980
3166,4327530
3167,658620
3168,2870340
3169,622220
3170,1182620
3171,4314650
3172,3275760
3173,2526530
3174,24810
3175,2370570
3176,512035
3177,1022850
3178,844590
3179,645401
3180,496300
3181,736190
3182,690040
3183,4260530
3184,1292940
3185,1225560
3186,3720420
3187,1454970
3188,1242980
3189,5090060
3190,2111550
3191,2908950
3192,1701060
3193,4600460
3194,3655150
3195,1269370
3196,2627570
3197,65540
3198,2429860
3199,2124750
3200,541670
3201,2952300
3202,24790
3203,1348660
3204,2473350
3205,2446600
3206,3245120
3207,1624540
3208,362620
3209,2383250
3210,4934370
3211,2624670
3212,1938010
3213,107100
3214,1429850
3215,4195600
3216,1033060
3217,2881370
3218,1511630
3219,2779120
3220,3929630
3221,3871360
3222,712640
3223,1361320
3224,2842800
3225,729000
3226,1776380
3227,2216830
3228,5216710
3229,4901260
3230,5109260
3231,3830
3232,1833200
3233,809230
3234,4148530
3235,4039770
3236,3725800
3237,505230
3238,2653790
3239,1829591
3240,3121110
3241,242700
3242,587620
3243,733340
3244,2695570
3245,2067780
3246,1858630
3247,2742710
3248,3639650
3249,674140
3250,3645890
3251,440820
3252,799600
3253,1802450
3254,437920
3255,2657090
3256,45740
3257,2678640
3258,3069050
3259,17480
3260,2738630
3261,2834910
3262,2128480
3263,4172690
3264,1881700
3265,1488200
3266,4285690
3267,4144680
3268,3075500
3269,1931910
3270,3785860
3271,504210
3272,1067850
3273,2918500
3274,1465070
3275,4975570
3276,2365810
3277,1094780
3278,794600
3279,3939430
3280,2929170
3281,2819590
3282,622650
3283,999220
3284,2291850
3285,3132930
3286,231200
3287,3594460
3288,3874660
3289,1621310
3290,2614650
3291,1801110
3292,3609750
3293,1802451
3294,757310
3295,1907590
3296,393010
3297,3202030
3298,577690
3299,3161220
3300,899440
3301,4465600
3302,897220
3303,1173780
3304,3372060
3305,8850
3306,359510
3307,1288460
3308,1777620
3309,3884520
3310,1705180
3311,2273980
3312,1946700
3313,800270
3314,1104380
3315,282470
3316,283640
3317,2661250
3318,4246860
3319,4227400
3320,1150760
3321,3905010
3322,1282730
3323,1369700
3324,388080
3325,839770
3326,597220
3327,4601120
3328,1874170
3329,10680
3330,2380050
3331,1933000
3332,6860
3333,4951190
3334,1270540
3335,12130
3336,4317790
3337,4739950
3338,3533100
3339,2194730
3340,606150
3341,720620
3342,1622350
3343,1903620
3344,3278290
3345,1388850
3346,2473480
3347,914800
3348,2464530
3349,382310
3350,2844850
3351,2200780
3352,2223660
3353,3191030
3354,2862840
3355,1975440
3356,1262572
3357,2999850
3358,3522640
3359,1870300
3360,1677740
3361,3315550
3362,3127280
3363,3778100
3364,4126480
3365,2657100
3366,3391450
3367,297860
3368,1929290
3369,3087460
3370,1478300
3371,2103130
3372,2593370
3373,366090
3374,1245480
3375,1920480
3376,3749720
3377,1088790
3378,3542380
3379,3756010
3380,6060
3381,2451310
3382,5086560
3383,3259470
3384,819030
3385,973760
3386,2790750
3387,1997660
3388,71250
3389,2962300
3390,1349230
3391,254760
3392,1250
3393,850010
3394,2951690
3395,470310
3396,4627590
3397,3537070
3398,3345950
3399,843380
3400,3180340
3401,2153350
3402,2669360
3403,3854870
3404,2973120
3405,415200
3406,2015880
3407,903930
3408,3063250
3409,3508770
3410,2854750
3411,1489630
3412,113200
3413,5099430
3414,3242750
3415,1633370
3416,3237520
3417,3800340
3418,2026000
3419,1556790
3420,1928980
3421,2903960
3422,3589510
3423,2769240
3424,2167453
3425,1697700
3426,2105620
3427,3088700
3428,1201540
3429,393080
3430,3261720
3431,2012320
3432,3597200
3433,2429190
3434,301640
3435,3106720
3436,495160
3437,1732430
3438,506971
3439,4996840
3440,3929740
3441,297000
3442,4635200
3443,397900
3444,2819520
3445,4927180
3446,1876590
3447,2640
3448,6000
3449,506610
3450,916840
3451,2923820
3452,2455360
3453,2428810
3454,1301020
3455,2671030
3456,2244130
3457,1846170
3458,2897580
3459,1547890
3460,302670
3461,1128860
3462,2821390
3463,3547270
3464,3362570
3465,3585460
3466,1660080
3467,2120900
3468,3511030
3469,1158370
3470,715191
3471,245390
3472,2235020
3473,3953520
3474,969990
3475,942290
3476,3470560
3477,4348650
3478,2529790
3479,4131660
3480,1417930
3481,3922100
3482,1850740
3483,4680590
3484,1735680
3485,3757310
3486,3583210
3487,4598200
3488,694880
3489,12150
3490,1622941
3491,440650
3492,3288210
3493,2525310
3494,248390
3495,3304770
3496,382110
3497,3311900
3498,1335790
3499,5149580
3500,1622940
3501,2530490
3502,1868180
3503,1597080
3504,3765010
3505,1344680
3506,1167450
3507,683900
3508,2682670
3509,1330000
3510,5128450
3511,647960
3512,1468720
3513,3282470
3514,1937500
3515,2274620
3516,3447040
3517,1857740
3518,1328350
3519,1348390
3520,1245150
3521,1063660
3522,2437670
3523,1755920
3524,3419140
3525,2958970
3526,2660230
3527,1174400
3528,2739630
3529,22300
3530,300
3531,3871380
3532,3226530
3533,557340
3534,702890
3535,4159030
3536,1868170
3537,1270580
3538,675260
3539,732690
3540,388475
3541,3026450
3542,4077430
3543,282800
3544,719640
3545,569480
3546,4610100
3547,3539440
3548,2399750
3549,1456210
3550,1799930
3551,2647680
3552,1262240
3553,4490120
3554,1148130
3555,1097840
3556,1148590
3557,920571
3558,2799720
3559,3720460
3560,1016800
3561,2237970
3562,1701520
3563,1424330
3564,40700
3565,1755190
3566,3903700
3567,1097200
3568,4333200
3569,4767600
3570,1125020
3571,3217240
3572,2486150
3573,3326620
3574,261050
3575,1995890
3576,1590910
3577,1404210
3578,1674200
3579,906100
3580,5009580
3581,3532160
3582,1120300
3583,3572800
3584,1939160
3585,1433140
3586,21090
3587,4298500
3588,3818010
3589,1432050
3590,2229830
3591,2331330
3592,2229840
3593,715560
3594,1235742
3595,1289810
3596,2229890
3597,1957780
3598,577940
3599,4812130
3600,861650
3601,2445990
3602,1067690
3603,851100
3604,3891400
3605,3938640
3606,4719180
3607,5220090
3608,2203070
3609,2756930
3610,258970
3611,2866670
3612,3219580
3613,399620
3614,2224461
3615,961930
3616,3795900
3617,4229200
3618,230270
3619,2296380
3620,32360
3621,1390410
3622,1691970
3623,5282150
3624,397950
3625,1604380
3626,3549020
3627,977610
3628,1613280
3629,2067050
3630,4563790
3631,329430
3632,3774330
3633,4341120
3634,3767850
3635,541640
3636,977880
3637,688420
3638,3361510
3639,511680
3640,2382520
3641,2356780
3642,1230530
3643,4140530
3644,547502
3645,1532200
3646,3094010
3647,34010
3648,4159240
3649,1816300
3650,2918310
3651,2732960
3652,2229870
3653,2229880
3654,2614070
3655,4735410
3656,2532370
3657,2229850
3658,2424010
3659,433080
3660,2419090
3661,2544110
3662,1858650
3663,4794830
3664,3009300
3665,50620
3666,2448020
3667,3376250
3668,4015530
3669,4502100
3670,2482940
3671,420110
3672,3839850
3673,1420300
3674,2543180
3675,2231410
3676,1586800
3677,2706170
3678,2963870
3679,1517030
3680,1198970
3681,1010820
3682,2680550
3683,1700270
3684,357070
3685,335240
3686,1377380
3687,3971650
3688,1770580
3689,345800
3690,764790
3691,4403940
3692,2915460
3693,2379910
3694,760640
3695,1899060
3696,373930
3697,2615540
3698,4691990
3699,820630
3700,3591040
3701,2055290
3702,1118240
3703,3204800
3704,4271160
3705,4322980
3706,2471100
3707,3341650
3708,3990820
3709,2734450
3710,3446240
3711,1769830
3712,345180
3713,3825860
3714,1746030
3715,4947180
3716,1954420
3717,4207910
3718,781030
3719,2945630
3720,1096570
3721,1262600
3722,4271990
3723,1421250
3724,4436200
3725,2413950
3726,1227700
3727,33220
3728,1235747
3729,2730970
3730,502800
3731,1282150
3732,2115770
3733,4252290
3734,2625580
3735,369150
3736,327070
3737,548570
3738,467980
3739,8190
3740,3174360
3741,2006140
3742,2302530
3743,794860
3744,4312850
3745,1364210
3746,2427430
3747,1097580
3748,4354810
3749,1537830
3750,3350260
3751,2304440
3752,673950
3753,768450
3754,2891020
3755,3152800
3756,1166860
3757,1082710
3758,614580
3759,2303350
3760,2964280
3761,1792250
3762,410320
3763,1163550
3764,1499120
3765,261030
3766,1343240
3767,3979530
3768,368070
3769,627390
3770,3231480
3771,964800
3772,3574360
3773,3417410
3774,2401860
3775,2416100
3776,2197890
3777,1695830
3778,742300
3779,2665680
3780,1924170
3781,2585830
3782,246580
3783,324800
3784,1493170
3785,1543030
3786,273380
3787,202750
3788,3919140
3789,4493090
3790,2271930
3791,2890830
3792,4483540
3793,3558400
3794,24800
3795,3133650
3796,1920780
3797,895493
3798,1238851
3799,1726380
3800,4424610
3801,2800080
3802,4651970
3803,3112260
3804,1281220
3805,986850
3806,2198800
3807,1843940
3808,4134600
3809,3899740
3810,385970
3811,1233880
3812,895492
3813,4310610
3814,4674610
3815,589360
3816,3170350
3817,306020
3818,342940
3819,218680
3820,2438990
3821,2401830
3822,3432480
3823,736220
3824,4403510
3825,2436570
3826,2308690
3827,1745510
3828,4357560
3829,895491
3830,3688130
3831,2370000
3832,488860
3833,2076580
3834,895490
3835,1411910
3836,2991180
3837,3237970
3838,4668890
3839,871980
3840,1147100
3841,418240
3842,2792150
3843,979640
3844,330830
3845,1084020
3846,239820
3847,2951990
3848,2757330
3849,1763050
3850,2305840
3851,2427741
3852,1136370
3853,235540
3854,1273260
3855,515960
3856,2230760
3857,242550
3858,4907940
3859,2987800
3860,3091190
3861,1238080
3862,502520
3863,2236070
3864,1836560
3865,2459750
3866,444930
3867,3255720
3868,3700760
3869,978780
3870,2501600
3871,1778840
3872,2313541
3873,1668110
3874,217200
3875,1353300
3876,3880400
3877,2503770
3878,987840
3879,3398110
3880,473770
3881,2499360
3882,3581600
3883,2561440
3884,321960
3885,4962010
3886,1581770
3887,450550
3888,1182310
3889,1553061
3890,1454370
3891,1804010
3892,4508920
3893,3713770
3894,1582650
3895,1330470
3896,1449200
3897,2089150
3898,4310440
3899,2223840
3900,559650
3901,2427410
3902,799640
3903,3572140
3904,1785150
3905,3244810
3906,3219010
3907,1449280
3908,3127230
3909,1867530
3910,2320
3911,4348660
3912,2453060
3913,1947910
3914,597820
3915,2100020
3916,386070
3917,1669420
3918,666140
3919,789100
3920,4674620
3921,543460
3922,2014380
3923,384190
3924,40800
3925,3027840
3926,3274440
3927,2274200
3928,1823950
3929,1487210
3930,566540
3931,327280
3932,3890520
3933,1201270
3934,715194
3935,2439510
3936,2008400
3937,473950
3938,4870430
3939,1536370
3940,1266840
3941,4286120
3942,2361460
3943,4796830
3944,1258740
3945,1898830
3946,1235740
3947,2631430
3948,443110
3949,962400
3950,1702330
3951,4119420
3952,1167750
3953,1865950
3954,2118560
3955,4573090
3956,1021110
3957,2430400
3958,673610
3959,2569670
3960,2055140
3961,3601800
3962,433091
3963,250260
3964,3840400
3965,3907350
3966,13570
3967,407130
3968,2790990
3969,433090
3970,3707400
3971,1884560
3972,4031130
3973,2790710
3974,2417470
3975,1606180
3976,3594780
3977,3447070
3978,4112070
3979,1991040
3980,1069160
3981,1449260
3982,4538960
3983,1318690
3984,2337640
3985,1663220
3986,4855450
3987,3142400
3988,435120
3989,1473350
3990,4090360
3991,2807150
3992,1998330
3993,2697800
3994,3837800
3995,42960
3996,1677350
3997,1869780
3998,297130
3999,1036640
4000,4483600
4001,3179730
4002,303210
4003,4245590
4004,541660
4005,501590
4006,16810
4007,252610
4008,3328900
4009,4483830
4010,477740
4011,1124180
4012,808910
4013,4767590
4014,3022990
4015,2669380
4016,3337040
4017,1910680
4018,1961950
4019,1646850
4020,730820
4021,506970
4022,605230
4023,1101120
4024,675690
4025,2264340
4026,3423990
4027,4911210
4028,2095420
4029,3976500
4030,388210
4031,637100
4032,1159830
4033,1009850
4034,2427742
4035,1138850
4036,2183650
4037,2084000
4038,1045980
4039,2249450
4040,992070
4041,3381120
4042,2008100
4043,1494810
4044,1569190
4045,282530
4046,1560250
4047,3777660
4048,1191630
4049,4510830
4050,790740
4051,2825880
4052,3444020
4053,1614440
4054,2980270
4055,2776900
4056,1307890
4057,38410
4058,2579670
4059,3042220
4060,1092660
4061,1598780
4062,4179010
4063,1036890
4064,2172910
4065,1062160
4066,3430340
4067,1549690
4068,342200
4069,332310
4070,2774040
4071,1259980
4072,1410640
4073,4369490
4074,2945610
4075,1755910
4076,2538870
4077,1732190
4078,3338950
4079,866800
4080,1832960
4081,1722840
4082,3255980
4083,2386720
4084,606880
4085,1127700
4086,2802740
4087,2212670
4088,3734890
4089,2174380
4090,245300
4091,933820
4092,3286930
4093,335670
4094,1389990
4095,4044660
4096,1162520
4097,2195430
4098,19000
4099,2434600
4100,2531370
4101,1154840
4102,4424920
4103,602520
4104,2146170
4105,277590
4106,1178830
4107,260230
4108,25000
4109,1234730
4110,3902750
4111,285330
4112,2719740
4113,3028020
4114,1324340
4115,3894440
4116,321800
4117,3023000
4118,1969870
4119,616720
4120,223594
4121,1881200
4122,3333420
4123,2067210
4124,3672720
4125,4250540
4126,2200
4127,1744330
4128,1972440
4129,673130
4130,898890
4131,2922530
4132,3036350
4133,3480
4134,2834350
4135,3840390
4136,1235741
4137,242680
4138,2850310
4139,920490
4140,3294480
4141,3481460
4142,1238070
4143,2506480
4144,1981560
4145,2738230
4146,238370
4147,1145960
4148,4250550
4149,94400
4150,4062430
4151,1341520
4152,1237980
4153,790710
4154,1729740
4155,5240850
4156,2648050
4157,1747760
4158,2061250
4159,445980
4160,1611430
4161,1371580
4162,1574360
4163,4942770
4164,4538140
4165,1010821
4166,2292260
4167,973580
4168,363440
4169,1181550
4170,1787090
4171,2091330
4172,1977170
4173,3365540
4174,4694190
4175,770810
4176,1109680
4177,47893
4178,232890
4179,3247030
4180,1265640
4181,874390
4182,944071
4183,2518960
4184,3372980
4185,294530
4186,3681810
4187,1700870
4188,4464990
4189,219890
4190,3467040
4191,301320
4192,2612950
4193,2627780
4194,1507580
4195,1973710
4196,2005870
4197,1539140
4198,220740
4199,2551020
4200,3138780
4201,2179850
4202,2730810
4203,3541630
4204,2698470
4205,3028310
4206,2533600
4207,672680
4208,3289090
4209,1566200
4210,826630
4211,2945640
4212,3191050
4213,4579940
4214,5174540
4215,666860
4216,1553260
4217,1749750
4218,3641780
4219,1948980
4220,326460
4221,764300
4222,3419300
4223,3868320
4224,3586990
4225,924750
4226,896000
4227,621060
4228,2203420
4229,335070
4230,1613281
4231,3365170
4232,3473820
4233,4242820
4234,493840
4235,2689470
4236,444090
4237,448280
4238,465490
4239,4129630
4240,3755320
4241,2792190
4242,1337760
4243,3895690
4244,1919470
4245,2586440
4246,1680880
4247,745920
4248,423580
4249,1209110
4250,3282420
4251,1817800
4252,1182020
4253,1458151
4254,2709570
4255,1009821
4256,444140
4257,1371720
4258,223593
4259,2585890
4260,970570
4261,323470
4262,1887400
4263,2697790
4264,1491410
4265,1429880
4266,411890
4267,260210
4268,2452080
4269,4242210
4270,2779890
4271,456750
4272,1471590
4273,239350
4274,773790
4275,204450
4276,1056640
4277,3524380
4278,991260
4279,1998240
4280,2824490
4281,3744430
4282,65980
4283,1373090
4284,624270
4285,3146520
4286,1341820
4287,4372140
4288,1785650
4289,3118110
4290,4286550
4291,483980
4292,3087420
4293,3087410
4294,3087370
4295,3077590
4296,2121980
4297,4444640
4298,3087400
4299,3339810
4300,3087390
4301,2871440
4302,3087380
4303,1123450
4304,3966190
4305,212630
4306,4626940
4307,2983890
4308,1977570
4309,2345650
4310,760060
4311,1416420
4312,2230980
4313,337340
4314,4730770
4315,920630
4316,4670920
4317,462770
4318,1434950
4319,1376200
4320,1877020
4321,2786550
4322,1259360
4323,2113920
4324,824550
4325,3252020
4326,374040
4327,1352330
4328,1804460
4329,824600
4330,1222370
4331,3607950
4332,1567800
4333,1887030
4334,3172700
4335,1133000
4336,2894270
4337,640590
4338,4585340
4339,1671570
4340,4868870
4341,2399730
4342,2281730
4343,3487780
4344,1457080
4345,2236950
4346,1603640
4347,1044620
4348,3593650
4349,1889810
4350,3551410
4351,803600
4352,108726
4353,498870
4354,1749080
4355,3124230
4356,1016950
4357,3917380
4358,1755100
4359,1967650
4360,38400
4361,6910
4362,4110940
4363,619150
4364,3431040
4365,1458100
4366,1621460
4367,844810
4368,3087440
4369,4116960
4370,4496350
4371,2393160
4372,3872920
4373,2461280
4374,1904860
4375,760730
4376,1406990
4377,1402320
4378,3118120
4379,3274400
4380,5159810
4381,3966510
4382,4082750
4383,3594120
4384,2521170
4385,4664470
4386,1200349
4387,1740300
4388,2077750
4389,2991170
4390,952860
4391,4182010
4392,3391540
4393,3560360
4394,1839060
4395,3857430
4396,1715590
4397,571890
4398,1377580
4399,4428630
4400,2106670
4401,4013300
4402,3404470
4403,2993780
4404,853360
4405,909660
4406,254800
4407,391570
4408,4924910
4409,1140000
4410,2651350
4411,3146530
4412,4197990
4413,207140
4414,2429270
4415,1509510
4416,4945850
4417,687800
4418,3419910
4419,1415700
4420,1283400
4421,1151450
4422,3594760
4423,2678830
4424,1290760
4425,434650
4426,1368030
4427,397460
4428,9200
4429,1025600
4430,4303040
4431,3992260
4432,447020
4433,495050
4434,887570
4435,3464370
4436,1040930
4437,1928690
4438,1859280
4439,1264250
4440,340170
4441,541210
4442,1521580
4443,2350280
4444,343464
4445,399810
4446,4250630
4447,1374970
4448,4118900
4449,341940
4450,3054690
4451,3624790
4452,4223300
4453,4042800
4454,2507010
4455,3023190
4456,1860510
4457,3051590
4458,2717010
4459,758330
4460,4152550
4461,1174370
4462,972370
4463,2502910
4464,1809490
4465,2111850
4466,1150080
4467,3559560
4468,1502970
4469,2492940
4470,544730
4471,3346620
4472,4055790
4473,503580
4474,13560
4475,644830
4476,2824380
4477,2854740
4478,1110910
4479,822240
4480,1280780
4481,3623250
4482,1042490
4483,3642010
4484,1146830
4485,1517970
4486,1134710
4487,4195470
4488,2399220
4489,3067930
4490,3111930
4491,2678080
4492,1154760
4493,2707070
4494,1147690
4495,1281630
4496,442120
4497,2556990
4498,41070
4499,3887700
4500,237310
4501,1257030
4502,2464230
4503,3312130
4504,3214760
4505,3962020
4506,2752180
4507,1134010
4508,2131640
4509,2763670
4510,887120
4511,554620
4512,3146420
4513,1116540
4514,3220060
4515,751630
4516,1970030
4517,3831120
4518,5128420
4519,802890
4520,4611990
4521,569860
4522,1266470
4523,3144860
4524,3599690
4525,39120
4526,4241920
4527,2910160
4528,1668510
4529,1981820
4530,1658280
4531,2943690
4532,2870350
4533,2712460
4534,2453360
4535,2619650
4536,3311670
4537,1599330
4538,2400160
4539,1718870
4540,2019620
4541,1180380
4542,2210
4543,1033420
4544,2450010
4545,1034860
4546,1440440
4547,1238880
4548,2593910
4549,1102190
4550,3030350
4551,13530
4552,2447000
4553,1492680
4554,4030150
4555,3087280
4556,203750
4557,2286780
4558,4269090
4559,860950
4560,3376360
4561,3596190
4562,423230
4563,3446920
4564,2657060
4565,206500
4566,5112520
4567,804530
4568,1901910
4569,4634560
4570,3086580
4571,234330
4572,1426450
4573,3530820
4574,45770
4575,3072450
4576,1685750
4577,3773070
4578,1730680
4579,3741860
4580,3454110
4581,2138090
4582,1933650
4583,857980
4584,32460
4585,1088090
4586,1686940
4587,1605250
4588,3732960
4589,304650
4590,5028390
4591,2157680
4592,9480
4593,405900
4594,4450800
4595,2475690
4596,1018830
4597,1574270
4598,848480
4599,4912200
4600,3491280
4601,3684610
4602,718850
4603,13600
4604,2819470
4605,1559600
4606,3985030
4607,4813190
4608,4523180
4609,1232460
4610,3413170
4611,3087290
4612,1520470
4613,2510710
4614,1926590
4615,383180
4616,1173900
4617,2816950
4618,3532180
4619,976590
4620,4321500
4621,4773970
4622,1613283
4623,1206610
4624,3710980
4625,4172530
4626,804700
4627,3606610
4628,2659380
4629,2626940
4630,2672470
4631,47898
4632,1644940
4633,4804480
4634,1461910
4635,3087300
4636,3562580
4637,3087330
4638,5070310
4639,239160
4640,3087310
4641,2530250
4642,1933660
4643,1493250
4644,1265820
4645,604540
4646,3087350
4647,2986450
4648,3087320
4649,1612420
4650,3595530
4651,645400
4652,2736310
4653,3767740
4654,512033
4655,1731170
4656,427190
4657,5011460
4658,1161590
4659,702670
4660,3107410
4661,2937310
4662,1926210
4663,552700
4664,3653040
4665,4126740
4666,543900
4667,13500
4668,509350
4669,200710
4670,758370
4671,1330460
4672,868422
4673,321300
4674,1535220
4675,33320
4676,223597
4677,5009570
4678,1235761
4679,2251220
4680,432710
4681,1769531
4682,3164870
4683,1769530
4684,512034
4685,1769532
4686,5206350
4687,1769533
4688,1378290
4689,3454650
4690,3894850
4691,646270
4692,512032
4693,1699230
4694,2280430
4695,1999520
4696,4234570
4697,2999030
4698,2486740
4699,3942480
4700,3047140
4701,2756770
4702,2678990
4703,3572160
4704,4044670
4705,3125250
4706,2352340
4707,2443630
4708,3050220
4709,1492730
4710,2783360
4711,2162820
4712,3809900
4713,1416920
4714,275180
4715,3655390
4716,3856460
4717,2867570
4718,1709880
4719,4713340
4720,919390
4721,311290
4722,952040
4723,1146930
4724,2860590
4725,2647830
4726,2510770
4727,1057640
4728,4368560
4729,3399960
4730,1593360
4731,2701090
4732,3176060
4733,1244040
4734,267530
4735,4260840
4736,280160
4737,589780
4738,47930
4739,1750770
4740,3244800
4741,4163960
4742,3696610
4743,331160
4744,1386900
4745,1626170
4746,3380950
4747,833360
4748,859570
4749,294860
4750,312560
4751,2159210
4752,909150
4753,4423580
4754,1769420
4755,4349830
4756,4391380
4757,47894
4758,1206340
4759,5043520
4760,4740880
4761,909080
4762,2419041
4763,2837730
4764,1658720
4765,4416880
4766,3308870
4767,1286990
4768,1817361
4769,2676380
4770,2099110
4771,1078350
4772,2147380
4773,2453660
4774,2421890
4775,4542640
4776,2843190
4777,975400
4778,3936520
4779,3768390
4780,4508890
4781,2720950
4782,944080
4783,2419800
4784,3470550
4785,2009100
4786,4710010
4787,3596180
4788,1784890
4789,234670
4790,589590
4791,1235744
4792,2630020
4793,3580580
4794,1045620
4795,1796220
4796,536220
4797,2908500
4798,753420
4799,4196080
4800,1329500
4801,251730
4802,1619300
4803,3183760
4804,343462
4805,1401730
4806,2978630
4807,1566390
4808,2902170
4809,2893820
4810,5005590
4811,3219180
4812,802880
4813,4179020
4814,2368930
4815,3711050
4816,1927720
4817,3269270
4818,288160
4819,3269260
4820,3596900
4821,1504500
4822,4623170
4823,3289910
4824,1621070
4825,249650
4826,2140650
4827,4640190
4828,322130
4829,4600500
4830,4294860
4831,2464650
4832,435400
4833,684450
4834,221260
4835,3559250
4836,2939790
4837,3228520
4838,3871340
4839,3300800
4840,948740
4841,2454960
4842,223100
4843,5015110
4844,1159290
4845,3919360
4846,1174860
4847,2289650
4848,3017330
4849,2342310
4850,858820
4851,5256550
4852,555220
4853,4078560
4854,2059530
4855,5142810
4856,4998990
4857,1967260
4858,4014040
4859,2719160
4860,367450
4861,3149980
4862,2657050
4863,595500
4864,1097350
4865,1203630
4866,1175380
4867,4947170
4868,976390
4869,1272160
4870,1848440
4871,2982320
4872,2421410
4873,1356670
4874,3874280
4875,1484720
4876,1288310
4877,1607200
4878,2667120
4879,1404850
4880,1556200
4881,1054510
4882,1184050
4883,2348930
4884,1811990
4885,4249300
4886,3708030
4887,3557530
4888,3087260
4889,1796580
4890,2126190
4891,716490
4892,227600
4893,510500
4894,363970
4895,332570
4896,3796960
4897,3330
4898,3087270
4899,2702260
4900,1216710
4901,2943180
4902,2216770
4903,1476200
4904,3150480
4905,2280350
4906,813630
4907,830450
4908,2976870
4909,538020
4910,2941710
4911,330390
4912,3504560
4913,1599560
4914,1563180
4915,1333200
4916,1983900
4917,3954000
4918,4261930
4919,4210150
4920,2232880
4921,311260
4922,2776270
4923,951650
4924,523660
4925,2707490
4926,2806120
4927,4439260
4928,4486870
4929,360960
4930,3966890
4931,1661620
4932,493900
4933,1983620
4934,3061390
4935,436230
4936,4224240
4937,1233340
4938,1436990
4939,2710040
4940,1179680
4941,3838370
4942,3496000
4943,3737680
4944,2607060
4945,3030340
4946,1492070
4947,1934140
4948,262410
4949,1789490
4950,1227690
4951,744900
4952,2367860
4953,1294760
4954,3333670
4955,897330
4956,307110
4957,21000
4958,2750080
4959,2942780
4960,1946560
4961,343780
4962,1004770
4963,2088782
4964,2275490
4965,3772960
4966,239200
4967,5175820
4968,2637940
4969,2055050
4970,3616550
4971,1586100
4972,1999360
4973,858810
4974,352720
4975,3003460
4976,4256590
4977,4508570
4978,1466390
4979,2112231
4980,3144340
4981,3366780
4982,438490
4983,1094520
4984,1501310
4985,3112270
4986,4031360
4987,2431080
4988,4185010
4989,4018950
4990,420610
4991,1233260
4992,2240790
4993,1140620
4994,896520
4995,251110
4996,3872930
4997,248610
4998,4818760
4999,2111170
5000,3804930
5001,900040
5002,3906660
5003,4078570
5004,543870
5005,274500
5006,3796270
5007,1442520
5008,1708010
5009,4436470
5010,3151760
5011,6800
5012,3586660
5013,3833760
5014,1229320
5015,4181970
5016,1047440
5017,3503710
5018,958520
5019,2240110
5020,4556010
5021,1864950
5022,2497900
5023,274940
5024,3230400
5025,1033890
5026,2458560
5027,3951650
5028,1291340
5029,1202900
5030,2850190
5031,1724941
5032,5061170
5033,1295270
5034,2126610
5035,766870
5036,3047750
5037,3183970
5038,233610
5039,2438680
5040,251150
5041,1689190
5042,2304400
5043,1313290
5044,3551190
5045,4563290
5046,1049890
5047,1126050
5048,761830
5049,2206270
5050,1463090
5051,518910
5052,3045200
5053,2401850
5054,3777650
5055,1392820
5056,2697490
5057,2377000
5058,940220
5059,1665190
5060,322520
5061,1759380
5062,3622820
5063,2522910
5064,2780000
5065,2697940
5066,464350
5067,1029210
5068,4893450
5069,2637990
5070,3165650
5071,1240630
5072,858210
5073,1368571
5074,3777620
5075,250320
5076,2019300
5077,1233280
5078,2679990
5079,3972320
5080,2426120
5081,2467810
5082,1080020
5083,359600
5084,3902520
5085,2195410
5086,212301
5087,2288070
5088,3099000
5089,5097020
5090,1922010
5091,3480990
5092,1776970
5093,4156580
5094,1658040
5095,2994010
5096,2507620
5097,1462570
5098,2294660
5099,4415740
5100,4503630
5101,3968160
5102,4774170
5103,1963370
5104,743450
5105,3319120
5106,1702390
5107,1264280
5108,3936730
5109,2358430
5110,828790
5111,1437400
5112,648580
5113,2896630
5114,4647130
5115,230190
5116,4322990
5117,5006300
5118,2741260
5119,2646720
5120,1004750
5121,2839280
5122,3110450
5123,1348140
5124,1674010
5125,2393240
5126,282440
5127,3341510
5128,4570
5129,466130
5130,3367430
5131,3756940
5132,3030720
5133,3393070
5134,686200
5135,486860
5136,601840
5137,2587430
5138,3635260
5139,1632490
5140,1798020
5141,348470
5142,2745870
5143,1231990
5144,329440
5145,4010900
5146,2749770
5147,2615670
5148,5138000
5149,3571730
5150,2581740
5151,2686540
5152,970560
5153,3274410
5154,2506610
5155,1115690
5156,1307550
5157,3089910
5158,1880330
5159,4629900
5160,2021960
5161,719890
5162,2873460
5163,885810
5164,204880
5165,204030
5166,2676320
5167,937170
5168,3087240
5169,3858380
5170,42670
5171,1584940
5172,583470
5173,2714620
5174,3507880
5175,2354000
5176,2782920
5177,2359120
5178,2074431
5179,654880
5180,3065030
5181,4423110
5182,3087220
5183,3550890
5184,481090
5185,247430
5186,898920
5187,2084970
5188,495280
5189,1684930
5190,552620
5191,3700980
5192,2999500
5193,1659600
5194,2990
5195,1109570
5196,875210
5197,1544360
5198,2067850
5199,1581451
5200,1276760
5201,1151170
5202,2481020
5203,3618520
5204,3034950
5205,2582650
5206,2280060
5207,57900
5208,224480
5209,47892
5210,2947280
5211,1367590
5212,418650
5213,337410
5214,4042160
5215,1772830
5216,3579830
5217,383120
5218,2502780
5219,1086481
5220,3954020
5221,921590
5222,2786680
5223,3499380
5224,4053820
5225,2432110
5226,2108630
5227,3570370
5228,1955230
5229,1407180
5230,1880610
5231,294650
5232,3376690
5233,3596770
5234,2727400
5235,19980
5236,1177050
5237,475550
5238,1996770
5239,212160
5240,3588040
5241,2809180
5242,301910
5243,3181650
5244,2076140
5245,3034520
5246,3316940
5247,235580
5248,1058020
5249,1668520
5250,2322560
5251,4157430
5252,2644610
5253,97130
5254,1133760
5255,515180
5256,2187920
5257,2712950
5258,774201
5259,3694480
5260,240760
5261,4668220
5262,4908380
5263,1165870
5264,1307440
5265,375910
5266,469610
5267,1213300
5268,3579810
5269,1281880
5270,2008980
5271,304930
5272,3126150
5273,2328540
5274,1102310
5275,3992110
5276,2019810
5277,1541370
5278,3396290
5279,1793030
5280,2078450
5281,1392960
5282,2004080
5283,393520
5284,2282790
5285,2399331
5286,2078350
5287,1097130
5288,2789460
5289,1590230
5290,1386780
5291,3798230
5292,2058730
5293,1269640
5294,3973840
5295,418460
5296,2399330
5297,3716600
5298,1314000
5299,315960
5300,1041840
5301,1041840
5302,3579820
5303,963930
5304,3699010
5305,4126220
5306,3562810
5307,4163030
5308,2377001
5309,606800
5310,293780
5311,4341060
5312,228360
5313,2197328
5314,3204120
5315,3805420
5316,1762570
5317,1975580
5318,3579800
5319,721090
5320,3815280
5321,792520
5322,2114760
5323,4164900
5324,2387040
5325,1471650
5326,2167703
5327,313160
5328,3576870
5329,235900
5330,1317230
5331,1266540
5332,223598
5333,658850
5334,3818000
5335,1400660
5336,522470
5337,3195300
5338,311730
5339,2290000
5340,4312380
5341,1536090
5342,3180150
5343,2291670
5344,1794780
5345,1425350
5346,213330
5347,2585630
5348,718560
5349,2194520
5350,2253060
5351,1104280
5352,564790
5353,3292260
5354,4810130
5355,1203710
5356,2712380
5357,1321450
5358,2475260
5359,3650450
5360,1948800
5361,4292950
5362,495140
5363,728530
5364,251290
5365,1755580
5366,2419240
5367,258520
5368,2262020
5369,2148901
5370,2205850
5371,2514960
5372,3350200
5373,3596170
5374,342560
5375,1341160
5376,1944340
5377,2911770
5378,2173460
5379,562860
5380,1722860
5381,306760
5382,2240080
5383,1933740
5384,3289720
5385,13580
5386,1135910
5387,4094670
5388,256320
5389,571260
5390,1310990
5391,1491670
5392,2629230
5393,611500
5394,3450550
5395,4396100
5396,1857080
5397,1611940
5398,276810
5399,1898500
5400,2737300
5401,461244
5402,1444080
5403,1191540
5404,1444650
5405,2479090
5406,2953480
5407,2780800
5408,3843520
5409,1663040
5410,3371120
5411,1235759
5412,1979530
5413,4200440
5414,587260
5415,2012010
5416,1330430
5417,3836120
5418,667720
5419,2659410
5420,1062810
5421,3004100
5422,2159270
5423,1983260
5424,2350270
5425,1945600
5426,965190
5427,4103450
5428,1213700
5429,2215260
5430,788100
5431,411960
5432,2069040
5433,4499370
5434,365450
5435,2696090
5436,6850
5437,4328570
5438,850320
5439,67370
5440,3920280
5441,1094390
5442,543260
5443,1620340
5444,3951490
5445,2210140
5446,2902740
5447,315810
5448,429530
5449,1647620
5450,2312280
5451,1888350
5452,1076850
5453,241260
5454,1838750
5455,3140180
5456,1425000
5457,1254130
5458,1205600
5459,430210
5460,598810
5461,1498130
5462,434460
5463,4187140
5464,3946110
5465,4530230
5466,435881
5467,2395770
5468,1451480
5469,2833100
5470,960420
5471,272510
5472,4635190
5473,665300
5474,2545360
5475,1047180
5476,2865440
5477,1446900
5478,1175830
5479,677120
5480,1170950
5481,1229020
5482,4283360
5483,4695140
5484,3947460
5485,3977280
5486,5201400
5487,721340
5488,2888120
5489,4268470
5490,3124590
5491,3143300
5492,1585820
5493,1907450
5494,573160
5495,2366970
5496,4580600
5497,3642000
5498,4585190
5499,1822450
5500,2213190
5501,3601770
5502,604500
5503,3120460
5504,345820
5505,3569970
5506,931280
5507,3104970
5508,1564600
5509,49540
5510,3639470
5511,1244630
5512,1058450
5513,3424600
5514,9010
5515,1724940
5516,2353720
5517,298630
5518,4164310
5519,1450080
5520,3818020
5521,1086480
5522,2518240
5523,312670
5524,3800850
5525,911930
5526,3863760
5527,1292630
5528,398170
5529,2172260
5530,1450830
5531,1232580
5532,2750780
5533,3443620
5534,1183470
5535,1979440
5536,2836990
5537,3764970
5538,814540
5539,1283970
5540,4796640
5541,1472560
5542,425580
5543,1357860
5544,700600
5545,1069650
5546,3187010
5547,350690
5548,2897590
5549,2610650
5550,620620
5551,4603110
5552,1238871
5553,1239020
5554,4689420
5555,1970200
5556,827240
5557,1424660
5558,1140270
5559,5135340
5560,3054820
5561,4986890
5562,1970580
5563,2470300
5564,5080530
5565,3769130
5566,2413190
5567,1882500
5568,1637330
5569,4539740
5570,3274430
5571,598550
5572,3657210
5573,3504700
5574,3612850
5575,2367820
5576,3828610
5577,3850870
5578,970830
5579,4287460
5580,741350
5581,3484100
5582,3070520
5583,1747960
5584,245620
5585,507490
5586,861590
5587,2150050
5588,1390350
5589,4614370
5590,1915380
5591,2112740
5592,480650
5593,2966320
5594,2419810
5595,4875150
5596,3389200
5597,4026970
5598,422970
5599,2104870
5600,3467710
5601,2666510
5602,1690710
5603,1657740
5604,798390
5605,1850660
5606,2447980
5607,1921490
5608,1283090
5609,1215390
5610,1049320
5611,1859470
5612,1822550
5613,1052690
5614,16870
5615,253750
5616,2488590
5617,3763700
5618,1864000
5619,3698790
5620,3570060
5621,1117090
5622,3972570
5623,4553760
5624,1221250
5625,2741560
5626,1220140
5627,2285970
5628,2934390
5629,2282100
5630,2430390
5631,3330250
5632,1579991
5633,3614460
5634,2631250
5635,3211850
5636,3298940
5637,814370
5638,564791
5639,4018740
5640,2313720
5641,434050
5642,1444350
5643,3415230
5644,462990
5645,1158940
5646,3630990
5647,2997790
5648,4182480
5649,1578390
5650,1282550
5651,1766740
5652,355890
5653,4340600
5654,1645630
5655,855860
5656,2446110
5657,699170
5658,233740
5659,2287520
5660,1849790
5661,1275890
5662,2509200
5663,2140440
5664,1058830
5665,4009000
5666,290100
5667,2295940
5668,226860
5669,1148650
5670,3193720
5671,1129190
5672,2383130
5673,782250
5674,1748411
5675,3115240
5676,1967630
5677,4745140
5678,1928420
5679,3622640
5680,4484970
5681,24240
5682,711980
5683,2980260
5684,233290
5685,312750
5686,4036790
5687,625980
5688,3052730
5689,3053950
5690,2502240
5691,1283091
5692,1172450
5693,3137350
5694,3392510
5695,4427390
5696,1178790
5697,609320
5698,4056800
5699,5052490
5700,3749320
5701,3844750
5702,1564790
5703,1782450
5704,2370170
5705,4529160
5706,388060
5707,1614550
5708,2725560
5709,297831
5710,1079260
5711,1530640
5712,2512790
5713,1030210
5714,1316910
5715,4834070
5716,1299530
5717,1776550
5718,47410
5719,4246640
5720,331670
5721,30
5722,304310
5723,4158870
5724,3310530
5725,4158070
5726,3167550
5727,2054413
5728,2151290
5729,3479420
5730,2782610
5731,3660210
5732,1822060
5733,2647760
5734,4274260
5735,2248620
5736,374190
5737,4328240
5738,2067350
5739,1279510
5740,358470
5741,3675400
5742,2800240
5743,4944070
5744,3110010
5745,2510960
5746,3165690
5747,1776430
5748,1152300
5749,2378088
5750,3171570
5751,2139991
5752,1186640
5753,2922520
5754,70400
5755,4022090
5756,1211600
5757,2383990
5758,4513880
5759,5243580
5760,2597810
5761,1153640
5762,4240150
5763,3989960
5764,983970
5765,590610
5766,2191950
5767,2534810
5768,42910
5769,362490
5770,1679210
5771,250620
5772,2013290
5773,2617770
5774,15170
5775,503940
5776,2261430
5777,346940
5778,564310
5779,2531290
5780,2593340
5781,931500
5782,203350
5783,3006280
5784,350640
5785,741140
5786,755500
5787,3829340
5788,3524750
5789,2133640
5790,888790
5791,2644890
5792,1869500
5793,2314160
5794,356570
5795,1028270
5796,368370
5797,1110100
5798,1934300
5799,4279120
5800,2418000
5801,909720
5802,1337010
5803,2602020
5804,273381
5805,21100
5806,600750
5807,3667390
5808,1714510
5809,1142830
5810,3330210
5811,3476730
5812,528230
5813,4340980
5814,3597580
5815,5066120
5816,4518280
5817,2386530
5818,236090
5819,4129100
5820,1631470
5821,227260
5822,1540570
5823,1094600
5824,1088290
5825,2008610
5826,3929200
5827,1265800
5828,1372150
5829,865680
5830,1571100
5831,2378087
5832,2789810
5833,3116890
5834,3122460
5835,2529520
5836,654890
5837,2443770
5838,1788100
5839,9880
5840,3210380
5841,3237920
5842,3362880
5843,4049910
5844,2451100
5845,4380650
5846,4264230
5847,2601200
5848,537110
5849,4286040
5850,3596930
5851,4094120
5852,377530
5853,289130
5854,312450
5855,40100
5856,2060590
5857,4924490
5858,1123050
5859,2067920
5860,225340
5861,1166290
5862,3932790
5863,461242
5864,2658470
5865,1696810
5866,3543750
5867,2590060
5868,270150
5869,2064650
5870,4622260
5871,1599020
5872,2643040
5873,2423760
5874,356400
5875,3465690
5876,2816870
5877,2926560
5878,4026480
5879,3265250
5880,323850
5881,793460
5882,1962430
5883,2206340
5884,897450
5885,432350
5886,1343500
5887,2895680
5888,4947900
5889,1350200
5890,2456350
5891,2073910
5892,1534980
5893,321360
5894,5127010
5895,5052500
5896,4645360
5897,1151440
5898,1130380
5899,3390880
5900,730830
5901,1450120
5902,3471800
5903,2279440
5904,3088070
5905,5131880
5906,1429500
5907,1446890
5908,1254120
5909,2487150
5910,224180
5911,4511560
5912,2318480
5913,992300
5914,1149550
5915,4680530
5916,1891700
5917,1076150
5918,637670
5919,2400640
5920,5000050
5921,2928520
5922,794800
5923,4174310
5924,1173220
5925,384110
5926,3124580
5927,2124380
5928,1764390
5929,3352240
5930,571710
5931,2702170
5932,2708450
5933,1637730
5934,4916490
5935,2695430
5936,1803140
5937,1138660
5938,3829310
5939,917950
5940,4330340
5941,3905410
5942,1164110
5943,1904790
5944,2100
5945,4529120
5946,2075070
5947,406350
5948,1374840
5949,601670
5950,1760030
5951,48705
5952,4892010
5953,4380410
5954,1486630
5955,868160
5956,4945790
5957,1694420
5958,2108180
5959,4345470
5960,517710
5961,1674830
5962,3540
5963,2064610
5964,3629780
5965,3084280
5966,512790
5967,6020
5968,244160
5969,3697020
5970,1730590
5971,415600
5972,4007740
5973,1315180
5974,4348790
5975,3926930
5976,4511370
5977,534550
5978,4369750
5979,1262460
5980,3255500
5981,5052510
5982,2317930
5983,1238680
5984,247000
5985,4867080
5986,1493470
5987,5032750
5988,3170420
5989,776950
5990,896010
5991,4216280
5992,307950
5993,312530
5994,977420
5995,883150
5996,39150
5997,1443780
5998,4311440
5999,3874230
6000,1199030
6001,572700
6002,1629000
6003,1924360
6004,4911310
6005,1294810
6006,2936310
6007,2317640
6008,1939890
6009,1301021
6010,1880620
6011,4157990
6012,1238440
6013,417880
6014,512180
6015,1356240
6016,1229380
6017,6900
6018,2675740
6019,39690
6020,1927110
6021,4805300
6022,2903560
6023,1702920
6024,3754990
6025,35700
6026,219780
6027,3987810
6028,1944341
6029,1559390
6030,3281130
6031,3675940
6032,636450
6033,282514
6034,436120
6035,1950570
6036,650510
6037,4611360
6038,3816000
6039,266840
6040,1789030
6041,3087930
6042,4339280
6043,2799930
6044,541300
6045,4557490
6046,16867
6047,282515
6048,282513
6049,4911300
6050,1869290
6051,518150
6052,4991090
6053,40
6054,1549500
6055,1468260
6056,914710
6057,1052990
6058,1380910
6059,218230
6060,1315320
6061,332350
6062,3498270
6063,3153040
6064,1726150
6065,2307471
6066,1668540
6067,1592630
6068,3038800
6069,830461
6070,1731070
6071,3299590
6072,282512
6073,1079180
6074,282516
6075,1678420
6076,1244781
6077,3566870
6078,3920
6079,3775990
6080,949290
6081,259800
6082,477870
6083,429790
6084,3385960
6085,1055430
6086,295790
6087,3799100
6088,1649010
6089,3066290
6090,1440670
6091,3931060
6092,1056570
6093,936180
6094,1282410
6095,254320
6096,921950
6097,242640
6098,3034940
6099,874310
6100,91700
6101,4528730
6102,1951230
6103,578620
6104,60
6105,1811550
6106,4190710
6107,2379390
6108,2195611
6109,4611370
6110,290340
6111,5259980
6112,885150
6113,1259840
6114,249180
6115,1590760
6116,2932150
6117,428550
6118,581450
6119,3590560
6120,3316350
6121,3915680
6122,2477710
6123,3468400
6124,515191
6125,1457510
6126,420100
6127,301760
6128,71340
6129,3484750
6130,3268800
6131,747610
6132,561620
6133,1195290
6134,2533960
6135,1956800
6136,2019760
6137,1062110
6138,3204290
6139,2336980
6140,3928720
6141,3385670
6142,356650
6143,1296400
6144,2914120
6145,446800
6146,28000
6147,35450
6148,2631140
6149,2836100
6150,3762550
6151,1093910
6152,4511480
6153,3959530
6154,596970
6155,4680080
6156,1856600
6157,2281410
6158,2314720
6159,3583200
6160,2740170
6161,3057670
6162,752900
6163,926140
6164,396900
6165,4074010
6166,452440
6167,537800
6168,2824660
6169,1068820
6170,4110950
6171,1286320
6172,552440
6173,1096930
6174,4364910
6175,3300460
6176,1510030
6177,2957720
6178,318521
6179,4134650
6180,1430680
6181,1747050
6182,3879880
6183,566890
6184,2491040
6185,4465230
6186,2432430
6187,4290680
6188,425220
6189,2581950
6190,2591240
6191,4078110
6192,3151270
6193,4537100
6194,1131620
6195,546260
6196,1480560
6197,588600
6198,1570510
6199,851890
6200,4024620
6201,3887090
6202,650760
6203,1592520
6204,2022180
6205,936160
6206,4704830
6207,1704460
6208,2790660
6209,2564520
6210,226820
6211,3218530
6212,2795540
6213,319910
6214,3232380
6215,334230
6216,4280930
6217,2897610
6218,1618230
6219,3205060
6220,2836460
6221,2199210
6222,1681170
6223,4098660
6224,1238020
6225,679900
6226,15120
6227,2275440
6228,1214470
6229,2608350
6230,4279630
6231,428660
6232,4337440
6233,575720
6234,1198460
6235,2835530
6236,2967320
6237,1244800
6238,4637870
6239,3238670
6240,1235753
6241,3815550
6242,2134770
6243,2707940
6244,285310
6245,558240
6246,3418160
6247,3216340
6248,1253220
6249,1189630
6250,4033080
6251,204371
6252,671970
6253,411370
6254,769560
6255,204340
6256,1574900
6257,936190
6258,3967130
6259,2258770
6260,4335460
6261,3470610
6262,2796180
6263,1477830
6264,2949320
6265,2997980
6266,995860
6267,6010
6268,1434480
6269,12810
6270,2086680
6271,2926440
6272,858260
6273,5052470
6274,1189100
6275,2396240
6276,2743850
6277,3407830
6278,304380
6279,346900
6280,233720
6281,2081400
6282,1346010
6283,429570
6284,220700
6285,6920
6286,2497920
6287,1895860
6288,1071200
6289,3483880
6290,994730
6291,3994610
6292,251670
6293,1324530
6294,1889740
6295,3651190
6296,609150
6297,3315070
6298,258460
6299,2369472
6300,1249040
6301,3116710
6302,774241
6303,792100
6304,3400000
6305,1155330
6306,207490
6307,1349400
6308,2867470
6309,2355150
6310,603850
6311,4621250
6312,2131650
6313,369990
6314,726830
6315,4045820
6316,266931
6317,242110
6318,4861570
6319,461248
6320,1102130
6321,42719
6322,258270
6323,4156370
6324,1518430
6325,2959610
6326,318520
6327,1070500
6328,3444650
6329,2773280
6330,2123640
6331,3350300
6332,2144640
6333,2372330
6334,2564960
6335,715310
6336,2187930
6337,9350
6338,3570070
6339,5020040
6340,1257360
6341,1984020
6342,1116310
6343,4680500
6344,204372
6345,1011670
6346,2085000
6347,2555950
6348,1018020
6349,2898270
6350,1701720
6351,4280940
6352,925650
6353,4082620
6354,809880
6355,347212
6356,2445280
6357,3590360
6358,3991720
6359,774861
6360,4656580
6361,2346830
6362,3450870
6363,354160
6364,865820
6365,297790
6366,937892
6367,980830
6368,2175260
6369,2484130
6370,3153370
6371,47932
6372,4067130
6373,2926900
6374,2726490
6375,1317250
6376,269770
6377,526950
6378,3929970
6379,283160
6380,3597510
6381,466630
6382,4256830
6383,3463180
6384,1570010
6385,3385440
6386,965680
6387,3320
6388,1021790
6389,659540
6390,2461440
6391,1031120
6392,1042220
6393,2193220
6394,572410
6395,2665250
6396,1962870
6397,3116700
6398,1953230
6399,396750
6400,1254570
6401,2011780
6402,858710
6403,311240
6404,301180
6405,597760
6406,4910590
6407,15300
6408,400910
6409,304210
6410,613880
6411,933610
6412,2399160
6413,1551530
6414,1373510
6415,3453600
6416,3940340
6417,2581700
6418,2537200
6419,4991110
6420,3227830
6421,525510
6422,4439290
6423,1155970
6424,226840
6425,405640
6426,558243
6427,1889620
6428,1033530
6429,2334730
6430,1942100
6431,3552310
6432,1812860
6433,1116580
6434,375820
6435,749960
6436,1597480
6437,1289720
6438,1278540
6439,334940
6440,292320
6441,1579992
6442,2981090
6443,2697780
6444,2800250
6445,2925190
6446,2943280
6447,2187290
6448,3711140
6449,1906020
6450,3766810
6451,3817240
6452,2709480
6453,4312370
6454,2604510
6455,4660150
6456,384630
6457,1038300
6458,1285670
6459,890550
6460,2459970
6461,228300
6462,3160640
6463,3561170
6464,2828470
6465,2221980
6466,528740
6467,1562420
6468,2408920
6469,3777060
6470,1635450
6471,2928410
6472,2541530
6473,3794610
6474,3110360
6475,2878980
6476,266930
6477,861540
6478,3335470
6479,3469850
6480,1066850
6481,4144820
6482,4234590
6483,3148060
6484,221380
6485,418340
6486,239120
6487,1769170
6488,2206120
6489,388471
6490,2092840
6491,4614380
6492,2957700
6493,2115390
6494,4680170
6495,1304690
6496,2632240
6497,997380
6498,1331510
6499,3447720
6500,4622330
6501,1910860
6502,4739930
6503,572730
6504,5063140
6505,4348800
6506,395180
6507,830451
6508,1489970
6509,2313330
6510,2494780
6511,3310650
6512,2681820
6513,2466900
6514,2747550
6515,3405480
6516,2130460
6517,1566690
6518,3497800
6519,3652820
6520,9420
6521,405820
6522,3874260
6523,1363740
6524,5026020
6525,2348100
6526,2167630
6527,2206210
6528,336140
6529,4051310
6530,1601970
6531,3254350
6532,1125510
6533,1157740
6534,3700
6535,757210
6536,1926520
6537,1064460
6538,761600
6539,4035270
6540,292820
6541,473690
6542,2342040
6543,3209480
6544,1839940
6545,4543600
6546,1397390
6547,2738880
6548,1220010
6549,4103460
6550,870200
6551,57690
6552,2346840
6553,4444200
6554,1235766
6555,1218210
6556,2617700
6557,3865740
6558,4249850
6559,2692430
6560,1830970
6561,2790330
6562,2199420
6563,951440
6564,329970
6565,1654660
6566,3501540
6567,411970
6568,2768380
6569,3713650
6570,345610
6571,502820
6572,2060790
6573,2504720
6574,3652650
6575,4244640
6576,3380520
6577,4235230
6578,1788250
6579,4090330
6580,2469350
6581,994280
6582,3515530
6583,48720
6584,4395950
6585,3166810
6586,3308200
6587,4947160
6588,707010
6589,2299780
6590,2652000
6591,256321
6592,1731270
6593,3947040
6594,4883580
6595,35720
6596,1783780
6597,1161830
6598,3990960
6599,232430
6600,291860
6601,2889700
6602,2986260
6603,956030
6604,1827180
6605,3428570
6606,598190
6607,503560
6608,2241380
6609,864060
6610,7800
6611,1473260
6612,5255370
6613,4601310
6614,3265060
6615,3544250
6616,4596010
6617,3371770
6618,3885660
6619,42220
6620,3106610
6621,3874110
6622,2433470
6623,3568460
6624,2022290
6625,4384850
6626,3739670
6627,2760580
6628,377870
6629,4758460
6630,1129310
6631,777150
6632,4210300
6633,3774440
6634,1032370
6635,22600
6636,2186250
6637,2830500
6638,2109370
6639,1662380
6640,2610
6641,1958640
6642,4784420
6643,830460
6644,603960
6645,2948140
6646,4953610
6647,1927740
6648,1610470
6649,1281881
6650,1234430
6651,3194200
6652,2100280
6653,2393920
6654,2349140
6655,5026030
6656,1152310
6657,3126340
6658,2276930
6659,4343910
6660,1660840
6661,2797960
6662,2536720
6663,3351850
6664,1402110
6665,4487840
6666,256290
6667,4078910
6668,2328650
6669,1423900
6670,3111080
6671,3239270
6672,3326890
6673,994910
6674,4368350
6675,3249650
6676,2544760
6677,551170
6678,281610
6679,3582120
6680,4609770
6681,3332600
6682,3531160
6683,3585800
6684,312980
6685,1935900
6686,3167180
6687,577480
6688,1699710
6689,1276800
6690,1341490
6691,5061980
6692,308600
6693,882100
6694,3492610
6695,3813350
6696,1622770
6697,3170540
6698,3422270
6699,1228810
6700,416421
6701,582550
6702,2648900
6703,843200
6704,410890
6705,3468660
6706,2414550
6707,274980
6708,6030
6709,758690
6710,1335560
6711,1146970
6712,405290
6713,1368210
6714,3170370
6715,22000
6716,3027600
6717,2165710
6718,1520
6719,3951680
6720,1865960
6721,4404610
6722,2213120
6723,1372530
6724,1085510
6725,3955660
6726,3745310
6727,39510
6728,1074080
6729,4680300
6730,2707870
6731,2391960
6732,22100
6733,3845830
6734,4009020
6735,963060
6736,356831
6737,4429950
6738,565610
6739,3244820
6740,1410710
6741,370360
6742,5270380
6743,1868360
6744,282900
6745,1712100
6746,790060
6747,4428640
6748,331750
6749,428730
6750,1209370
6751,2405060
6752,3114010
6753,2270
6754,1235751
6755,4439280
6756,4860970
6757,214870
6758,2569750
6759,787340
6760,2401890
6761,3861870
6762,981430
6763,3868310
6764,1967640
6765,3398380
6766,1151380
6767,4031150
6768,34870
6769,1716120
6770,416420
6771,3809110
6772,2366530
6773,268650
6774,2368300
6775,2851150
6776,2826800
6777,3418990
6778,2597970
6779,4370220
6780,828740
6781,2053910
6782,8140
6783,258180
6784,3044790
6785,1579380
6786,3617620
6787,3750770
6788,3645630
6789,3524160
6790,4145350
6791,1783760
6792,1511780
6793,2397250
6794,1108270
6795,3010610
6796,1623070
6797,873940
6798,3204250
6799,1898290
6800,2729150
6801,1199120
6802,1373550
6803,1813860
6804,691320
6805,836450
6806,2553040
6807,3565020
6808,3588490
6809,3394770
6810,714080
6811,1370050
6812,4301300
6813,1970980
6814,730310
6815,2436600
6816,341310
6817,829660
6818,671860
6819,591984
6820,15750
6821,960690
6822,4151830
6823,2694420
6824,4062860
6825,378540
6826,2695490
6827,3055040
6828,1846330
6829,3812660
6830,2795280
6831,1051690
6832,333980
6833,3883290
6834,1827650
6835,3110070
6836,4031100
6837,668350
6838,1239320
6839,2815240
6840,1486710
6841,3155290
6842,1696720
6843,3474010
6844,422510
6845,2455690
6846,4054110
6847,3570230
6848,1648390
6849,315151
6850,253900
6851,3834590
6852,3282390
6853,1724942
6854,2408730
6855,550340
6856,2398030
6857,2014550
6858,1571390
6859,1428420
6860,539470
6861,2938080
6862,1843090
6863,2325920
6864,1355090
6865,1946430
6866,70600
6867,3055080
6868,1795690
6869,2901520
6870,1239360
6871,4322960
6872,4717310
6873,1377080
6874,3564540
6875,219152
6876,718650
6877,1866420
6878,4536140
6879,223770
6880,1629530
6881,4614360
6882,3747200
6883,4233760
6884,954850
6885,754890
6886,4078870
6887,2197680
6888,259810
6889,510420
6890,3790650
6891,2144481
6892,678800
6893,4578230
6894,233130
6895,774791
6896,40990
6897,506500
6898,2011820
6899,2276980
6900,3561740
6901,4427420
6902,3994120
6903,576430
6904,1722870
6905,2871010
6906,754530
6907,1556100
6908,1839880
6909,801860
6910,914620
6911,685240
6912,2600880
6913,2948640
6914,1243670
6915,1613284
6916,55100
6917,4031140
6918,792120
6919,1419850
6920,1432850
6921,208670
6922,1959390
6923,300550
6924,3232610
6925,4753760
6926,877200
6927,1346360
6928,2467880
6929,2899760
6930,2128270
6931,388477
6932,3083300
6933,1755080
6934,3734290
6935,3391380
6936,4057050
6937,2518950
6938,2000120
6939,1889040
6940,2086430
6941,3054840
6942,3136330
6943,1343670
6944,694330
6945,1361000
6946,2896260
6947,236690
6948,3074850
6949,2961880
6950,1924780
6951,2130960
6952,21130
6953,3400460
6954,1993180
6955,2990640
6956,1893810
6957,1252830
6958,1963210
6959,696220
6960,4511550
6961,1648880
6962,375530
6963,677340
6964,2858370
6965,280220
6966,1502990
6967,3386550
6968,1243960
6969,1843540
6970,2017080
6971,1785250
6972,855740
6973,200900
6974,3372880
6975,3307120
6976,8650
6977,4409870
6978,1914121
6979,2377450
6980,2292650
6981,3560370
6982,852910
6983,4030870
6984,3376760
6985,3814680
6986,1368570
6987,3491230
6988,1009560
6989,2021210
6990,3170490
6991,1034940
6992,3905260
6993,1152320
6994,3523750
6995,3477300
6996,235584
6997,787790
6998,262120
6999,1770480
7000,2312070
7001,3508910
7002,3625270
7003,4243690
7004,914020
7005,2081570
7006,3062990
7007,33100
7008,2565550
7009,963710
7010,663390
7011,2259310
7012,3543920
7013,4235530
7014,301280
7015,3675160
7016,3115490
7017,397740
7018,3901610
7019,249870
7020,2088570
7021,3132870
7022,1983710
7023,2427420
7024,2676000
7025,2064870
7026,2948310
7027,4177730
7028,235585
7029,310790
7030,2343610
7031,1638330
7032,838310
7033,282560
7034,3387210
7035,3850970
7036,1159560
7037,3817710
7038,1605810
7039,3010460
7040,1286350
7041,2363800
7042,981770
7043,2591310
7044,2272900
7045,2950540
7046,2438110
7047,3071240
7048,1524910
7049,1670460
7050,2159090
7051,3296830
7052,4251370
7053,1056761
7054,4247840
7055,241600
7056,2965680
7057,2713120
7058,1691190
7059,1342690
7060,761620
7061,3951810
7062,2124780
7063,1013140
7064,1046030
7065,583090
7066,15370
7067,3729550
7068,2350410
7069,1227650
7070,200080
7071,600370
7072,835430
7073,3596920
7074,4739910
7075,4511900
7076,4071070
7077,4237080
7078,2109270
7079,1876460
7080,4191490
7081,1925650
7082,2742280
7083,5084260
7084,4635250
7085,5097630
7086,201790
7087,3858250
7088,4478640
7089,894940
7090,4847610
7091,246840
7092,1658920
7093,1664220
7094,529590
7095,4598000
7096,2626900
7097,1522650
7098,3311740
7099,3560110
7100,664830
7101,3265290
7102,1281790
7103,3056390
7104,482450
7105,3430470
7106,248310
7107,2295810
7108,1311070
7109,3405160
7110,4357590
7111,2981540
7112,4629490
7113,674930
7114,3972410
7115,1196150
7116,1364390
7117,3339420
7118,2671230
7119,3731510
7120,1819460
7121,4143120
7122,2144600
7123,938560
7124,21980
7125,4209640
7126,1152340
7127,1121580
7128,2566340
7129,4884960
7130,7000
7131,4820740
7132,3353390
7133,2794830
7134,4094190
7135,272270
7136,3696230
7137,3424610
7138,4614350
7139,237630
7140,1196770
7141,4003950
7142,1760190
7143,1283230
7144,442052
7145,4226370
7146,21010
7147,1160490
7148,3205380
7149,1670780
7150,2315430
7151,3126330
7152,232790
7153,2357000
7154,305170
7155,3077020
7156,4585210
7157,691450
7158,3604560
7159,1395030
7160,307640
7161,3017730
7162,1723780
7163,22230
7164,343463
7165,1592290
7166,804760
7167,1948120
7168,537180
7169,2673490
7170,449800
7171,3514130
7172,2697560
7173,720350
7174,3199360
7175,2021880
7176,2125090
7177,1901750
7178,1286880
7179,1985820
7180,1966010
7181,314660
7182,1701560
7183,3623240
7184,1108450
7185,2658040
7186,3412900
7187,2331280
7188,3120020
7189,2261240
7190,1656930
7191,2673460
7192,4753960
7193,1619310
7194,207350
7195,2353722
7196,3468650
7197,4710940
7198,207620
7199,8000
7200,343461
7201,587110
7202,3360540
7203,4241680
7204,919680
7205,2725480
7206,4290390
7207,760070
7208,439490
7209,4214830
7210,356500
7211,1020100
7212,595690
7213,3453950
7214,1615100
7215,461249
7216,2224690
7217,400170
7218,4635240
7219,491950
7220,3446150
7221,4218160
7222,2228280
7223,2167702
7224,4194800
7225,2427746
7226,99612
7227,1157220
7228,78000
7229,2917030
7230,3646460
7231,2580020
7232,1100410
7233,1743850
7234,3376990
7235,858940
7236,5237010
7237,3391970
7238,1816640
7239,411980
7240,1038450
7241,47897
7242,285110
7243,1583320
7244,2353512
7245,2802710
7246,2840190
7247,1179710
7248,1627350
7249,3469750
7250,523000
7251,1173510
7252,217900
7253,3002850
7254,1235755
7255,2622820
7256,3361470
7257,1814170
7258,2013850
7259,2327780
7260,355250
7261,2429930
7262,268870
7263,4453300
7264,2818260
7265,1966900
7266,47899
7267,242860
7268,1450090
7269,558420
7270,3942580
7271,1398770
7272,355170
7273,3936700
7274,3170430
7275,351710
7276,5101150
7277,2193490
7278,1156990
7279,348550
7280,1498090
7281,1003890
7282,1628610
7283,1395720
7284,451020
7285,1969810
7286,3752270
7287,2282030
7288,3376500
7289,405830
7290,2740080
7291,385800
7292,234650
7293,1346840
7294,3696220
7295,2608340
7296,3743090
7297,253110
7298,798510
7299,2939040
7300,2744010
7301,500260
7302,2427745
7303,2682380
7304,368390
7305,846110
7306,3843410
7307,3915140
7308,3761880
7309,2429050
7310,240500
7311,3774910
7312,1719040
7313,1723260
7314,221540
7315,2160360
7316,2824880
7317,395200
7318,2244030
7319,2771130
7320,408410
7321,1433560
7322,1546570
7323,16868
7324,1235763
7325,1872750
7326,1804470
7327,3402720
7328,712730
7329,2198874
7330,1812410
7331,1101360
7332,722730
7333,1227280
7334,3098050
7335,2166060
7336,2712550
7337,2820700
7338,442051
7339,4172650
7340,3230340
7341,3193680
7342,774511
7343,1049900
7344,1053680
7345,1989070
7346,1692080
7347,3864450
7348,5146200
7349,3967470
7350,4298880
7351,1864690
7352,2785200
7353,4078900
7354,2265990
7355,1233370
7356,860890
7357,4175650
7358,1049440
7359,2488540
7360,2487060
7361,1812420
7362,3521410
7363,46500
7364,25890
7365,720560
7366,2649080
7367,935490
7368,1390190
7369,2726370
7370,1393370
7371,7110
7372,2012190
7373,645730
7374,2821800
7375,2285150
7376,864700
7377,809020
7378,1571440
7379,3522360
7380,300380
7381,4535520
7382,1116050
7383,1287840
7384,472870
7385,3146020
7386,277830
7387,2667950
7388,2085370
7389,1205040
7390,1788210
7391,1548520
7392,57740
7393,2956820
7394,4590250
7395,2101350
7396,3325500
7397,420490
7398,1093290
7399,2071500
7400,1553060
7401,662351
7402,300570
7403,4891320
7404,1456361
7405,252870
7406,1714040
7407,2404370
7408,3228240
7409,252110
7410,866140
7411,1141580
7412,4651220
7413,3072120
7414,3594090
7415,1843020
7416,3335220
7417,1427340
7418,1411740
7419,1843760
7420,1536070
7421,2118420
7422,1720820
7423,2820140
7424,334540
7425,4067070
7426,2809660
7427,200170
7428,1967690
7429,1895300
7430,2581370
7431,3869850
7432,1043260
7433,2902050
7434,1601350
7435,3323490
7436,2094810
7437,1567110
7438,535520
7439,3036080
7440,1281270
7441,4274990
7442,243970
7443,3481020
7444,2603020
7445,2935580
7446,4178020
7447,4184660
7448,966690
7449,1866430
7450,1833990
7451,2791440
7452,699330
7453,3100970
7454,1268590
7455,99611
7456,1608290
7457,16866
7458,3296790
7459,2411230
7460,3572580
7461,464450
7462,1209490
7463,2206350
7464,2277090
7465,3458180
7466,3011360
7467,2334170
7468,4601350
7469,113400
7470,983380
7471,402620
7472,1315980
7473,2492120
7474,4262310
7475,1913711
7476,4466710
7477,535480
7478,2427744
7479,267490
7480,55140
7481,1634150
7482,1405500
7483,3069810
7484,2996080
7485,3499520
7486,1462520
7487,3682050
7488,2183670
7489,99610
7490,2194790
7491,324080
7492,1201230
7493,490650
7494,3091340
7495,1167140
7496,1154040
7497,1206430
7498,1988540
7499,2893870
7500,688130
7501,3116010
7502,1764530
7503,4930980
7504,2791510
7505,3690010
7506,4208140
7507,2088840
7508,3675470
7509,1439750
7510,795420
7511,3500880
7512,4305480
7513,1154810
7514,3093340
7515,893850
7516,931060
7517,4092940
7518,1460490
7519,598730
7520,2452270
7521,2160330
7522,40300
7523,4716860
7524,1882140
7525,1138190
7526,2518750
7527,1233070
7528,257370
7529,552590
7530,1696440
7531,4557340
7532,952540
7533,2881520
7534,3139440
7535,4197260
7536,2328750
7537,406290
7538,2291340
7539,4000090
7540,1247710
7541,2168530
7542,1358140
7543,1638230
7544,1849900
7545,785790
7546,4418930
7547,566050
7548,2004740
7549,1768280
7550,4011300
7551,2214600
7552,710230
7553,1691420
7554,1966880
7555,2697770
7556,1905970
7557,2849030
7558,404250
7559,1261040
7560,2160480
7561,3402630
7562,1583520
7563,1715280
7564,1741470
7565,3954010
7566,4148270
7567,2207440
7568,2472940
7569,3713760
7570,22180
7571,4012030
7572,1163600
7573,2279600
7574,3355100
7575,2952690
7576,1613285
7577,1430760
7578,3353800
7579,2554670
7580,3627790
7581,1756130
7582,1221480
7583,47931
7584,3316670
7585,1080550
7586,1294440
7587,3188550
7588,2066520
7589,757320
7590,1190400
7591,273153
7592,3464590
7593,19800
7594,1136160
7595,1641650
7596,2167701
7597,4181630
7598,1266030
7599,1502980
7600,2672820
7601,2617400
7602,3265070
7603,245490
7604,3760230
7605,1536620
7606,3041140
7607,48240
7608,1388870
7609,3179350
7610,1985960
7611,832700
7612,455910
7613,3390
7614,2308630
7615,525680
7616,3928990
7617,3817870
7618,3445340
7619,625050
7620,331600
7621,320430
7622,1612780
7623,2835110
7624,3372530
7625,2807090
7626,1956600
7627,2458830
7628,1198470
7629,2219390
7630,272600
7631,2389170
7632,215530
7633,2161720
7634,2689930
7635,1295320
7636,4601160
7637,1235762
7638,2659050
7639,240300
7640,2950530
7641,5168110
7642,3802600
7643,1307960
7644,1078760
7645,1546310
7646,1925560
7647,3929760
7648,15380
7649,4439750
7650,768530
7651,1511460
7652,381020
7653,900448
7654,4997550
7655,335020
7656,332200
7657,1456820
7658,3577690
7659,868420
7660,4679720
7661,1460220
7662,1837480
7663,2272400
7664,1914750
7665,845640
7666,900270
7667,2672800
7668,1913930
7669,1654480
7670,1450900
7671,2672810
7672,245470
7673,2511800
7674,2955880
7675,443810
7676,1013220
7677,3963030
7678,2250550
7679,900449
7680,3708690
7681,842180
7682,3009850
7683,3284290
7684,2856380
7685,807120
7686,271240
7687,1003310
7688,3312030
7689,2314820
7690,2874030
7691,1515890
7692,2474940
7693,1687000
7694,1143650
7695,3814340
7696,2348170
7697,2353723
7698,3186040
7699,4221990
7700,5142220
7701,3295810
7702,4962560
7703,4110830
7704,290470
7705,2695260
7706,587100
7707,1650590
7708,4834450
7709,384180
7710,1181840
7711,610190
7712,4397060
7713,587520
7714,1885110
7715,925950
7716,2512560
7717,785770
7718,1084820
7719,47895
7720,3399900
7721,1866180
7722,1428100
7723,715950
7724,810500
7725,1144410
7726,2877170
7727,1149940
7728,1901370
7729,4257900
7730,960920
7731,3933550
7732,2550510
7733,3160570
7734,2873780
7735,839870
7736,4474950
7737,1224290
7738,2116060
7739,3577620
7740,1469170
7741,2770160
7742,3503440
7743,1426010
7744,1191120
7745,559100
7746,3417140
7747,1939390
7748,4547970
7749,1277940
7750,1902940
7751,3226060
7752,3406150
7753,1101190
7754,4985510
7755,1336060
7756,1581040
7757,3919190
7758,4117730
7759,4823130
7760,2567190
7761,2976720
7762,2024410
7763,4679360
7764,1299690
7765,2803490
7766,962730
7767,2112232
7768,752580
7769,1761570
7770,2463690
7771,2202291
7772,1836860
7773,3311490
7774,2521160
7775,451650
7776,3524240
7777,41000
7778,1895350
7779,2790700
7780,3156330
7781,1494420
7782,1514840
7783,4208730
7784,1507780
7785,204120
7786,1286760
7787,411830
7788,2430690
7789,3889540
7790,3402420
7791,1024650
7792,1123770
7793,1615290
7794,2805000
7795,899970
7796,4597380
7797,1338490
7798,916000
7799,3214480
7800,2977620
7801,1733170
7802,1188790
7803,2741360
7804,2104240
7805,3628960
7806,4055380
7807,3208910
7808,3989550
7809,4583890
7810,411300
7811,2213300
7812,4914830
7813,1259930
7814,1861610
7815,2561520
7816,4705650
7817,2054520
7818,1607240
7819,777390
7820,595740
7821,2252280
7822,656350
7823,2095300
7824,3323850
7825,2620
7826,572430
7827,518060
7828,1530880
7829,416422
7830,458750
7831,2739830
7832,343460
7833,783550
7834,471550
7835,3458620
7836,1479140
7837,2257010
7838,2951770
7839,2056210
7840,3155570
7841,4133830
7842,1914120
7843,2910200
7844,452510
7845,3887470
7846,401680
7847,209812
7848,3133060
7849,4028440
7850,31850
7851,1264970
7852,2177430
7853,4179280
7854,3202720
7855,2380803
7856,1299170
7857,3913000
7858,92800
7859,3093020
7860,3639520
7861,3602030
7862,3278310
7863,2784620
7864,1941110
7865,591370
7866,2526310
7867,2304380
7868,1859990
7869,1945681
7870,2182690
7871,18500
7872,3902800
7873,4071460
7874,3309750
7875,2086160
7876,3020
7877,3886200
7878,3419220
7879,403190
7880,1787960
7881,1170970
7882,638510
7883,3352570
7884,222440
7885,4340960
7886,404680
7887,2901150
7888,3261130
7889,4225890
7890,1883370
7891,4193270
7892,638990
7893,848050
7894,806780
7895,773370
7896,3091180
7897,2068280
7898,1765300
7899,3016840
7900,3099660
7901,957960
7902,2316580
7903,628070
7904,2642570
7905,4496580
7906,4850
7907,2999060
7908,542050
7909,2613950
7910,1569200
7911,607050
7912,3171990
7913,2137370
7914,115800
7915,1864880
7916,2973830
7917,2020860
7918,1126190
7919,2017620
7920,1334040
7921,205650
7922,3830560
7923,1455910
7924,518920
7925,366849
7926,3141310
7927,3046550
7928,2587410
7929,1730910
7930,3337210
7931,2154172
7932,1051310
7933,1227530
7934,2488340
7935,2214880
7936,4661130
7937,3987560
7938,1108590
7939,243950
7940,4810070
7941,781480
7942,2250420
7943,2776780
7944,4312460
7945,4355970
7946,615770
7947,3378960
7948,1096580
7949,1545450
7950,925930
7951,3362960
7952,966320
7953,1580180
7954,41500
7955,2215010
7956,850000
7957,1961600
7958,2296550
7959,1966410
7960,4650950
7961,1640160
7962,4077560
7963,3039500
7964,438480
7965,13540
7966,798490
7967,434063
7968,2985880
7969,2424110
7970,4735390
7971,1437880
7972,1456760
7973,2460130
7974,650000
7975,1235758
7976,1158730
7977,3032830
7978,1022450
7979,688060
7980,354240
7981,3916260
7982,2896380
7983,2963880
7984,1676100
7985,1555110
7986,2989950
7987,494392
7988,1012030
7989,3504580
7990,3213970
7991,48220
7992,917720
7993,3761870
7994,3500590
7995,4169820
7996,3529690
7997,2587420
7998,3323700
7999,2818150
8000,1368870
8001,1249770
8002,47896
8003,817540
8004,3107330
8005,363680
8006,2252680
8007,2886620
8008,2053020
8009,5068400
8010,4680540
8011,1239450
8012,1861880
8013,2231950
8014,4216650
8015,3352080
8016,3939700
8017,3994680
8018,2414630
8019,1124160
8020,2164540
8021,5035220
8022,4969500
8023,1310330
8024,223595
8025,1266430
8026,1716310
8027,4631620
8028,3681610
8029,3363680
8030,1205450
8031,4438540
8032,1519090
8033,2540240
8034,1643210
8035,3069630
8036,2576620
8037,1628070
8038,4214320
8039,602320
8040,4680620
8041,2430730
8042,4058290
8043,4212210
8044,2806410
8045,2780710
8046,2222640
8047,1807810
8048,12710
8049,3821980
8050,1238102
8051,4739380
8052,3231520
8053,17460
8054,4969720
8055,2369580
8056,1601330
8057,210770
8058,1607390
8059,1501610
8060,3617450
8061,1694600
8062,354430
8063,2734270
8064,285740
8065,619390
8066,3691650
8067,3168310
8068,3429890
8069,202670
8070,1823802
8071,268400
8072,1394930
8073,3832010
8074,4018550
8075,1958170
8076,5166890
8077,234270
8078,1069640
8079,1276390
8080,2646320
8081,1732060
8082,4184650
8083,3170570
8084,1420770
8085,4234560
8086,744950
8087,3868750
8088,1444300
8089,3620
8090,3487060
8091,667600
8092,275100
8093,2471970
8094,3208560
8095,2093410
8096,3922920
8097,3684500
8098,2367230
8099,572740
8100,1487270
8101,345240
8102,4562940
8103,4369830
8104,4427430
8105,4258770
8106,1216060
8107,7200
8108,3930510
8109,3400450
8110,411930
8111,1421790
8112,353540
8113,1835240
8114,1981570
8115,249181
8116,3777610
8117,3771230
8118,7520
8119,4094160
8120,1640820
8121,316964
8122,1018800
8123,5142170
8124,2165500
8125,4700560
8126,1892030
8127,421120
8128,1353190
8129,5020360
8130,4054100
8131,991170
8132,2410170
8133,1131920
8134,1634360
8135,2454890
8136,3359730
8137,315150
8138,1876280
8139,2353250
8140,254480
8141,248860
8142,223592
8143,3524290
8144,2147490
8145,4534000
8146,1592280
8147,4436560
8148,4912240
8149,336150
8150,2322660
8151,1375400
8152,979060
8153,1352930
8154,2730540
8155,1621560
8156,1475830
8157,4796160
8158,3742830
8159,3859930
8160,1546920
8161,6510
8162,4001560
8163,2708210
8164,2674590
8165,11450
8166,1599010
8167,1847240
8168,339790
8169,449393
8170,220420
8171,2094320
8172,1196630
8173,446390
8174,3818820
8175,4866880
8176,339230
8177,2450820
8178,4126530
8179,2427100
8180,4500270
8181,1290270
8182,1053710
8183,2178590
8184,420560
8185,1570070
8186,5113530
8187,2400770
8188,1952520
8189,971690
8190,1051620
8191,2139990
8192,2955900
8193,2386310
8194,230210
8195,5034500
8196,593280
8197,2594540
8198,1496250
8199,1625400
8200,2330430
8201,1111380
8202,979920
8203,4517590
8204,821880
8205,679110
8206,3005010
8207,2053021
8208,3897660
8209,3362660
8210,464340
8211,3854280
8212,3188980
8213,883360
8214,1202540
8215,3049990
8216,1900250
8217,2088810
8218,1051410
8219,1399080
8220,940910
8221,4719220
8222,1783280
8223,2808740
8224,2651720
8225,2297010
8226,303290
8227,287840
8228,550080
8229,1970470
8230,1075190
8231,1232420
8232,2002870
8233,787510
8234,4005090
8235,3936610
8236,1128540
8237,3371260
8238,3555990
8239,537340
8240,886820
8241,4679690
8242,3407080
8243,4119650
8244,1622900
8245,223810
8246,4447650
8247,2914480
8248,3398280
8249,2348450
8250,2711030
8251,1484900
8252,1340130
8253,2389040
8254,2579530
8255,1734320
8256,268130
8257,1602080
8258,4559600
8259,1525290
8260,2200640
8261,4856240
8262,4261920
8263,2093920
8264,3051470
8265,908520
8266,2313322
8267,489520
8268,966330
8269,3476880
8270,4216130
8271,1921560
8272,2052040
8273,2446550
8274,1133120
8275,1357372
8276,2371890
8277,3885590
8278,1710540
8279,2078230
8280,229890
8281,2542770
8282,3073280
8283,4496620
8284,843260
8285,3132860
8286,5001640
8287,992490
8288,584097
8289,2575900
8290,4530880
8291,1869270
8292,4256690
8293,721180
8294,4038320
8295,1136380
8296,1910790
8297,788690
8298,1135300
8299,711540
8300,1531470
8301,3410180
8302,4285320
8303,2304810
8304,12360
8305,1116480
8306,3681230
8307,2184350
8308,3138960
8309,282510
8310,3185730
8311,3781210
8312,275390
8313,3879660
8314,2616460
8315,1739900
8316,3752060
8317,1163340
8318,4373870
8319,4280860
8320,584095
8321,1076200
8322,3743240
8323,882790
8324,4005300
8325,248820
8326,250300
8327,313630
8328,3361450
8329,2955910
8330,4126900
8331,4540370
8332,4542910
8333,2353510
8334,203650
8335,568090
8336,209650
8337,1558000
8338,2507610
8339,1201240
8340,3884150
8341,460120
8342,4372020
8343,1167910
8344,2342950
8345,251270
8346,922490
8347,3285500
8348,1462460
8349,391000
8350,1159420
8351,1108410
8352,2361680
8353,222750
8354,1773801
8355,1238104
8356,1999190
8357,416600
8358,1117140
8359,3969150
8360,3503790
8361,1689910
8362,368620
8363,1442530
8364,526490
8365,3925760
8366,3350020
8367,1004490
8368,2332150
8369,1669500
8370,2436840
8371,378760
8372,500190
8373,846870
8374,1366900
8375,365160
8376,267630
8377,756660
8378,2374850
8379,4864560
8380,43600
8381,2118120
8382,351700
8383,3072620
8384,3288270
8385,1914110
8386,1853760
8387,573832
8388,1374610
8389,1785850
8390,324344
8391,1887100
8392,3882410
8393,2693730
8394,733140
8395,1797340
8396,4496530
8397,3441460
8398,1325890
8399,1137750
8400,4447640
8401,4870460
8402,4967500
8403,2095000
8404,1249480
8405,1194590
8406,584096
8407,998400
8408,1020470
8409,3314750
8410,1722800
8411,1119980
8412,4285040
8413,971620
8414,353270
8415,1529930
8416,1648810
8417,1238730
8418,2727650
8419,4124750
8420,558260
8421,3129150
8422,539660
8423,2463220
8424,949480
8425,312540
8426,3958820
8427,1947130
8428,3603530
8429,2536840
8430,224460
8431,2358630
8432,1985740
8433,629700
8434,3990800
8435,1054340
8436,4399570
8437,674500
8438,1235750
8439,4266960
8440,4496660
8441,1202200
8442,2506580
8443,3850800
8444,2167454
8445,1967510
8446,1976860
8447,223830
8448,2913610
8449,1642620
8450,1235756
8451,1954160
8452,2914730
8453,1473960
8454,3312250
8455,1449320
8456,1301390
8457,2081520
8458,1381440
8459,2224691
8460,893050
8461,2291020
8462,2165590
8463,1413870
8464,1934720
8465,2122050
8466,3372710
8467,1638300
8468,1707550
8469,3825780
8470,1485590
8471,2614920
8472,696180
8473,3024980
8474,2971610
8475,3997240
8476,2518220
8477,218640
8478,282511
8479,46510
8480,1570330
8481,4961460
8482,3141630
8483,937891
8484,889710
8485,4900130
8486,1862520
8487,55110
8488,5032450
8489,4680750
8490,2287970
8491,1707990
8492,3919420
8493,2555430
8494,1040230
8495,4329280
8496,428690
8497,1552810
8498,2128940
8499,801550
8500,1196080
8501,1589120
8502,3114900
8503,2698870
8504,4729250
8505,1437660
8506,611760
8507,3739110
8508,3099190
8509,4936470
8510,517790
8511,3681410
8512,1314820
8513,496240
8514,2932380
8515,3516180
8516,3009870
8517,1889930
8518,1843310
8519,1304280
8520,3226080
8521,856880
8522,31840
8523,2878220
8524,1446360
8525,2019790
8526,3174190
8527,3216250
8528,4735380
8529,1206060
8530,3059010
8531,1608440
8532,1769980
8533,1807080
8534,720250
8535,730617
8536,1432100
8537,4341720
8538,862800
8539,2794610
8540,4353350
8541,3084810
8542,3802420
8543,4680190
8544,4507620
8545,5068390
8546,2917040
8547,3043470
8548,896680
8549,2442020
8550,4173110
8551,445190
8552,620590
8553,1263230
8554,3257490
8555,4339880
8556,4479970
8557,682990
8558,3738830
8559,1638220
8560,1039880
8561,2287150
8562,4152390
8563,1824960
8564,1931730
8565,1235757
8566,1685720
8567,405430
8568,2401230
8569,3626760
8570,1811500
8571,1778790
8572,585450
8573,819020
8574,2701800
8575,2783780
8576,3983380
8577,553520
8578,3636440
8579,2192790
8580,3875470
8581,954060
8582,1256230
8583,3411510
8584,1964040
8585,617670
8586,4242040
8587,1895460
8588,1621650
8589,2894820
8590,629650
8591,39160
8592,386360
8593,375900
8594,2450691
8595,3399950
8596,3500680
8597,4054090
8598,394310
8599,651440
8600,3952640
8601,3701350
8602,269790
8603,2906500
8604,4284570
8605,1546860
8606,2005160
8607,508550
8608,2802820
8609,4742660
8610,4508900
8611,31170
8612,3815660
8613,1100160
8614,1405470
8615,2758000
8616,424370
8617,2511580
8618,1461050
8619,984680
8620,2440490
8621,3135200
8622,612720
8623,3916300
8624,3640360
8625,4826200
8626,4233530
8627,1051700
8628,324332
8629,400551
8630,2409110
8631,1012570
8632,3850560
8633,632350
8634,4046850
8635,2392500
8636,2310700
8637,388880
8638,2144761
8639,39500
8640,361670
8641,1342620
8642,3976180
8643,1078420
8644,3933120
8645,4089880
8646,1108000
8647,2803600
8648,2462520
8649,31830
8650,2259260
8651,574560
8652,4111260
8653,3352480
8654,968790
8655,517160
8656,4632540
8657,658700
8658,4130610
8659,1082180
8660,4784400
8661,2530380
8662,1379870
8663,2142330
8664,4829800
8665,4127530
8666,3815670
8667,215080
8668,287310
8669,202530
8670,2878710
8671,446520
8672,1213230
8673,229480
8674,1241550
8675,2234500
8676,377860
8677,742250
8678,2535830
8679,4680100
8680,4235410
8681,65790
8682,960310
8683,4813880
8684,1100250
8685,1530450
8686,4680140
8687,2581410
8688,1125794
8689,1252680
8690,530890
8691,458770
8692,4499280
8693,2922570
8694,572720
8695,208750
8696,3310
8697,2223740
8698,1100430
8699,1755830
8700,2583910
8701,3289620
8702,1325800
8703,3730790
8704,591460
8705,4304620
8706,3451980
8707,2103530
8708,1677970
8709,4189880
8710,2942950
8711,1163590
8712,2955520
8713,1200770
8714,550650
8715,2797340
8716,2212910
8717,1293180
8718,260430
8719,4197890
8720,615120
8721,316410
8722,3265840
8723,4496550
8724,2146570
8725,4022690
8726,4355470
8727,4244040
8728,3339330
8729,1112890
8730,1718750
8731,1829596
8732,2475300
8733,2624080
8734,3984230
8735,2663150
8736,4022700
8737,3227760
8738,1416050
8739,3802370
8740,2960500
8741,1483370
8742,3576360
8743,1341702
8744,978460
8745,883940
8746,799790
8747,2522430
8748,230070
8749,4527930
8750,2450694
8751,345260
8752,1462530
8753,2384075
8754,3396400
8755,1730260
8756,3484850
8757,4233550
8758,4433730
8759,3696840
8760,2978610
8761,1108370
8762,2705890
8763,3063750
8764,205710
8765,4861560
8766,2459420
8767,684410
8768,2305500
8769,456540
8770,4610360
8771,1272840
8772,2515240
8773,1865060
8774,4625810
8775,3550700
8776,2261870
8777,3188960
8778,2074240
8779,1338330
8780,1099640
8781,1913210
8782,2882440
8783,4768660
8784,1001270
8785,221810
8786,2023140
8787,2274110
8788,3363030
8789,1906240
8790,2537470
8791,2934190
8792,329070
8793,537450
8794,2679810
8795,2539520
8796,3903800
8797,1345890
8798,3874450
8799,2450860
8800,1841240
8801,2468700
8802,1473060
8803,2238190
8804,1364290
8805,1017030
8806,3224540
8807,1966130
8808,876650
8809,2978620
8810,3426920
8811,4135750
8812,337150
8813,2346410
8814,2380060
8815,4372230
8816,1900340
8817,230700
8818,1605320
8819,2318070
8820,5241570
8821,2790730
8822,957720
8823,919360
8824,2506530
8825,1443620
8826,34830
8827,2194930
8828,3164960
8829,988440
8830,4098230
8831,2551110
8832,4131780
8833,1996430
8834,3524260
8835,1990860
8836,2615690
8837,4037500
8838,1307680
8839,2615700
8840,820520
8841,564530
8842,4585870
8843,1519490
8844,240440
8845,2507980
8846,1209461
8847,4332910
8848,3352690
8849,4081840
8850,2719560
8851,651670
8852,2915800
8853,40390
8854,4903150
8855,3238580
8856,908060
8857,1498550
8858,3349330
8859,1155650
8860,3715790
8861,1252200
8862,2393770
8863,3777850
8864,1113570
8865,376680
8866,2495730
8867,2166050
8868,609110
8869,257030
8870,3815680
8871,2313321
8872,3839300
8873,1750030
8874,1214480
8875,1425820
8876,4407410
8877,954870
8878,691770
8879,377670
8880,428080
8881,3841010
8882,1780070
8883,1521160
8884,3544130
8885,3123540
8886,1775490
8887,1685721
8888,3141330
8889,1134700
8890,3866920
8891,1235754
8892,737040
8893,3858770
8894,2431880
8895,3545150
8896,3640430
8897,774291
8898,2474430
8899,576960
8900,1419160
8901,1084680
8902,2447420
8903,3560550
8904,881320
8905,3913690
8906,1840650
8907,4549610
8908,1330360
8909,2529820
8910,1586750
8911,4446370
8912,494430
8913,546050
8914,890720
8915,4044570
8916,1272010
8917,3446680
8918,2334533
8919,1305080
8920,3225380
8921,1347780
8922,2210520
8923,3186120
8924,1486450
8925,4417270
8926,63660
8927,575480
8928,1356810
8929,2059210
8930,2766910
8931,1441840
8932,3142330
8933,2311530
8934,3079280
8935,2112230
8936,3524370
8937,3524350
8938,572710
8939,1438210
8940,1742930
8941,3739100
8942,3103930
8943,400940
8944,3350550
8945,1818180
8946,4499420
8947,633460
8948,1235752
8949,2771140
8950,667610
8951,4602020
8952,1497430
8953,1049790
8954,1536080
8955,725270
8956,3201070
8957,2085260
8958,4519150
8959,3158590
8960,2706980
8961,356040
8962,3034340
8963,4084640
8964,1224600
8965,3363170
8966,4448490
8967,1726382
8968,2200970
8969,1149440
8970,2058750
8971,2081050
8972,3693780
8973,1613110
8974,2353340
8975,1510330
8976,2592220
8977,1921480
8978,387290
8979,2305830
8980,1945682
8981,2304500
8982,1739300
8983,1184411
8984,2097230
8985,671440
8986,1325260
8987,3412490
8988,1063580
8989,782670
8990,1944040
8991,1203440
8992,981750
8993,3880120
8994,409210
8995,2499890
8996,2064720
8997,3405560
8998,3313720
8999,1200720
9000,2453840
9001,884101
9002,524390
9003,4222670
9004,3667150
9005,2184791
9006,3347900
9007,880950
9008,1346020
9009,4810250
9010,3484640
9011,452530
9012,3525620
9013,1360000
9014,2676540
9015,4490200
9016,3200290
9017,400740
9018,557750
9019,834910
9020,614581
9021,270630
9022,2820130
9023,3638570
9024,1714580
9025,1229890
9026,4395300
9027,4191390
9028,1642870
9029,865830
9030,1573280
9031,3456930
9032,2074230
9033,958370
9034,1985050
9035,1248380
9036,4041630
9037,499520
9038,908360
9039,3772080
9040,3399040
9041,2687400
9042,985900
9043,3731500
9044,4679050
9045,1545990
9046,312790
9047,905340
9048,1546320
9049,3001970
9050,1951780
9051,1240590
9052,2594010
9053,2793370
9054,2100160
9055,433550
9056,2371620
9057,1930640
9058,4181640
9059,4786250
9060,319870
9061,3401490
9062,3176850
9063,1238100
9064,269190
9065,2321430
9066,215930
9067,4677280
9068,1235767
9069,1749010
9070,3204020
9071,3762010
9072,4680090
9073,369830
9074,2269950
9075,4199590
9076,1668460
9077,322210
9078,4661240
9079,2224640
9080,3604030
9081,1129050
9082,794580
9083,1497460
9084,1359320
9085,928960
9086,2473770
9087,865610
9088,925940
9089,861250
9090,323500
9091,261180
9092,1883000
9093,507010
9094,4252700
9095,2806770
9096,1939790
9097,785740
9098,615780
9099,1067540
9100,4419980
9101,3540990
9102,3920290
9103,2378910
9104,2868420
9105,4680330
9106,2521630
9107,1892420
9108,529660
9109,3943440
9110,843390
9111,920564
9112,1286710
9113,4679380
9114,956680
9115,4289020
9116,3055950
9117,2633870
9118,3571710
9119,907650
9120,3659410
9121,2873550
9122,34190
9123,3355800
9124,3469230
9125,500810
9126,3273980
9127,4418610
9128,31810
9129,5068380
9130,1536980
9131,4767560
9132,562260
9133,2728000
9134,729040
9135,1068290
9136,591960
9137,1783360
9138,1100140
9139,4030120
9140,3216040
9141,1328890
9142,1851610
9143,292240
9144,3064810
9145,382560
9146,279940
9147,733110
9148,31910
9149,2695270
9150,524910
9151,1958340
9152,851670
9153,10110
9154,1317160
9155,2983140
9156,3425460
9157,1046400
9158,3696260
9159,2184020
9160,1192440
9161,2960770
9162,1982150
9163,4535540
9164,4413140
9165,758990
9166,1996630
9167,3759220
9168,3536670
9169,3609320
9170,3454590
9171,3489420
9172,2619240
9173,2849960
9174,4421510
9175,1993150
9176,4125770
9177,1472660
9178,3077570
9179,4932180
9180,235800
9181,2581050
9182,5108990
9183,982290
9184,3021630
9185,3559260
9186,4465220
9187,4438230
9188,3224420
9189,857320
9190,2218650
9191,4227700
9192,2416900
9193,3308250
9194,4016880
9195,462290
9196,244430
9197,2499520
9198,4598010
9199,4030770
9200,400490
9201,40970
9202,41900
9203,342180
9204,3868930
9205,3900120
9206,2864590
9207,4157130
9208,2600570
9209,478980
9210,397340
9211,2210142
9212,4225400
9213,1471270
9214,1700
9215,1257570
9216,1577620
9217,2198510
9218,2770330
9219,17330
9220,1773800
9221,2709470
9222,1653970
9223,2152440
9224,3757210
9225,783840
9226,464260
9227,1253610
9228,2736840
9229,872200
9230,1189440
9231,2725090
9232,1291790
9233,2256450
9234,3874950
9235,1549750
9236,1844380
9237,3314520
9238,4680930
9239,1449590
9240,520720
9241,919050
9242,2974360
9243,3962460
9244,2820110
9245,887800
9246,4680690
9247,3690490
9248,1734680
9249,4211860
9250,1278390
9251,3839310
9252,1932160
9253,3459100
9254,2726450
9255,1298140
9256,3906610
9257,2546690
9258,3211430
9259,1481440
9260,1304600
9261,1111390
9262,4216180
9263,1889540
9264,2908050
9265,277890
9266,2912430
9267,1947500
9268,1748990
9269,42210
9270,3353100
