appid,rank,prev_rank,rank_change
4776500,4441,N/A,866
4810650,2971,3652,681
3557160,2529,3192,663
5130830,4722,N/A,585
5088440,4237,4729,492
4674810,3354,3831,477
5211290,4840,N/A,467
5158890,4859,N/A,448
4597950,4909,N/A,398
4018610,3064,3435,371
5058430,1840,2186,346
4476390,4708,5030,322
4738010,4525,4813,288
4815320,4427,4698,271
4995030,4611,4879,268
4573360,3831,4075,244
5217720,4567,4799,232
3675540,4876,5107,231
3166230,4248,4477,229
5201040,1709,1935,226
4420660,3392,3614,222
4181850,1096,1301,205
4653750,4491,4689,198
5306540,1620,1813,193
3151660,3967,4152,185
3591180,3951,4126,175
4842880,2113,2279,166
4740930,2660,2812,152
4605900,1830,1981,151
4929280,3676,3823,147
3336670,4180,4318,138
4900890,2061,2191,130
3948460,2339,2468,129
3181720,4541,4666,125
4511680,1924,2047,123
4595230,4918,5041,123
4144420,2776,2896,120
2481240,3023,3138,115
2170390,4125,4236,111
4822240,4379,4489,110
4530370,961,1068,107
1911870,4308,4415,107
5130480,3437,3539,102
4921660,2175,2274,99
4306070,2280,2376,96
3315700,3731,3827,96
5243870,4981,5075,94
2392420,2111,2200,89
4451310,4863,4950,87
5189770,2337,2423,86
4018480,5077,5163,86
4809870,4021,4105,84
3257150,4119,4200,81
5257300,3359,3439,80
5094490,1878,1957,79
5217440,3937,4016,79
4390370,4820,4899,79
5266240,1117,1195,78
4709270,3780,3857,77
4619040,2525,2601,76
5057350,1108,1183,75
4770970,4836,4910,74
4214710,3660,3732,72
3701310,4729,4801,72
4378370,5114,5185,71
3405680,2641,2709,68
3218100,769,836,67
1459800,4570,4637,67
4916200,1988,2054,66
4359360,4542,4608,66
3454120,5137,5203,66
4390080,3564,3629,65
3538070,1212,1275,63
5101960,3614,3676,62
1858720,4531,4593,62
4761750,3396,3456,60
2863980,4211,4271,60
4944410,1258,1317,59
3953390,4149,4208,59
3579340,3767,3825,58
2968270,2473,2530,57
1486940,4666,4723,57
4906730,5081,5138,57
4746080,5251,N/A,56
4942330,5123,5177,54
1924600,930,983,53
5189500,4034,4087,53
2069070,2307,2359,52
4247260,2120,2171,51
4115520,3094,3145,51
4684250,4991,5042,51
4149040,4765,4815,50
4768160,975,1024,49
3013600,2336,2385,49
5090170,2308,2356,48
5142140,3267,3314,47
4741260,4233,4280,47
2691080,4825,4871,46
5037200,981,1026,45
5165390,3769,3814,45
5188920,4851,4896,45
2691530,5129,5174,45
5185750,1514,1558,44
1724080,1743,1787,44
3761680,2091,2135,44
4198360,2615,2659,44
5246700,554,597,43
5208540,1227,1270,43
3888420,2192,2235,43
3929700,2322,2365,43
4559930,1426,1468,42
4425980,2455,2497,42
3717490,4296,4338,42
4226560,1726,1767,41
4008250,2559,2600,41
4252340,2947,2988,41
4485070,4422,4463,41
4095000,5266,N/A,41
2667460,2637,2677,40
2626830,3213,3253,40
4179990,3737,3776,39
3573120,4001,4040,39
3850230,5012,5051,39
4314660,5184,5222,38
5186030,630,667,37
3740090,1421,1458,37
3768400,2356,2393,37
2561630,1152,1188,36
4741270,3228,3264,36
3506070,3680,3716,36
5041530,4091,4127,36
4662350,4444,4480,36
4767130,4889,4925,36
5113760,2694,2729,35
4475750,3055,3090,35
3997280,3828,3863,35
5064350,4762,4797,35
5075270,3045,3079,34
4743190,5273,N/A,34
4556380,1905,1938,33
4840160,2665,2698,33
4873560,3489,3522,33
3204820,4105,4138,33
4229480,5206,5239,33
4914230,5258,5291,33
4312190,844,876,32
4878690,1046,1078,32
2899350,1967,1999,32
4252280,2719,2751,32
4712440,4129,4161,32
3078120,4554,4586,32
3903880,4651,4683,32
4830110,1670,1701,31
3474070,2004,2035,31
5145940,1732,1762,30
3868160,2477,2507,30
4244420,2645,2675,30
4989380,2657,2687,30
4856150,2889,2919,30
4694470,3021,3051,30
4810160,3720,3750,30
5000870,4294,4324,30
4156500,3759,3788,29
5206920,4016,4045,29
4156710,643,671,28
5086460,1721,1749,28
4893850,2939,2967,28
4197200,3123,3151,28
3419140,3240,3268,28
5031210,3363,3391,28
3471290,3884,3912,28
4210250,3994,4022,28
5167420,4070,4098,28
4996200,4493,4521,28
4972180,4694,4722,28
4225360,4788,4816,28
2087540,515,542,27
4783760,1284,1311,27
4882000,1403,1430,27
4112840,2509,2536,27
2148590,2590,2617,27
4911450,3214,3241,27
3626540,3503,3530,27
5160800,315,341,26
5182350,1716,1742,26
5054190,2803,2829,26
5182260,3475,3501,26
3746950,3607,3633,26
5092080,4039,4065,26
3907910,4175,4201,26
5106210,4875,4901,26
3101840,1986,2011,25
3327120,2593,2618,25
3910750,3047,3072,25
4022950,3056,3081,25
4843760,3863,3888,25
3739350,4079,4104,25
5130980,4159,4184,25
5276140,296,320,24
5108070,1508,1532,24
4416380,2672,2696,24
4569670,3964,3988,24
4211870,4539,4563,24
5042370,5264,5288,24
4583960,5283,N/A,24
4555210,1250,1273,23
3818770,2118,2141,23
4475520,3014,3037,23
4673650,3893,3916,23
4908460,4137,4160,23
4877950,526,548,22
4245930,2116,2138,22
4272370,2201,2223,22
4318080,2353,2375,22
4920620,2448,2470,22
2490960,3596,3618,22
4517160,4006,4028,22
4751430,3107,3128,21
3883610,3530,3551,21
1352700,3553,3574,21
4861120,4433,4454,21
5159870,373,393,20
3572090,1466,1486,20
4113000,1738,1758,20
4804660,2022,2042,20
4409320,2249,2269,20
3851680,2958,2978,20
3904870,3195,3215,20
2669710,4316,4336,20
2747810,4372,4392,20
4762560,4769,4789,20
3923740,4784,4804,20
3601810,5063,5083,20
4879420,308,327,19
4849350,1637,1656,19
3310570,2312,2331,19
3280150,2898,2917,19
4404070,3790,3809,19
4822580,715,733,18
2920220,809,827,18
2664600,1005,1023,18
4856440,1999,2017,18
5034390,2124,2142,18
3502620,2431,2449,18
4774560,2433,2451,18
5070970,2649,2667,18
4599880,3361,3379,18
3064040,3978,3996,18
3638790,4148,4166,18
5040220,4669,4687,18
3739580,4934,4952,18
3940440,5037,5055,18
4918010,5231,5249,18
4096830,649,666,17
4905780,1138,1155,17
3433000,1231,1248,17
5069130,1695,1712,17
4071650,1789,1806,17
3785860,1801,1818,17
673100,2145,2162,17
4946440,3113,3130,17
4769040,3206,3223,17
3651370,3902,3919,17
3301010,4094,4111,17
4996690,4264,4281,17
4671560,4532,4549,17
4466850,5170,5187,17
4849490,5247,5264,17
4954910,183,199,16
3744040,692,708,16
3548810,808,824,16
3232690,1286,1302,16
2971410,1682,1698,16
5067360,1704,1720,16
4380860,2137,2153,16
3399610,2510,2526,16
4159680,2523,2539,16
5064170,3365,3381,16
4832970,3478,3494,16
3883060,3538,3554,16
4606080,4658,4674,16
5189950,1861,1876,15
4398290,1958,1973,15
4992430,2148,2163,15
4489960,2429,2444,15
4699770,2456,2471,15
2121640,2538,2553,15
4761550,2564,2579,15
4408560,2805,2820,15
4132280,2892,2907,15
4009220,2956,2971,15
4561930,3118,3133,15
2708620,3191,3206,15
3947270,3527,3542,15
4828390,4207,4222,15
4437140,4259,4274,15
4844250,5078,5093,15
4948940,5292,N/A,15
4704000,737,751,14
3703630,958,972,14
3432980,1157,1171,14
4124320,1355,1369,14
4027620,1593,1607,14
4996830,1617,1631,14
4149610,1980,1994,14
4462830,2924,2938,14
4523120,3212,3226,14
3837820,3345,3359,14
4438850,3700,3714,14
4778990,3853,3867,14
4689550,3938,3952,14
4530680,3968,3982,14
4621970,4560,4574,14
3883050,5095,5109,14
4557880,5293,N/A,14
4868310,508,521,13
4997000,1513,1526,13
3177710,1533,1546,13
4414110,1806,1819,13
2606850,2389,2402,13
4581370,2555,2568,13
3509380,2740,2753,13
3694420,2750,2763,13
4870690,2818,2831,13
4360780,3003,3016,13
3704270,3019,3032,13
5210800,3236,3249,13
4878790,4275,4288,13
2420580,4717,4730,13
5179860,5175,5188,13
3846830,274,286,12
2659410,789,801,12
5072430,1090,1102,12
3826670,1384,1396,12
4395870,2071,2083,12
4221820,2075,2087,12
4944600,2204,2216,12
5146340,2442,2454,12
5014960,2575,2587,12
4232910,2737,2749,12
4338750,2821,2833,12
1851810,3091,3103,12
2354810,3442,3454,12
3749760,3736,3748,12
4794170,3843,3855,12
3842100,3896,3908,12
4831140,3973,3985,12
2318250,4160,4172,12
3757780,4348,4360,12
3284450,4779,4791,12
3039960,5218,5230,12
4745600,620,631,11
4383190,730,741,11
4991240,1528,1539,11
3867160,1581,1592,11
4282780,1826,1837,11
3153700,1913,1924,11
3589910,2407,2418,11
2509870,3211,3222,11
3295130,3272,3283,11
3206220,3476,3487,11
3449440,3562,3573,11
3039920,3689,3700,11
4898330,3770,3781,11
2085660,3775,3786,11
3169300,3807,3818,11
5005700,4112,4123,11
4514060,4239,4250,11
4211380,4568,4579,11
5035550,4584,4595,11
4707190,4702,4713,11
4965590,4830,4841,11
4549480,5195,5206,11
4334690,5296,N/A,11
3419080,911,921,10
4516190,1191,1201,10
4959300,1206,1216,10
4199960,1395,1405,10
2825550,1418,1428,10
3353450,1500,1510,10
3789230,1779,1789,10
4603230,1792,1802,10
2644100,1962,1972,10
4190960,2296,2306,10
4082030,2313,2323,10
4417910,2704,2714,10
2549980,2852,2862,10
4080250,2894,2904,10
3744190,3015,3025,10
1641570,3426,3436,10
1055600,3462,3472,10
2771710,3668,3678,10
3391000,3836,3846,10
4520490,3841,3851,10
4873800,3888,3898,10
3690240,4247,4257,10
4102150,4336,4346,10
4173770,4686,4696,10
3561610,4735,4745,10
4509300,4773,4783,10
4430840,4921,4931,10
4415060,4941,4951,10
3891470,4963,4973,10
4148630,4990,5000,10
2303200,396,405,9
2751070,941,950,9
4414860,978,987,9
4631740,1065,1074,9
2747660,1277,1286,9
4098030,1278,1287,9
2562390,1572,1581,9
2184080,1803,1812,9
2249060,1820,1829,9
2902720,1886,1895,9
4530800,2451,2460,9
4780870,2602,2611,9
3989790,2623,2632,9
4303060,2709,2718,9
4601470,3162,3171,9
4936650,3208,3217,9
3194520,3216,3225,9
5169440,3325,3334,9
4973250,3464,3473,9
3178820,3529,3538,9
2388920,3588,3597,9
4030030,3933,3942,9
4590270,4012,4021,9
4475020,4110,4119,9
3201370,4172,4181,9
4405120,4395,4404,9
4749570,4624,4633,9
4690890,4724,4733,9
4769350,4778,4787,9
2008670,5143,5152,9
1215940,348,356,8
3905010,696,704,8
2363200,927,935,8
4400790,1085,1093,8
3492120,1382,1390,8
3925750,1671,1679,8
3970880,1692,1700,8
3814960,1763,1771,8
2879790,2089,2097,8
4232550,2288,2296,8
3804280,2388,2396,8
1864220,2548,2556,8
3796150,2614,2622,8
4429430,2664,2672,8
3764730,2856,2864,8
4272020,2859,2867,8
3818450,2940,2948,8
4483420,3074,3082,8
4555610,3243,3251,8
3756910,3291,3299,8
5102620,3344,3352,8
1879270,3586,3594,8
2932110,3693,3701,8
4890620,3719,3727,8
5098200,3799,3807,8
1751730,4061,4069,8
4013930,4235,4243,8
4774580,4456,4464,8
4513370,4468,4476,8
2575290,4739,4747,8
4860010,4811,4819,8
4976010,5185,5193,8
4348910,199,206,7
2680280,329,336,7
4498480,658,665,7
4416300,743,750,7
4746630,1247,1254,7
3256040,1318,1325,7
4059000,1452,1459,7
1713730,1596,1603,7
4982870,1865,1872,7
4356360,2239,2246,7
3845350,2323,2330,7
4455810,2436,2443,7
4314170,2512,2519,7
4877420,2545,2552,7
4612650,2628,2635,7
3343920,2752,2759,7
5036490,2966,2973,7
3819020,3343,3350,7
4555040,3454,3461,7
4703240,3889,3896,7
3155840,3921,3928,7
4088360,3950,3957,7
3034760,4157,4164,7
3607230,4189,4196,7
2545390,4302,4309,7
4958560,4354,4361,7
4794000,4982,4989,7
4658220,5062,5069,7
2726580,753,759,6
4214960,764,770,6
3975260,1007,1013,6
5032500,1099,1105,6
2482760,1301,1307,6
3976770,1356,1362,6
3053470,1374,1380,6
2595110,1464,1470,6
2366590,1483,1489,6
4093640,1536,1542,6
4940930,1542,1548,6
3781790,1544,1550,6
3724300,1588,1594,6
3533390,1619,1625,6
4932930,1689,1695,6
4713280,1816,1822,6
3940470,1963,1969,6
5009850,2054,2060,6
4183270,2216,2222,6
3775210,2309,2315,6
4551870,2561,2567,6
2609400,2662,2668,6
2508290,2749,2755,6
3080070,2824,2830,6
4834760,2926,2932,6
4184130,2950,2956,6
3673960,3083,3089,6
3010060,3163,3169,6
5006540,3185,3191,6
4200980,3194,3200,6
3815560,3197,3203,6
4909990,3242,3248,6
2855020,3266,3272,6
4707700,3482,3488,6
4375480,3557,3563,6
2815020,3919,3925,6
2742720,4090,4096,6
3991140,4365,4371,6
4012160,4426,4432,6
5015460,4600,4606,6
4427790,5005,5011,6
3119690,5015,5021,6
3917850,5066,5072,6
4908110,5105,5111,6
3601830,5229,5235,6
2254990,63,68,5
3424730,202,207,5
4094350,210,215,5
4119710,350,355,5
2643540,633,638,5
4574370,667,672,5
4715160,922,927,5
3714420,1343,1348,5
4761940,1414,1419,5
4697880,1632,1637,5
5107900,1649,1654,5
3659460,1835,1840,5
2402500,1842,1847,5
4351810,2100,2105,5
3897080,2170,2175,5
4490840,2434,2439,5
2537270,2475,2480,5
4920240,2543,2548,5
3845390,2620,2625,5
4734020,2730,2735,5
3240110,2741,2746,5
3956120,2760,2765,5
3499560,2795,2800,5
3551090,2878,2883,5
2943330,2886,2891,5
3415350,2911,2916,5
3907570,2923,2928,5
4300540,3204,3209,5
4201590,3323,3328,5
3951190,3579,3584,5
4736510,3642,3647,5
4337040,3657,3662,5
4220770,3882,3887,5
3905070,3910,3915,5
3557060,3924,3929,5
4395010,4130,4135,5
4553370,4280,4285,5
2443590,4649,4654,5
3681000,4767,4772,5
3788590,4956,4961,5
4096780,225,229,4
2870790,387,391,4
2744160,430,434,4
4049180,484,488,4
3470960,597,601,4
5118500,874,878,4
3867180,1210,1214,4
2861730,1430,1434,4
3718160,1435,1439,4
1730790,1467,1471,4
3864940,1481,1485,4
4304060,1578,1582,4
2716830,1584,1588,4
4768180,1646,1650,4
4183770,1896,1900,4
4152490,1916,1920,4
4704520,1943,1947,4
1188410,2063,2067,4
4172450,2147,2151,4
3859210,2206,2210,4
4066520,2224,2228,4
4007000,2285,2289,4
3587450,2320,2324,4
3401570,2461,2465,4
2097940,2773,2777,4
4360290,2931,2935,4
3285390,2948,2952,4
4013270,2991,2995,4
4228190,2992,2996,4
4006670,2999,3003,4
3610500,3001,3005,4
4025980,3036,3040,4
3967230,3044,3048,4
4493130,3104,3108,4
4516440,3117,3121,4
5061290,3140,3144,4
3957530,3428,3432,4
4039300,3443,3447,4
4617210,3548,3552,4
4829780,3602,3606,4
5097820,3647,3651,4
4708840,3665,3669,4
2868030,3829,3833,4
4985170,3865,3869,4
4801140,3897,3901,4
2572060,3913,3917,4
4573960,3940,3944,4
4249000,4146,4150,4
2925420,4285,4289,4
3692670,4475,4479,4
3239360,4566,4570,4
2011180,4654,4658,4
4654240,4845,4849,4
4638740,5303,N/A,4
4078430,48,51,3
5072600,71,74,3
3884860,301,304,3
4048520,321,324,3
4968640,337,340,3
2566700,381,384,3
3299050,416,419,3
5072700,445,448,3
4251460,480,483,3
3115870,599,602,3
3664440,616,619,3
3024130,636,639,3
4954970,711,714,3
4824220,734,737,3
4400800,772,775,3
1238190,802,805,3
5024530,841,844,3
5019180,863,866,3
3618000,864,867,3
4928430,891,894,3
4373620,896,899,3
4049170,921,924,3
3130220,936,939,3
4754550,962,965,3
2991310,1094,1097,3
1742440,1173,1176,3
4372950,1264,1267,3
2860490,1287,1290,3
1959280,1307,1310,3
4366780,1336,1339,3
4183580,1346,1349,3
4228630,1371,1374,3
4644870,1412,1415,3
3103620,1471,1474,3
3454770,1489,1492,3
4462580,1498,1501,3
2710920,1525,1528,3
2917940,1551,1554,3
3694190,1559,1562,3
4411580,1567,1570,3
2174510,1587,1590,3
4660170,1611,1614,3
3628050,1701,1704,3
3335460,1829,1832,3
3581760,1831,1834,3
4668010,2108,2111,3
3874910,2292,2295,3
4521650,2326,2329,3
4319800,2423,2426,3
4681770,2472,2475,3
4253580,2488,2491,3
4881350,2496,2499,3
4265140,2498,2501,3
3603740,2506,2509,3
4555310,2513,2516,3
3949440,2514,2517,3
4184170,2605,2608,3
3794700,2635,2638,3
3318210,2679,2682,3
3471750,2769,2772,3
3926130,2823,2826,3
4739500,2887,2890,3
3418870,2943,2946,3
4738820,2994,2997,3
4557160,3134,3137,3
4630150,3234,3237,3
4415850,3254,3257,3
4271720,3358,3361,3
4568030,3368,3371,3
3372610,3384,3387,3
2077110,3425,3428,3
3765000,3625,3628,3
4268590,3847,3850,3
3429270,3855,3858,3
4947090,3877,3880,3
3195150,3927,3930,3
4992660,4020,4023,3
4059710,4041,4044,3
4422260,4100,4103,3
4373230,4179,4182,3
2707630,4215,4218,3
4485570,4238,4241,3
3807500,4292,4295,3
4601100,4366,4369,3
4967810,4378,4381,3
4309480,4405,4408,3
4568330,4458,4461,3
4683110,4510,4513,3
3195290,4761,4764,3
2431920,4847,4850,3
3919430,4988,4991,3
2721990,5245,5248,3
4394130,5275,5278,3
3191070,5304,N/A,3
3218230,94,96,2
3809850,178,180,2
2295060,216,218,2
3216600,230,232,2
2223980,237,239,2
2121510,245,247,2
3224600,344,346,2
3090810,375,377,2
3031880,409,411,2
4536610,424,426,2
2764530,426,428,2
4057480,450,452,2
2088020,475,477,2
4239670,513,515,2
4067370,552,554,2
4507990,566,568,2
4821880,590,592,2
4438080,601,603,2
4664840,626,628,2
2411200,682,684,2
4114100,732,734,2
2935800,736,738,2
4717850,747,749,2
4839390,795,797,2
4618570,830,832,2
1688640,837,839,2
4892120,838,840,2
2852140,910,912,2
3845070,929,931,2
4009490,954,956,2
3395320,1031,1033,2
2888960,1142,1144,2
3867190,1147,1149,2
4193010,1204,1206,2
2939510,1239,1241,2
2022640,1312,1314,2
4339680,1320,1322,2
1363400,1325,1327,2
2242340,1331,1333,2
2591630,1333,1335,2
3832030,1348,1350,2
2243690,1352,1354,2
3941680,1366,1368,2
4279510,1369,1371,2
2275750,1387,1389,2
1574290,1392,1394,2
4487450,1405,1407,2
3924780,1415,1417,2
4001650,1422,1424,2
3557360,1423,1425,2
5063690,1462,1464,2
4610080,1529,1531,2
4789870,1557,1559,2
4829820,1563,1565,2
2027030,1564,1566,2
3432860,1614,1616,2
4620600,1615,1617,2
2211630,1653,1655,2
1325580,1661,1663,2
4910010,1663,1665,2
3456660,1751,1753,2
3714280,1799,1801,2
3620240,1847,1849,2
5035380,1852,1854,2
3756370,2237,2239,2
4425120,2426,2428,2
3702550,2501,2503,2
4136620,2504,2506,2
4374100,2539,2541,2
432120,2723,2725,2
4360160,2777,2779,2
3124600,2778,2780,2
4556830,2785,2787,2
4362210,2786,2788,2
4515280,2819,2821,2
3832380,2834,2836,2
4415050,2841,2843,2
4514070,2842,2844,2
3205880,2876,2878,2
4181440,2921,2923,2
4370210,2984,2986,2
4444200,3097,3099,2
4167150,3290,3292,2
4503570,3336,3338,2
1828660,3376,3378,2
1120230,3444,3446,2
5146570,3633,3635,2
4776090,3638,3640,2
739790,3658,3660,2
3946330,3717,3719,2
4586810,3796,3798,2
4113790,3879,3881,2
4040750,3890,3892,2
3296970,3907,3909,2
4185920,3963,3965,2
4827950,3993,3995,2
4228390,4002,4004,2
3131340,4008,4010,2
4771830,4078,4080,2
1841660,4095,4097,2
4211340,4253,4255,2
4257210,4274,4276,2
4532460,4276,4278,2
3817560,4335,4337,2
3521810,4357,4359,2
2710530,4434,4436,2
4677140,4489,4491,2
4885190,4506,4508,2
4679730,4521,4523,2
4065560,4533,4535,2
4996560,4671,4673,2
3427820,4684,4686,2
4408450,4752,4754,2
3381300,4913,4915,2
4989520,5217,5219,2
5006530,17,18,1
2861080,47,48,1
3809270,60,61,1
3371050,80,81,1
4767480,88,89,1
3642910,115,116,1
4369620,116,117,1
1731290,123,124,1
1203170,147,148,1
3115160,157,158,1
3055670,160,161,1
4576490,164,165,1
2333000,172,173,1
3883570,208,209,1
499170,212,213,1
3314580,233,234,1
4084710,241,242,1
4311530,255,256,1
4894750,256,257,1
2967950,259,260,1
2239670,264,265,1
4061170,290,291,1
3569420,309,310,1
1884870,342,343,1
4669960,356,357,1
3010270,364,365,1
3061930,366,367,1
4253770,368,369,1
2287430,384,385,1
3509420,400,401,1
4245560,415,416,1
862750,420,421,1
4928450,428,429,1
4492060,438,439,1
2915730,454,455,1
3299920,464,465,1
3081510,467,468,1
3687090,469,470,1
1561740,495,496,1
3960600,505,506,1
3681610,548,549,1
4175180,550,551,1
4413070,568,569,1
4459590,575,576,1
3603000,581,582,1
2600920,604,605,1
4683260,608,609,1
5001840,642,643,1
4687390,677,678,1
4413130,689,690,1
3154460,701,702,1
3335310,710,711,1
3804800,727,728,1
2487330,762,763,1
4090310,771,772,1
3695930,787,788,1
3867130,797,798,1
2548880,814,815,1
2389020,845,846,1
2676350,846,847,1
1361090,854,855,1
2155070,871,872,1
3699910,888,889,1
1268790,890,891,1
3125320,943,944,1
5096600,960,961,1
3106270,966,967,1
2548410,993,994,1
3722130,997,998,1
4042070,1004,1005,1
3738890,1040,1041,1
3546610,1060,1061,1
4208770,1081,1082,1
3284200,1124,1125,1
4556530,1130,1131,1
4196910,1166,1167,1
3716910,1211,1212,1
3193330,1314,1315,1
2278950,1317,1318,1
3086670,1319,1320,1
4178100,1327,1328,1
4105540,1328,1329,1
2893250,1329,1330,1
2983860,1330,1331,1
2214460,1335,1336,1
2243990,1339,1340,1
2154420,1340,1341,1
3688240,1341,1342,1
2681870,1342,1343,1
2771630,1345,1346,1
2734480,1350,1351,1
1493430,1351,1352,1
3447730,1354,1355,1
4418500,1362,1363,1
3869940,1364,1365,1
3851090,1375,1376,1
1187640,1377,1378,1
904510,1380,1381,1
492540,1381,1382,1
2360820,1408,1409,1
4760480,1410,1411,1
3353430,1411,1412,1
4165660,1440,1441,1
1735370,1447,1448,1
3512750,1474,1475,1
3380100,1477,1478,1
2921580,1478,1479,1
4762680,1479,1480,1
1621910,1492,1493,1
2451040,1493,1494,1
3159750,1494,1495,1
1617120,1495,1496,1
2561340,1496,1497,1
1892100,1497,1498,1
3197890,1499,1500,1
2686570,1504,1505,1
3581910,1510,1511,1
4924160,1546,1547,1
2381500,1556,1557,1
2374540,1560,1561,1
2058960,1562,1563,1
1766500,1566,1567,1
3822320,1568,1569,1
1965470,1570,1571,1
2542170,1571,1572,1
1512190,1573,1574,1
4207990,1577,1578,1
3168560,1586,1587,1
3332120,1594,1595,1
4287040,1601,1602,1
3239830,1607,1608,1
3749830,1608,1609,1
3613860,1609,1610,1
4377480,1610,1611,1
4463520,1705,1706,1
3962240,1784,1785,1
2954010,1810,1811,1
2990190,1844,1845,1
4818880,1855,1856,1
748810,1881,1882,1
3010170,1940,1941,1
3070430,1944,1945,1
3891680,1957,1958,1
4109980,2026,2027,1
3713880,2039,2040,1
3734010,2050,2051,1
3873770,2051,2052,1
3235140,2057,2058,1
4180840,2070,2071,1
3927170,2166,2167,1
1808960,2248,2249,1
3189450,2272,2273,1
4575010,2275,2276,1
3699990,2279,2280,1
1609270,2281,2282,1
4089610,2284,2285,1
3474200,2303,2304,1
4538420,2304,2305,1
2529960,2321,2322,1
4262460,2335,2336,1
4654270,2383,2384,1
3901760,2399,2400,1
3393850,2421,2422,1
3048330,2424,2425,1
2401440,2553,2554,1
4864320,2735,2736,1
4553170,2747,2748,1
3936190,2766,2767,1
3846690,2884,2885,1
1616720,2917,2918,1
4514310,2979,2980,1
3640820,3018,3019,1
4233960,3121,3122,1
3595710,3257,3258,1
4171520,3302,3303,1
4421870,3316,3317,1
1094450,3322,3323,1
3751600,3329,3330,1
4752390,3339,3340,1
2856440,3387,3388,1
2834260,3403,3404,1
4531440,3524,3525,1
3854080,3571,3572,1
3077060,3592,3593,1
1971470,3640,3641,1
4036920,3702,3703,1
4425550,3899,3900,1
2073980,3905,3906,1
1670160,3931,3932,1
1607300,3932,3933,1
2965400,3942,3943,1
4280760,3947,3948,1
4304540,3959,3960,1
3376860,3972,3973,1
4982840,4035,4036,1
4917610,4077,4078,1
4304900,4139,4140,1
4013150,4166,4167,1
4022970,4191,4192,1
4338420,4231,4232,1
4224700,4327,4328,1
4509370,4362,4363,1
3778290,4364,4365,1
3383450,4369,4370,1
4365940,4483,4484,1
3790280,4501,4502,1
3591920,4504,4505,1
4202270,4523,4524,1
4311050,4553,4554,1
3704230,4690,4691,1
4213320,4745,4746,1
4869280,4922,4923,1
3982770,4965,4966,1
3268020,5019,5020,1
3704290,5083,5084,1
5099440,5117,5118,1
4456190,5209,5210,1
3193920,5242,5243,1
4156040,5289,5290,1
3440130,5306,N/A,1
1422450,1,1,0
2719590,2,2,0
4534960,3,3,0
2769570,4,4,0
1774880,5,5,0
4115450,6,6,0
4199910,7,7,0
2109770,8,8,0
4824610,9,9,0
1846700,10,10,0
1757350,11,11,0
2050420,12,12,0
4095380,13,13,0
2381520,14,14,0
2590240,15,15,0
2963950,16,16,0
2929250,19,19,0
3292470,20,20,0
3727390,21,21,0
3558670,22,22,0
2873440,23,23,0
3710600,24,24,0
1340720,25,25,0
2814860,26,26,0
2582960,27,27,0
2231020,28,28,0
4077740,29,29,0
1940080,30,30,0
2340970,31,31,0
3978820,32,32,0
3016620,33,33,0
2649560,34,34,0
3010850,35,35,0
1280190,36,36,0
1687540,37,37,0
2828710,38,38,0
4231820,39,39,0
2179480,40,40,0
1313230,41,41,0
4743930,42,42,0
2724650,43,43,0
2956040,44,44,0
2161710,45,45,0
3255110,46,46,0
3864580,49,49,0
2439280,50,50,0
2610770,52,52,0
3161310,53,53,0
2295170,54,54,0
1228610,55,55,0
2318330,56,56,0
3230960,57,57,0
4354570,58,58,0
4260840,59,59,0
3337850,62,62,0
1373910,69,69,0
1586260,70,70,0
2153760,75,75,0
2239770,76,76,0
4228810,77,77,0
2090210,78,78,0
2849490,79,79,0
4031890,82,82,0
3517740,83,83,0
3788800,84,84,0
4150720,85,85,0
1551980,86,86,0
4829700,87,87,0
2235430,90,90,0
2924520,91,91,0
3283240,92,92,0
1257610,93,93,0
2871520,97,97,0
3078150,98,98,0
1579420,99,99,0
4614080,100,100,0
2437390,101,101,0
4258290,102,102,0
2800370,103,103,0
2838950,104,104,0
3714800,105,105,0
2855590,106,106,0
3219030,107,107,0
1667040,108,108,0
3092530,109,109,0
3669200,110,110,0
2141130,111,111,0
4814120,112,112,0
3426150,113,113,0
2376260,114,114,0
2208810,118,118,0
3629430,119,119,0
4293910,120,120,0
3199500,121,121,0
3401960,122,122,0
3126410,125,125,0
2055770,126,126,0
1573550,127,127,0
4348760,128,128,0
1388550,129,129,0
2254950,130,130,0
1701840,131,131,0
388860,132,132,0
2063390,133,133,0
3230430,134,134,0
2617340,135,135,0
3669620,136,136,0
1400830,137,137,0
3516100,138,138,0
3767320,139,139,0
3751230,140,140,0
3260750,141,141,0
2315050,142,142,0
3563080,143,143,0
4665290,144,144,0
3581230,145,145,0
1728620,146,146,0
2708860,149,149,0
1977610,150,150,0
2705130,151,151,0
3970690,152,152,0
2595260,153,153,0
3796990,154,154,0
3209660,155,155,0
1637460,156,156,0
4146000,159,159,0
1209970,162,162,0
1963680,163,163,0
1173980,166,166,0
3942260,167,167,0
3571870,168,168,0
3620480,169,169,0
1857810,170,170,0
1670650,171,171,0
2885380,174,174,0
2828020,175,175,0
2177510,176,176,0
1739080,177,177,0
3184960,181,181,0
2470010,182,182,0
2947860,185,185,0
4910490,201,201,0
612400,219,219,0
3031890,220,220,0
2948730,221,221,0
4171850,222,222,0
2865960,223,223,0
3438920,224,224,0
3423280,231,231,0
4005900,235,235,0
2701030,236,236,0
4890760,240,240,0
3238940,243,243,0
2411280,244,244,0
3767660,248,248,0
306910,249,249,0
3645160,250,250,0
3851260,251,251,0
1699050,252,252,0
1883810,253,253,0
1661330,254,254,0
4212050,258,258,0
3295000,261,261,0
763310,262,262,0
3522600,263,263,0
881940,266,266,0
2924540,267,267,0
4651830,268,268,0
3245140,269,269,0
2365790,270,270,0
3211720,271,271,0
3856530,272,272,0
3847920,273,273,0
3677050,276,276,0
4400930,283,283,0
3708010,287,287,0
3247960,288,288,0
3086590,289,289,0
1490930,292,292,0
3757140,293,293,0
4729320,294,294,0
3714450,295,295,0
4213030,347,347,0
4440650,358,358,0
3545560,359,359,0
1540720,360,360,0
1255460,361,361,0
4788240,362,362,0
771800,363,363,0
2889030,370,370,0
2805070,371,371,0
2587620,372,372,0
4102480,378,378,0
4657920,392,392,0
2261380,394,394,0
3710210,395,395,0
4732690,403,403,0
4533950,406,406,0
3392040,407,407,0
3886530,408,408,0
4664240,412,412,0
2710740,413,413,0
1787230,414,414,0
3639060,422,422,0
4785110,423,423,0
1747470,435,435,0
1792460,436,436,0
2175840,437,437,0
3511540,440,440,0
1840880,441,441,0
3223070,442,442,0
3730310,443,443,0
2785740,444,444,0
3702100,449,449,0
3582810,453,453,0
3462190,456,456,0
4554250,457,457,0
2189430,458,458,0
4162340,459,459,0
4767090,460,460,0
792610,461,461,0
3281970,462,462,0
3489340,463,463,0
4393700,466,466,0
2742920,471,471,0
1777480,472,472,0
3274530,473,473,0
1979810,474,474,0
3680100,478,478,0
1547540,479,479,0
4859110,482,482,0
2239640,489,489,0
3012600,490,490,0
3166050,491,491,0
3606970,492,492,0
3245640,493,493,0
2669060,494,494,0
2556470,497,497,0
4124340,498,498,0
2961930,499,499,0
1578940,500,500,0
2981340,501,501,0
2348250,502,502,0
4253570,503,503,0
4632350,504,504,0
3802140,507,507,0
4687860,544,544,0
2786760,545,545,0
4533250,558,558,0
2872240,560,560,0
1779540,561,561,0
4017880,571,571,0
4280880,586,586,0
2248150,588,588,0
4686110,593,593,0
4216080,600,600,0
1624930,606,606,0
2781660,607,607,0
2640090,610,610,0
4218620,611,611,0
1779610,612,612,0
1792100,613,613,0
4089140,614,614,0
4661070,615,615,0
4078190,617,617,0
2614370,621,621,0
4163270,623,623,0
3743140,627,627,0
3268370,635,635,0
4876650,641,641,0
3469910,653,653,0
1260940,673,673,0
4259360,674,674,0
3470500,675,675,0
2251170,676,676,0
4115300,679,679,0
2946850,680,680,0
2530870,681,681,0
3915840,685,685,0
2960250,686,686,0
3846900,687,687,0
2961860,688,688,0
3839180,691,691,0
3225880,707,707,0
3838790,709,709,0
2266890,723,723,0
2541950,752,752,0
3038500,760,760,0
2400980,761,761,0
3758950,780,780,0
2842310,782,782,0
4200110,790,790,0
2731030,826,826,0
3296060,842,842,0
3376960,849,849,0
2228250,869,869,0
2665020,873,873,0
1046920,879,879,0
2085080,880,880,0
3164230,881,881,0
2929290,882,882,0
4420980,883,883,0
937450,884,884,0
2420570,885,885,0
3445250,886,886,0
3758090,887,887,0
1842040,893,893,0
1577230,895,895,0
4413210,897,897,0
3464670,900,900,0
3440200,901,901,0
3523120,902,902,0
4244460,903,903,0
2591790,904,904,0
925500,905,905,0
2303850,906,906,0
2787850,907,907,0
3340880,908,908,0
3080520,909,909,0
4193690,914,914,0
4521700,1027,1027,0
4308420,1037,1037,0
1818660,1044,1044,0
3519480,1052,1052,0
2932260,1059,1059,0
2744430,1079,1079,0
4234750,1080,1080,0
3530630,1083,1083,0
1531180,1084,1084,0
3054550,1087,1087,0
3810510,1151,1151,0
4066670,1202,1202,0
4204610,1219,1219,0
2468250,1221,1221,0
3804760,1224,1224,0
4018330,1252,1252,0
4165760,1303,1303,0
4441110,1306,1306,0
3079170,1316,1316,0
3594610,1323,1323,0
1736220,1324,1324,0
2524200,1326,1326,0
1288540,1332,1332,0
4341010,1334,1334,0
4738460,1337,1337,0
2077890,1338,1338,0
433970,1344,1344,0
1792390,1353,1353,0
4202430,1357,1357,0
4861420,1358,1358,0
3983620,1367,1367,0
3833730,1370,1370,0
2748140,1372,1372,0
2101420,1373,1373,0
2542310,1379,1379,0
2857810,1383,1383,0
4430260,1386,1386,0
3869500,1388,1388,0
2349630,1391,1391,0
2981400,1397,1397,0
3513120,1398,1398,0
3885720,1399,1399,0
1825030,1400,1400,0
3017770,1401,1401,0
3601680,1402,1402,0
2537650,1443,1443,0
4110140,1445,1445,0
2755990,1460,1460,0
3479080,1461,1461,0
3778610,1473,1473,0
4113160,1476,1476,0
3238520,1487,1487,0
2962320,1488,1488,0
2780230,1490,1490,0
4564640,1491,1491,0
1602300,1502,1502,0
1502750,1503,1503,0
2539340,1506,1506,0
3993370,1507,1507,0
4671450,1512,1512,0
4441950,1549,1549,0
1416360,1553,1553,0
4968940,1555,1555,0
3484950,1575,1575,0
3751860,1576,1576,0
3738130,1579,1579,0
1019932,1583,1583,0
3715770,1604,1604,0
3673500,1605,1605,0
2547010,1606,1606,0
2629710,1612,1612,0
4126510,1613,1613,0
4353330,1618,1618,0
4398500,1626,1626,0
1883360,1629,1629,0
2923140,1636,1636,0
3453490,1639,1639,0
3894830,1640,1640,0
3010150,1645,1645,0
2855360,1657,1657,0
2514620,1658,1658,0
1166660,1659,1659,0
3845210,1660,1660,0
1847180,1666,1666,0
4678470,1667,1667,0
3560630,1668,1668,0
2165040,1669,1669,0
4055780,1672,1672,0
4402200,1680,1680,0
4663760,1688,1688,0
1761910,1725,1725,0
3347910,1775,1775,0
3227500,1817,1817,0
3002130,1839,1839,0
4240620,1851,1851,0
4272560,1976,1976,0
3429280,2016,2016,0
3746290,2044,2044,0
4480060,2078,2078,0
3504050,2081,2081,0
2938800,2086,2086,0
4216840,2152,2152,0
2105260,2193,2193,0
2783280,2229,2229,0
2446760,2250,2250,0
2120350,2259,2259,0
1167110,2260,2260,0
4178790,2277,2277,0
2229910,2278,2278,0
3450780,2283,2283,0
3575220,2298,2298,0
4021890,2300,2300,0
3082020,2380,2380,0
3334170,2404,2404,0
2748420,2437,2437,0
3581260,2457,2457,0
3976340,2464,2464,0
3164790,2482,2482,0
4423030,2571,2571,0
2669450,2572,2572,0
3855060,2604,2604,0
3600740,2745,2745,0
3129420,2782,2782,0
3912890,2783,2783,0
4227280,2835,2835,0
2054000,2838,2838,0
2894990,2848,2848,0
3441490,2861,2861,0
1638030,2874,2874,0
1736200,2893,2893,0
2110150,2920,2920,0
1003460,3154,3154,0
4261080,3167,3167,0
3736070,3173,3173,0
2938980,3177,3177,0
2628880,3179,3179,0
4330940,3207,3207,0
3738640,3261,3261,0
4625800,3270,3270,0
1702630,3284,3284,0
4307270,3312,3312,0
3461050,3318,3318,0
2098920,3319,3319,0
2103500,3321,3321,0
4763380,3333,3333,0
3250960,3382,3382,0
4362170,3415,3415,0
4103040,3477,3477,0
4980620,3496,3496,0
4239660,3515,3515,0
3673490,3558,3558,0
4529020,3560,3560,0
3642020,3575,3575,0
3749130,3605,3605,0
3670730,3612,3612,0
3397910,3653,3653,0
3878740,3659,3659,0
1568600,3674,3674,0
4956110,3708,3708,0
4119600,3752,3752,0
1003900,3753,3753,0
1993410,3871,3871,0
4119200,3873,3873,0
3645410,3874,3874,0
1532270,3918,3918,0
4691530,3920,3920,0
2950600,3958,3958,0
3847450,4027,4027,0
4486770,4067,4067,0
4454510,4193,4193,0
4581890,4223,4223,0
4092130,4246,4246,0
4719020,4251,4251,0
3864920,4267,4267,0
3045270,4291,4291,0
3116230,4298,4298,0
4274730,4312,4312,0
4288030,4343,4343,0
3364720,4349,4349,0
2627590,4397,4397,0
3780520,4402,4402,0
4456800,4410,4410,0
3101780,4420,4420,0
4602120,4448,4448,0
3510640,4517,4517,0
3936340,4598,4598,0
456140,4638,4638,0
2743800,4661,4661,0
5095350,4834,4834,0
4013910,4903,4903,0
4014180,4959,4959,0
4335630,5024,5024,0
2490890,5256,5256,0
4077320,5263,5263,0
2272360,18,17,-1
1952620,61,60,-1
3073940,64,63,-1
2692660,65,64,-1
4435490,66,65,-1
3259780,67,66,-1
1752080,68,67,-1
2454980,72,71,-1
1536500,73,72,-1
3281420,74,73,-1
1818140,81,80,-1
2165810,89,88,-1
1416070,95,94,-1
1614330,96,95,-1
3633680,124,123,-1
4198090,148,147,-1
1967610,158,157,-1
2339840,161,160,-1
1559720,165,164,-1
1373530,173,172,-1
3041680,179,178,-1
3590650,180,179,-1
2320980,184,183,-1
3079190,187,186,-1
2017940,188,187,-1
1723610,189,188,-1
2024600,190,189,-1
2359600,191,190,-1
2768300,192,191,-1
1401370,193,192,-1
3524720,194,193,-1
3973300,195,194,-1
895160,196,195,-1
3875690,197,196,-1
3333850,198,197,-1
1798230,209,208,-1
3816030,211,210,-1
4687500,215,214,-1
2550530,217,216,-1
914210,218,217,-1
3486530,226,225,-1
1853440,227,226,-1
2168390,228,227,-1
3660710,229,228,-1
3729700,234,233,-1
3216520,238,237,-1
2192380,239,238,-1
2387670,242,241,-1
1741170,246,245,-1
4498220,247,246,-1
4920230,260,259,-1
3023930,265,264,-1
939530,275,274,-1
3062170,278,277,-1
2326200,279,278,-1
3102780,280,279,-1
3512480,281,280,-1
3765640,282,281,-1
1799840,285,284,-1
4604540,286,285,-1
2975260,291,290,-1
3014650,297,296,-1
3564490,298,297,-1
3345210,299,298,-1
4253010,300,299,-1
1363940,304,303,-1
3204330,306,305,-1
3734220,307,306,-1
2843060,335,334,-1
3470140,343,342,-1
3621390,345,344,-1
2786710,346,345,-1
2916700,349,348,-1
3499590,353,352,-1
1675260,354,353,-1
1340380,365,364,-1
1051440,367,366,-1
4502890,369,368,-1
3218570,374,373,-1
4223290,380,379,-1
2988030,382,381,-1
1872800,397,396,-1
3793190,398,397,-1
4982940,399,398,-1
4174160,401,400,-1
3910680,405,404,-1
2185510,410,409,-1
4713940,411,410,-1
2738170,418,417,-1
2302470,419,418,-1
950660,421,420,-1
4111570,425,424,-1
3276190,431,430,-1
1891280,432,431,-1
2578510,433,432,-1
2593290,434,433,-1
3333990,439,438,-1
3299300,446,445,-1
3749580,447,446,-1
1631920,448,447,-1
2526570,451,450,-1
2439770,452,451,-1
3703360,455,454,-1
3763840,465,464,-1
1752990,468,467,-1
3756700,470,469,-1
1976830,476,475,-1
3787050,477,476,-1
3710850,481,480,-1
1166890,485,484,-1
2362260,486,485,-1
4518240,487,486,-1
3596430,488,487,-1
4112270,496,495,-1
3707530,506,505,-1
2979810,509,508,-1
2601540,510,509,-1
3591510,511,510,-1
3439880,512,511,-1
4502750,518,517,-1
4328820,523,522,-1
3997960,524,523,-1
3051160,525,524,-1
2826790,528,527,-1
4358660,529,528,-1
4039200,533,532,-1
4418080,534,533,-1
3833280,536,535,-1
1447250,538,537,-1
4244910,540,539,-1
4434610,542,541,-1
3183480,547,546,-1
3015820,551,550,-1
2914820,553,552,-1
2409320,556,555,-1
3141390,557,556,-1
3094690,563,562,-1
4623290,564,563,-1
5123770,565,564,-1
4230950,573,572,-1
3595450,574,573,-1
4414560,578,577,-1
3963620,579,578,-1
2251970,580,579,-1
3305930,584,583,-1
2663960,585,584,-1
2837690,595,594,-1
3008640,596,595,-1
4151300,605,604,-1
687440,609,608,-1
3883910,619,618,-1
3799530,625,624,-1
3587020,634,633,-1
1505940,678,677,-1
2616540,683,682,-1
3397040,684,683,-1
443190,690,689,-1
2544820,693,692,-1
1101370,694,693,-1
1872970,695,694,-1
4771290,700,699,-1
4267870,706,705,-1
908770,713,712,-1
4170840,714,713,-1
2464520,716,715,-1
3144010,717,716,-1
2975680,718,717,-1
3864190,719,718,-1
3922000,720,719,-1
4430020,721,720,-1
3989240,722,721,-1
3123130,725,724,-1
4504970,726,725,-1
1104600,728,727,-1
4532500,741,740,-1
3714000,745,744,-1
4186890,754,753,-1
3470850,755,754,-1
2671300,756,755,-1
3473430,757,756,-1
4018380,758,757,-1
3891160,759,758,-1
1511480,763,762,-1
2275860,765,764,-1
2220860,766,765,-1
4734550,767,766,-1
4043740,768,767,-1
4123800,775,774,-1
2413800,777,776,-1
2895410,778,777,-1
2346870,779,778,-1
1879250,784,783,-1
3100690,785,784,-1
4061090,786,785,-1
694320,793,792,-1
1445880,805,804,-1
2936810,807,806,-1
4540840,813,812,-1
2822720,817,816,-1
3617990,818,817,-1
5056630,823,822,-1
4049810,829,828,-1
2616100,834,833,-1
3348370,835,834,-1
3905500,836,835,-1
3602270,839,838,-1
3036260,851,850,-1
2378230,852,851,-1
2743290,853,852,-1
2792320,857,856,-1
3764400,858,857,-1
4691270,859,858,-1
3266110,860,859,-1
1343010,861,860,-1
4040060,862,861,-1
3564500,878,877,-1
2869850,889,888,-1
1803110,899,898,-1
4012150,916,915,-1
2134470,917,916,-1
2231980,918,917,-1
1403030,919,918,-1
3660260,920,919,-1
3035270,926,925,-1
764930,931,930,-1
4024440,938,937,-1
3301510,952,951,-1
3322630,953,952,-1
4563860,955,954,-1
3280240,970,969,-1
2141160,977,976,-1
3829400,1020,1019,-1
1359270,1029,1028,-1
3534150,1030,1029,-1
2168070,1035,1034,-1
1352140,1036,1035,-1
3475880,1039,1038,-1
1927360,1043,1042,-1
4020810,1048,1047,-1
3018390,1050,1049,-1
2517940,1076,1075,-1
3545200,1077,1076,-1
3109590,1078,1077,-1
1376880,1082,1081,-1
4633090,1086,1085,-1
3107530,1089,1088,-1
3500810,1091,1090,-1
4374530,1101,1100,-1
4628160,1104,1103,-1
2666160,1107,1106,-1
3275120,1110,1109,-1
1287610,1114,1113,-1
3833810,1139,1138,-1
4442750,1201,1200,-1
3640840,1218,1217,-1
3148560,1223,1222,-1
1931040,1226,1225,-1
3592940,1229,1228,-1
4085430,1244,1243,-1
4485020,1254,1253,-1
3469420,1280,1279,-1
4572120,1282,1281,-1
3285880,1298,1297,-1
3377450,1313,1312,-1
3370270,1322,1321,-1
3755120,1360,1359,-1
3460400,1361,1360,-1
3758980,1365,1364,-1
1179020,1376,1375,-1
2986110,1378,1377,-1
1342400,1385,1384,-1
3563470,1393,1392,-1
1294620,1394,1393,-1
1456830,1396,1395,-1
4225250,1404,1403,-1
1030780,1407,1406,-1
2577430,1409,1408,-1
2999120,1437,1436,-1
2301240,1438,1437,-1
3227900,1448,1447,-1
1387810,1450,1449,-1
4702700,1451,1450,-1
3557890,1463,1462,-1
2593570,1482,1481,-1
4736790,1484,1483,-1
3156020,1485,1484,-1
2501620,1505,1504,-1
3336070,1509,1508,-1
994560,1515,1514,-1
4582880,1519,1518,-1
3449370,1539,1538,-1
2639270,1552,1551,-1
2485410,1561,1560,-1
685560,1565,1564,-1
3770380,1569,1568,-1
2353010,1574,1573,-1
3541250,1585,1584,-1
2789020,1592,1591,-1
2427980,1597,1596,-1
3339080,1598,1597,-1
1286230,1599,1598,-1
3574200,1600,1599,-1
942220,1616,1615,-1
3161350,1628,1627,-1
2590330,1631,1630,-1
2856410,1633,1632,-1
4704920,1634,1633,-1
3004280,1635,1634,-1
3039980,1642,1641,-1
4402330,1643,1642,-1
4498320,1644,1643,-1
4206080,1654,1653,-1
1561080,1662,1661,-1
3922560,1665,1664,-1
4549500,1675,1674,-1
3783980,1683,1682,-1
2453200,1687,1686,-1
4624180,1715,1714,-1
3977340,1719,1718,-1
3794620,1795,1794,-1
5068970,1809,1808,-1
3523850,1824,1823,-1
3411900,1825,1824,-1
4444800,1828,1827,-1
3906460,1845,1844,-1
3743810,1858,1857,-1
3498700,1894,1893,-1
2434930,1909,1908,-1
4138590,2006,2005,-1
4672770,2019,2018,-1
2881620,2049,2048,-1
2717620,2056,2055,-1
1171340,2060,2059,-1
2491830,2062,2061,-1
3619300,2069,2068,-1
2437940,2077,2076,-1
4154830,2090,2089,-1
3393720,2092,2091,-1
4709120,2101,2100,-1
3352150,2105,2104,-1
3508880,2255,2254,-1
3248910,2258,2257,-1
1610360,2265,2264,-1
1979290,2266,2265,-1
2116290,2269,2268,-1
1803500,2271,2270,-1
3258590,2276,2275,-1
1858210,2282,2281,-1
2439030,2287,2286,-1
1333930,2291,2290,-1
4299520,2302,2301,-1
3638800,2352,2351,-1
1425990,2406,2405,-1
2682980,2409,2408,-1
3953700,2414,2413,-1
4360760,2416,2415,-1
3715040,2418,2417,-1
2388440,2420,2419,-1
2508170,2425,2424,-1
3325610,2428,2427,-1
3536500,2430,2429,-1
4030360,2470,2469,-1
4287960,2480,2479,-1
2735850,2485,2484,-1
2867800,2503,2502,-1
3827740,2551,2550,-1
3755350,2558,2557,-1
3536680,2585,2584,-1
997090,2586,2585,-1
3514000,2600,2599,-1
4556190,2634,2633,-1
2679790,2655,2654,-1
3266790,2684,2683,-1
3807650,2701,2700,-1
4352900,2775,2774,-1
2743260,2797,2796,-1
3203180,2814,2813,-1
1490830,2840,2839,-1
3961370,2846,2845,-1
1571260,2847,2846,-1
833020,2850,2849,-1
732970,2851,2850,-1
3348920,2858,2857,-1
1678040,2869,2868,-1
2365920,2870,2869,-1
1520600,2871,2870,-1
777210,2872,2871,-1
3360150,2873,2872,-1
1127370,2880,2879,-1
3259000,2883,2882,-1
3758170,2902,2901,-1
3369020,2907,2906,-1
4056250,2912,2911,-1
4595980,2922,2921,-1
850870,2937,2936,-1
2794160,2938,2937,-1
2271570,2952,2951,-1
4360240,2961,2960,-1
3677850,2977,2976,-1
4928600,2990,2989,-1
3998510,3000,2999,-1
3230380,3011,3010,-1
4431400,3039,3038,-1
4583360,3141,3140,-1
2673340,3151,3150,-1
4354650,3160,3159,-1
2382810,3166,3165,-1
4313560,3196,3195,-1
4002270,3225,3224,-1
4004160,3274,3273,-1
4468540,3277,3276,-1
3872910,3278,3277,-1
2135000,3283,3282,-1
3812490,3301,3300,-1
4745810,3306,3305,-1
2829050,3307,3306,-1
3137450,3309,3308,-1
1778860,3337,3336,-1
3271120,3342,3341,-1
4165740,3348,3347,-1
3759400,3404,3403,-1
2017120,3441,3440,-1
2121720,3469,3468,-1
3603720,3556,3555,-1
3056850,3565,3564,-1
3314030,3624,3623,-1
4475320,3639,3638,-1
1233680,3655,3654,-1
2965300,3656,3655,-1
4688400,3664,3663,-1
4372700,3669,3668,-1
1829140,3681,3680,-1
4036130,3684,3683,-1
2746680,3692,3691,-1
1589820,3727,3726,-1
4411510,3729,3728,-1
3991690,3738,3737,-1
5013380,3763,3762,-1
3603730,3765,3764,-1
3301000,3795,3794,-1
3278190,3867,3866,-1
3497960,3876,3875,-1
3202250,3880,3879,-1
3056650,3935,3934,-1
1287930,3936,3935,-1
5047700,3956,3955,-1
3474240,4044,4043,-1
3946550,4049,4048,-1
1564060,4060,4059,-1
4442130,4107,4106,-1
4199010,4132,4131,-1
4446990,4178,4177,-1
2403250,4204,4203,-1
2679830,4206,4205,-1
2776540,4210,4209,-1
1163160,4220,4219,-1
3639640,4226,4225,-1
3384820,4229,4228,-1
3055290,4232,4231,-1
654860,4250,4249,-1
4139020,4300,4299,-1
4008790,4323,4322,-1
2088230,4342,4341,-1
3568570,4375,4374,-1
2777560,4391,4390,-1
3349520,4394,4393,-1
3596750,4469,4468,-1
4551060,4515,4514,-1
4579540,4588,4587,-1
4334530,4593,4592,-1
4480080,4710,4709,-1
4834840,4862,4861,-1
4065440,5146,5145,-1
3700360,5151,5150,-1
1572000,117,115,-2
1685310,186,184,-2
1327040,200,198,-2
4328440,204,202,-2
3327430,205,203,-2
4210060,206,204,-2
2536510,207,205,-2
2388620,213,211,-2
2131860,214,212,-2
311810,232,230,-2
1727760,257,255,-2
3355360,277,275,-2
4221910,284,282,-2
2872300,302,300,-2
3983000,303,301,-2
3937470,313,311,-2
2400840,314,312,-2
3485810,327,325,-2
2957360,328,326,-2
3725190,330,328,-2
2402470,331,329,-2
4452700,332,330,-2
2638690,333,331,-2
2551550,334,332,-2
2152500,339,337,-2
3918200,340,338,-2
4465790,341,339,-2
2882720,351,349,-2
3581730,352,350,-2
2468200,376,374,-2
3218350,377,375,-2
4171660,385,383,-2
3270430,388,386,-2
3956640,389,387,-2
3131640,390,388,-2
2638080,391,389,-2
3895110,404,402,-2
2353050,417,415,-2
3668850,427,425,-2
1256270,429,427,-2
3668330,483,481,-2
1154960,514,512,-2
2796220,520,518,-2
1146670,521,519,-2
1159390,522,520,-2
2559370,527,525,-2
2509360,531,529,-2
2593320,532,530,-2
2522120,549,547,-2
3107290,555,553,-2
3001740,559,557,-2
2960460,567,565,-2
2852700,569,567,-2
1053900,572,570,-2
4267860,576,574,-2
3871670,577,575,-2
1917990,582,580,-2
2409660,583,581,-2
3631230,587,585,-2
4846360,589,587,-2
1207360,591,589,-2
3058660,592,590,-2
3135380,598,596,-2
860210,618,616,-2
2893350,622,620,-2
2160070,624,622,-2
2974160,631,629,-2
3676410,632,630,-2
3456950,646,644,-2
1149450,647,645,-2
4735760,648,646,-2
4200960,662,660,-2
3778820,670,668,-2
1460210,671,669,-2
2193150,672,670,-2
969330,697,695,-2
2244700,698,696,-2
2708040,699,697,-2
3788160,702,700,-2
2261560,705,703,-2
3925150,708,706,-2
3348640,712,710,-2
4287480,724,722,-2
994680,731,729,-2
3434920,733,731,-2
3481610,744,742,-2
3809080,749,747,-2
2831170,770,768,-2
2065580,781,779,-2
3183080,783,781,-2
3477910,788,786,-2
1963690,801,799,-2
3878760,804,802,-2
4716160,821,819,-2
4487060,825,823,-2
2679070,831,829,-2
2356360,832,830,-2
1171980,833,831,-2
1871640,843,841,-2
2313380,850,848,-2
1403850,855,853,-2
3325070,856,854,-2
395830,867,865,-2
1402820,870,868,-2
2362070,872,870,-2
1108600,876,874,-2
2156390,877,875,-2
2083660,892,890,-2
1879940,894,892,-2
1415230,898,896,-2
2405340,912,910,-2
2106730,913,911,-2
2359660,915,913,-2
1163020,924,922,-2
3620530,925,923,-2
4982920,928,926,-2
811760,934,932,-2
3919900,935,933,-2
4258880,940,938,-2
3113580,942,940,-2
1894140,947,945,-2
2750400,948,946,-2
3408450,949,947,-2
1722610,950,948,-2
4247140,951,949,-2
4271520,957,955,-2
1968940,959,957,-2
3908100,976,974,-2
2999670,991,989,-2
1965550,1024,1022,-2
2681560,1032,1030,-2
3122600,1033,1031,-2
1761210,1034,1032,-2
3695350,1038,1036,-2
3261450,1041,1039,-2
3439410,1042,1040,-2
3561320,1045,1043,-2
4096880,1047,1045,-2
2390130,1055,1053,-2
2159260,1056,1054,-2
1630450,1057,1055,-2
3743260,1058,1056,-2
2626570,1064,1062,-2
1323140,1066,1064,-2
2166730,1068,1066,-2
1633850,1071,1069,-2
1196230,1072,1070,-2
669270,1073,1071,-2
3688110,1074,1072,-2
2415030,1075,1073,-2
2697620,1088,1086,-2
1808160,1093,1091,-2
4121600,1106,1104,-2
3460960,1109,1107,-2
1116390,1112,1110,-2
1905580,1113,1111,-2
2271050,1116,1114,-2
2790850,1121,1119,-2
3152440,1195,1193,-2
2584400,1198,1196,-2
1575790,1199,1197,-2
4218360,1200,1198,-2
3282110,1205,1203,-2
1837730,1209,1207,-2
1111840,1217,1215,-2
1830110,1220,1218,-2
3094870,1222,1220,-2
2646170,1225,1223,-2
3504490,1228,1226,-2
4054220,1233,1231,-2
3621690,1235,1233,-2
2870250,1240,1238,-2
3987060,1248,1246,-2
4087530,1276,1274,-2
2113960,1296,1294,-2
3188660,1310,1308,-2
1686230,1311,1309,-2
3378100,1315,1313,-2
2964560,1321,1319,-2
4417350,1347,1345,-2
4211060,1349,1347,-2
2795590,1363,1361,-2
3121890,1368,1366,-2
4024450,1406,1404,-2
2520400,1416,1414,-2
2543660,1420,1418,-2
4034350,1431,1429,-2
4421670,1433,1431,-2
3588150,1434,1432,-2
3187650,1442,1440,-2
3445610,1444,1442,-2
2658410,1446,1444,-2
4423270,1453,1451,-2
4990840,1454,1452,-2
3074980,1455,1453,-2
2741550,1456,1454,-2
1684370,1457,1455,-2
3052150,1458,1456,-2
1163350,1459,1457,-2
3769800,1465,1463,-2
3746560,1501,1499,-2
2976030,1511,1509,-2
3572310,1517,1515,-2
3254990,1518,1516,-2
1851420,1521,1519,-2
2752020,1522,1520,-2
1941640,1523,1521,-2
3818090,1524,1522,-2
3333190,1527,1525,-2
3012400,1535,1533,-2
3276270,1537,1535,-2
2605900,1554,1552,-2
1662050,1558,1556,-2
3772190,1582,1580,-2
612660,1591,1589,-2
1916410,1595,1593,-2
3851600,1602,1600,-2
2079920,1603,1601,-2
905240,1621,1619,-2
2115210,1622,1620,-2
2118890,1623,1621,-2
1356250,1624,1622,-2
2361560,1625,1623,-2
1303400,1630,1628,-2
2284140,1648,1646,-2
1836400,1664,1662,-2
2408030,1677,1675,-2
2446660,1678,1676,-2
4001820,1679,1677,-2
1725710,1685,1683,-2
1207690,1686,1684,-2
4090650,1710,1708,-2
4302700,1711,1709,-2
1668340,1713,1711,-2
3387240,1772,1770,-2
2506520,1774,1772,-2
1472730,1778,1776,-2
4056370,1786,1784,-2
3097730,1790,1788,-2
3594530,1793,1791,-2
2014520,1822,1820,-2
4176140,1823,1821,-2
3892370,1827,1825,-2
816070,1860,1858,-2
2290870,1862,1860,-2
3516660,1868,1866,-2
4080520,1871,1869,-2
3417530,1890,1888,-2
2984800,1931,1929,-2
4062420,1935,1933,-2
3211220,1951,1949,-2
2152830,1954,1952,-2
4213930,1985,1983,-2
3520410,2005,2003,-2
3797790,2012,2010,-2
1848610,2040,2038,-2
968710,2047,2045,-2
1072910,2048,2046,-2
3433800,2055,2053,-2
2750770,2058,2056,-2
2005910,2059,2057,-2
3143530,2064,2062,-2
1993210,2065,2063,-2
4026510,2066,2064,-2
2287780,2067,2065,-2
3979580,2068,2066,-2
1889700,2074,2072,-2
2986590,2076,2074,-2
4168190,2087,2085,-2
3040020,2097,2095,-2
3194740,2098,2096,-2
1460810,2172,2170,-2
4902640,2189,2187,-2
3676140,2198,2196,-2
1629660,2227,2225,-2
2940460,2228,2226,-2
3333380,2232,2230,-2
4165930,2233,2231,-2
3980340,2234,2232,-2
2015420,2235,2233,-2
1640990,2236,2234,-2
3164260,2238,2236,-2
3542300,2242,2240,-2
3728900,2243,2241,-2
3009440,2244,2242,-2
1198690,2245,2243,-2
2322070,2246,2244,-2
1754250,2247,2245,-2
2306490,2253,2251,-2
4285870,2254,2252,-2
4262800,2257,2255,-2
1690100,2263,2261,-2
1280660,2264,2262,-2
2393290,2268,2266,-2
2071630,2273,2271,-2
1415600,2274,2272,-2
1710110,2286,2284,-2
3979490,2289,2287,-2
1085830,2290,2288,-2
905540,2293,2291,-2
1821600,2294,2292,-2
2265170,2295,2293,-2
3993200,2299,2297,-2
809550,2301,2299,-2
3692780,2305,2303,-2
2418040,2310,2308,-2
3695950,2400,2398,-2
4421440,2403,2401,-2
1122230,2405,2403,-2
1915870,2408,2406,-2
3907830,2411,2409,-2
3561930,2412,2410,-2
2828540,2413,2411,-2
2284190,2422,2420,-2
4191110,2432,2430,-2
4100080,2469,2467,-2
4465980,2474,2472,-2
1285050,2476,2474,-2
1826770,2479,2477,-2
3589430,2483,2481,-2
2081720,2487,2485,-2
1161780,2491,2489,-2
4102890,2494,2492,-2
3730680,2495,2493,-2
2784920,2516,2514,-2
3981460,2522,2520,-2
2178120,2577,2575,-2
3501050,2579,2577,-2
4201570,2607,2605,-2
3301300,2616,2614,-2
3598180,2631,2629,-2
4932120,2632,2630,-2
3137880,2639,2637,-2
2882230,2643,2641,-2
5017810,2653,2651,-2
408200,2707,2705,-2
247710,2732,2730,-2
4556180,2764,2762,-2
2707440,2768,2766,-2
1121670,2770,2768,-2
2854310,2771,2769,-2
4787480,2772,2770,-2
4922700,2787,2785,-2
2216840,2791,2789,-2
3330890,2792,2790,-2
672890,2793,2791,-2
3500630,2794,2792,-2
4137830,2796,2794,-2
2870130,2801,2799,-2
2939170,2813,2811,-2
4131220,2817,2815,-2
1226580,2830,2828,-2
1126210,2839,2837,-2
3301350,2849,2847,-2
2368490,2853,2851,-2
2605720,2854,2852,-2
4079320,2855,2853,-2
4484770,2867,2865,-2
3327000,2868,2866,-2
3384570,2875,2873,-2
2718100,2877,2875,-2
3942390,2879,2877,-2
1143910,2882,2880,-2
284080,2910,2908,-2
3434180,2914,2912,-2
1917470,2915,2913,-2
1894560,2928,2926,-2
3139120,2935,2933,-2
3517880,2936,2934,-2
1975790,2941,2939,-2
1327090,2942,2940,-2
3975130,2964,2962,-2
4226690,2967,2965,-2
1827440,2983,2981,-2
2126810,2989,2987,-2
2506890,2995,2993,-2
3975830,3004,3002,-2
2377600,3008,3006,-2
2163660,3009,3007,-2
3273860,3010,3008,-2
3407450,3013,3011,-2
2430010,3060,3058,-2
4575620,3095,3093,-2
3484670,3157,3155,-2
3839680,3158,3156,-2
2394250,3159,3157,-2
1946440,3176,3174,-2
3551820,3178,3176,-2
2946530,3182,3180,-2
3565090,3183,3181,-2
3273370,3184,3182,-2
1465620,3188,3186,-2
4489300,3199,3197,-2
1897450,3287,3285,-2
3154150,3288,3286,-2
4122640,3289,3287,-2
3038700,3292,3290,-2
3991970,3311,3309,-2
3756040,3315,3313,-2
3056570,3317,3315,-2
1580030,3324,3322,-2
3408340,3327,3325,-2
3635640,3341,3339,-2
4660090,3357,3355,-2
3279330,3401,3399,-2
4096910,3455,3453,-2
4182850,3512,3510,-2
4303380,3578,3576,-2
2822740,3585,3583,-2
3939340,3601,3599,-2
4338180,3622,3620,-2
3610180,3644,3642,-2
3233860,3652,3650,-2
2068190,3672,3670,-2
2377160,3673,3671,-2
4639980,3679,3677,-2
3700100,3686,3684,-2
2513200,3709,3707,-2
1038080,3715,3713,-2
2615600,3722,3720,-2
1461470,3744,3742,-2
2935710,3756,3754,-2
2776770,3760,3758,-2
2314460,3824,3822,-2
4577340,3832,3830,-2
3222720,3839,3837,-2
2294210,3842,3840,-2
2059070,3861,3859,-2
1727540,3862,3860,-2
2219850,3870,3868,-2
3075430,3872,3870,-2
3023880,3878,3876,-2
3679760,3885,3883,-2
4504840,3887,3885,-2
1861450,3923,3921,-2
4209900,3929,3927,-2
4065790,3939,3937,-2
2231090,3989,3987,-2
3713920,4053,4051,-2
3140970,4055,4053,-2
4514140,4066,4064,-2
4560170,4138,4136,-2
3887130,4145,4143,-2
3018500,4228,4226,-2
2283250,4310,4308,-2
3998040,4358,4356,-2
4503040,4408,4406,-2
3793270,4418,4416,-2
3210060,4419,4417,-2
4190760,4421,4419,-2
1345910,4423,4421,-2
5221470,4443,4441,-2
4090610,4447,4445,-2
3223030,4477,4475,-2
4448200,4485,4483,-2
2974540,4488,4486,-2
4176000,4498,4496,-2
3891020,4636,4634,-2
3290380,4721,4719,-2
5037250,4727,4725,-2
4164330,4757,4755,-2
5019690,4782,4780,-2
3853440,4824,4822,-2
3569410,4828,4826,-2
4703000,4877,4875,-2
4935810,4978,4976,-2
3533170,5017,5015,-2
4567120,5033,5031,-2
4390630,5045,5043,-2
4910920,5274,5272,-2
1672320,203,200,-3
2193600,305,302,-3
1994000,310,307,-3
3645050,311,308,-3
2675650,312,309,-3
2753930,316,313,-3
2487190,317,314,-3
2512880,318,315,-3
2190700,319,316,-3
2988120,320,317,-3
4093320,322,319,-3
4182190,324,321,-3
2146290,325,322,-3
3000460,326,323,-3
4189120,336,333,-3
3752650,338,335,-3
1332100,357,354,-3
1675680,379,376,-3
3560050,383,380,-3
3647010,393,390,-3
3499790,402,399,-3
2210150,516,513,-3
3694600,517,514,-3
2478130,519,516,-3
3405880,537,534,-3
1593010,539,536,-3
3447280,541,538,-3
3574750,543,540,-3
2915770,546,543,-3
2434830,562,559,-3
1906190,594,591,-3
4108680,628,625,-3
2987350,629,626,-3
1622130,639,636,-3
2262630,640,637,-3
2581850,645,642,-3
4317460,650,647,-3
2789680,651,648,-3
4029090,652,649,-3
4738100,654,651,-3
3498720,655,652,-3
3798860,657,654,-3
3812830,704,701,-3
1443980,729,726,-3
2666580,742,739,-3
1368050,746,743,-3
2355020,748,745,-3
3399240,751,748,-3
3867570,774,771,-3
4278970,776,773,-3
2052300,792,789,-3
3810050,794,791,-3
3685570,796,793,-3
3066300,798,795,-3
4176460,803,800,-3
4336170,806,803,-3
4244770,810,807,-3
2702430,811,808,-3
2613150,812,809,-3
3893290,824,821,-3
2321960,828,825,-3
1349300,840,837,-3
1048250,848,845,-3
2406140,865,862,-3
2322260,866,863,-3
1362000,923,920,-3
2561460,937,934,-3
1394650,939,936,-3
3356660,944,941,-3
2184280,945,942,-3
3726180,946,943,-3
2740750,956,953,-3
4328840,967,964,-3
2559740,973,970,-3
4269150,974,971,-3
2440760,983,980,-3
4414620,994,991,-3
2847780,1000,997,-3
3278930,1002,999,-3
2688780,1003,1000,-3
3201450,1011,1008,-3
4623300,1017,1014,-3
1732910,1028,1025,-3
4703930,1049,1046,-3
2583660,1051,1048,-3
2713380,1053,1050,-3
4143000,1054,1051,-3
4123070,1061,1058,-3
3175790,1063,1060,-3
2738660,1070,1067,-3
3973160,1092,1089,-3
912000,1095,1092,-3
2711690,1097,1094,-3
4466940,1098,1095,-3
3355070,1111,1108,-3
2526200,1115,1112,-3
3483820,1118,1115,-3
2620450,1119,1116,-3
2706400,1120,1117,-3
2334930,1123,1120,-3
4099630,1129,1126,-3
3030560,1131,1128,-3
1252070,1135,1132,-3
4239080,1136,1133,-3
3012300,1137,1134,-3
3151360,1144,1141,-3
4331110,1160,1157,-3
3000510,1183,1180,-3
1439270,1187,1184,-3
2217470,1188,1185,-3
2151810,1189,1186,-3
4542740,1190,1187,-3
1617230,1192,1189,-3
2340460,1193,1190,-3
3126990,1194,1191,-3
1286190,1197,1194,-3
2379350,1207,1204,-3
3649680,1208,1205,-3
1143070,1230,1227,-3
2958550,1232,1229,-3
2236190,1237,1234,-3
2173770,1238,1235,-3
3357310,1243,1240,-3
2873750,1245,1242,-3
2525210,1260,1257,-3
4110770,1261,1258,-3
4744030,1274,1271,-3
2433560,1275,1272,-3
3334760,1279,1276,-3
3299820,1285,1282,-3
4437450,1294,1291,-3
2994190,1295,1292,-3
3577020,1302,1299,-3
2528170,1308,1305,-3
2233390,1359,1356,-3
3668300,1390,1387,-3
3774860,1413,1410,-3
3316500,1419,1416,-3
2621540,1429,1426,-3
3619580,1436,1433,-3
3309290,1441,1438,-3
3500460,1449,1446,-3
2329690,1468,1465,-3
4123930,1469,1466,-3
1303940,1470,1467,-3
2465380,1472,1469,-3
2707670,1475,1472,-3
2775830,1480,1477,-3
2636460,1516,1513,-3
1902860,1520,1517,-3
2897710,1526,1523,-3
983680,1532,1529,-3
3415640,1540,1537,-3
3875960,1543,1540,-3
3610790,1547,1544,-3
3919810,1580,1577,-3
3459050,1589,1586,-3
2134720,1627,1624,-3
4096150,1638,1635,-3
1318190,1641,1638,-3
1647220,1647,1644,-3
1549600,1650,1647,-3
1380980,1651,1648,-3
1120330,1652,1649,-3
1823210,1673,1670,-3
2814880,1674,1671,-3
3616280,1676,1673,-3
3547910,1681,1678,-3
3630010,1684,1681,-3
2304360,1693,1690,-3
3720330,1702,1699,-3
3681340,1708,1705,-3
3014860,1718,1715,-3
4576910,1720,1717,-3
4250680,1724,1721,-3
4588510,1764,1761,-3
4372780,1767,1764,-3
2507690,1771,1768,-3
2503230,1776,1773,-3
2082570,1777,1774,-3
1890780,1780,1777,-3
2695810,1781,1778,-3
4632020,1782,1779,-3
4216230,1783,1780,-3
2198310,1798,1795,-3
4158980,1813,1810,-3
3850980,1836,1833,-3
2075460,1838,1835,-3
3002550,1846,1843,-3
3933180,1853,1850,-3
2635440,1864,1861,-3
2731290,1876,1873,-3
3179370,1877,1874,-3
4139200,1880,1877,-3
4223760,1887,1884,-3
2227100,1904,1901,-3
3948470,1912,1909,-3
3162900,1925,1922,-3
3128360,1939,1936,-3
3824760,1949,1946,-3
3991390,1953,1950,-3
1689340,1956,1953,-3
3564990,1970,1967,-3
2537430,1973,1970,-3
2117160,1982,1979,-3
3151140,1983,1980,-3
4670270,1995,1992,-3
3838820,2007,2004,-3
3965430,2023,2020,-3
347460,2034,2031,-3
2309440,2036,2033,-3
3800200,2046,2043,-3
2904640,2052,2049,-3
4195140,2053,2050,-3
2175890,2072,2069,-3
2287370,2073,2070,-3
4639050,2083,2080,-3
3857800,2085,2082,-3
1478730,2095,2092,-3
3979570,2096,2093,-3
2357380,2102,2099,-3
3938440,2104,2101,-3
2401280,2109,2106,-3
4144090,2110,2107,-3
4264000,2169,2166,-3
1871460,2180,2177,-3
3297080,2184,2181,-3
2763310,2187,2184,-3
2450350,2191,2188,-3
1440570,2195,2192,-3
2545880,2197,2194,-3
3222280,2200,2197,-3
4261650,2202,2199,-3
4242890,2207,2204,-3
1192230,2221,2218,-3
3599920,2240,2237,-3
3357600,2241,2238,-3
4158420,2251,2248,-3
3305750,2256,2253,-3
3919400,2261,2258,-3
4110720,2270,2267,-3
4712630,2297,2294,-3
3895950,2365,2362,-3
4406760,2371,2368,-3
2113270,2393,2390,-3
2607420,2395,2392,-3
1502290,2397,2394,-3
3910330,2398,2395,-3
3579070,2402,2399,-3
3299010,2410,2407,-3
3296990,2415,2412,-3
1220390,2417,2414,-3
2530620,2419,2416,-3
3387300,2450,2447,-3
2536140,2459,2456,-3
3027810,2486,2483,-3
2083940,2489,2486,-3
2971500,2490,2487,-3
4278150,2493,2490,-3
4006130,2497,2494,-3
2820270,2499,2496,-3
3367810,2507,2504,-3
4097280,2508,2505,-3
1810070,2511,2508,-3
2987920,2515,2512,-3
2156800,2521,2518,-3
1545080,2524,2521,-3
3157290,2532,2529,-3
2176770,2534,2531,-3
3957680,2535,2532,-3
4003590,2536,2533,-3
1355160,2537,2534,-3
4570020,2550,2547,-3
4278590,2554,2551,-3
4584800,2565,2562,-3
3509590,2583,2580,-3
2622180,2584,2581,-3
2799820,2589,2586,-3
1596350,2591,2588,-3
4175710,2592,2589,-3
3289400,2595,2592,-3
4267800,2597,2594,-3
2603850,2612,2609,-3
3593660,2613,2610,-3
3555740,2622,2619,-3
3235670,2624,2621,-3
668900,2626,2623,-3
1445480,2627,2624,-3
1421190,2629,2626,-3
3799720,2630,2627,-3
1639510,2642,2639,-3
4202540,2659,2656,-3
4098960,2667,2664,-3
2758190,2693,2690,-3
3555120,2714,2711,-3
3489490,2718,2715,-3
1622110,2722,2719,-3
1155850,2725,2722,-3
3212260,2729,2726,-3
2560210,2734,2731,-3
4633120,2759,2756,-3
3967280,2763,2760,-3
1374320,2767,2764,-3
2799910,2774,2771,-3
1532790,2800,2797,-3
3128610,2804,2801,-3
3504310,2807,2804,-3
4298170,2812,2809,-3
2052710,2837,2834,-3
1848600,2843,2840,-3
2664120,2844,2841,-3
2500690,2845,2842,-3
2478710,2857,2854,-3
4476320,2862,2859,-3
3544430,2866,2863,-3
2882410,2890,2887,-3
2953940,2895,2892,-3
3292770,2900,2897,-3
4035190,2903,2900,-3
2947630,2925,2922,-3
2464640,2927,2924,-3
2514890,2930,2927,-3
3820540,2932,2929,-3
3273960,2933,2930,-3
945860,2934,2931,-3
3240610,2944,2941,-3
4230650,2945,2942,-3
4642050,2946,2943,-3
1036430,2953,2950,-3
4264410,2975,2972,-3
3125540,2980,2977,-3
2993920,2982,2979,-3
2498890,2985,2982,-3
2922250,2986,2983,-3
640010,2987,2984,-3
4406740,2988,2985,-3
3802950,2993,2990,-3
3219960,3007,3004,-3
1993980,3012,3009,-3
2398100,3042,3039,-3
4522230,3065,3062,-3
2722940,3070,3067,-3
4697950,3079,3076,-3
4107960,3099,3096,-3
3842050,3149,3146,-3
1767010,3150,3147,-3
4123810,3152,3149,-3
2364190,3155,3152,-3
3535270,3156,3153,-3
1607930,3161,3158,-3
3978110,3165,3162,-3
1467110,3175,3172,-3
2324660,3181,3178,-3
1353150,3186,3183,-3
2564480,3187,3184,-3
2339000,3190,3187,-3
2567320,3192,3189,-3
3893230,3231,3228,-3
4109800,3265,3262,-3
2784150,3281,3278,-3
3058740,3282,3279,-3
2476150,3296,3293,-3
4001430,3297,3294,-3
1601130,3298,3295,-3
1651400,3299,3296,-3
4105860,3300,3297,-3
3386670,3304,3301,-3
4344000,3305,3302,-3
2294230,3310,3307,-3
1601320,3313,3310,-3
2960390,3314,3311,-3
1643800,3332,3329,-3
2354640,3334,3331,-3
1460790,3335,3332,-3
772260,3338,3335,-3
2923810,3340,3337,-3
2315900,3346,3343,-3
2253300,3351,3348,-3
3963860,3356,3353,-3
1162860,3398,3395,-3
3485200,3413,3410,-3
4693300,3419,3416,-3
3899920,3422,3419,-3
4724380,3434,3431,-3
2818820,3495,3492,-3
2397440,3500,3497,-3
2381860,3517,3514,-3
4051470,3540,3537,-3
3503500,3549,3546,-3
1670080,3573,3570,-3
3297860,3616,3613,-3
3618570,3629,3626,-3
4410710,3637,3634,-3
2646690,3646,3643,-3
2544740,3649,3646,-3
2838890,3651,3648,-3
3725830,3667,3664,-3
3368080,3688,3685,-3
2168120,3698,3695,-3
2468230,3713,3710,-3
1682690,3718,3715,-3
4650840,3732,3729,-3
1234880,3758,3755,-3
1897300,3762,3759,-3
4337230,3815,3812,-3
1349460,3827,3824,-3
3370180,3835,3832,-3
2069330,3837,3834,-3
4780280,3838,3835,-3
3591390,3848,3845,-3
3032970,3851,3848,-3
2515620,3864,3861,-3
2400650,3875,3872,-3
3493410,3881,3878,-3
2851050,3925,3922,-3
2535690,3926,3923,-3
1645560,3934,3931,-3
3819100,3948,3945,-3
2421080,3949,3946,-3
3045340,3952,3949,-3
2336690,3962,3959,-3
4975530,4015,4012,-3
4260540,4071,4068,-3
3603710,4085,4082,-3
2316420,4115,4112,-3
2816730,4118,4115,-3
3194090,4124,4121,-3
4033680,4181,4178,-3
2943470,4194,4191,-3
4057270,4201,4198,-3
2183100,4205,4202,-3
1477750,4209,4206,-3
3295420,4213,4210,-3
2008270,4214,4211,-3
4042150,4216,4213,-3
3004810,4218,4215,-3
1520740,4227,4224,-3
2475620,4230,4227,-3
4915490,4269,4266,-3
1105470,4333,4330,-3
2568890,4347,4344,-3
4849120,4351,4348,-3
2991520,4353,4350,-3
1278380,4360,4357,-3
1860580,4380,4377,-3
1692950,4386,4383,-3
3685330,4389,4386,-3
1426350,4401,4398,-3
3645540,4412,4409,-3
1888880,4414,4411,-3
3138060,4415,4412,-3
4938100,4416,4413,-3
3337120,4417,4414,-3
2538300,4425,4422,-3
1111740,4429,4426,-3
1977100,4497,4494,-3
3154490,4500,4497,-3
4053640,4528,4525,-3
4531290,4529,4526,-3
4536920,4645,4642,-3
2361950,4653,4650,-3
4669670,4718,4715,-3
4972950,4780,4777,-3
5019630,4798,4795,-3
3764180,4803,4800,-3
4838790,4924,4921,-3
4378240,4960,4957,-3
3361540,5042,5039,-3
4026590,5052,5049,-3
3689840,5120,5117,-3
4467420,5152,5149,-3
4451800,5189,5186,-3
3965960,5201,5198,-3
5063190,5219,5216,-3
4561550,5243,5240,-3
3907090,5268,5265,-3
3866420,5269,5266,-3
3393110,51,47,-4
3617830,355,351,-4
888780,386,382,-4
2082980,530,526,-4
3107870,535,531,-4
1113400,570,566,-4
1186430,602,598,-4
2573060,603,599,-4
3669430,638,634,-4
4119090,644,640,-4
3176500,659,655,-4
4461460,660,656,-4
3185060,661,657,-4
3948160,665,661,-4
2589980,666,662,-4
1167820,739,735,-4
3078760,740,736,-4
3370490,750,746,-4
2885330,773,769,-4
3264150,791,787,-4
4564150,800,796,-4
2788210,815,811,-4
3219360,822,818,-4
2372340,847,843,-4
3262820,868,864,-4
3459340,875,871,-4
1680780,932,928,-4
4045480,933,929,-4
2545200,964,960,-4
2571410,972,968,-4
1205660,988,984,-4
1257480,989,985,-4
1659360,990,986,-4
2601530,992,988,-4
3068720,996,992,-4
2601980,999,995,-4
1355900,1014,1010,-4
4784080,1015,1011,-4
3447460,1019,1015,-4
2370280,1067,1063,-4
2201470,1069,1065,-4
4374950,1100,1096,-4
3309550,1102,1098,-4
4295810,1103,1099,-4
2949750,1105,1101,-4
1918830,1122,1118,-4
2685100,1125,1121,-4
4310270,1126,1122,-4
575020,1127,1123,-4
3600170,1128,1124,-4
2175180,1133,1129,-4
4004820,1134,1130,-4
3794520,1170,1166,-4
2459030,1174,1170,-4
1999930,1181,1177,-4
3745920,1182,1178,-4
4117830,1185,1181,-4
3235000,1186,1182,-4
3361480,1196,1192,-4
1093810,1203,1199,-4
2281620,1234,1230,-4
1482470,1236,1232,-4
2546810,1241,1237,-4
3689540,1253,1249,-4
2728050,1259,1255,-4
2298250,1263,1259,-4
3278790,1267,1263,-4
3763470,1270,1266,-4
1468400,1272,1268,-4
1518330,1273,1269,-4
2853430,1281,1277,-4
3174780,1289,1285,-4
4420730,1292,1288,-4
2778110,1293,1289,-4
4060980,1297,1293,-4
2593980,1299,1295,-4
3831680,1300,1296,-4
2154780,1389,1385,-4
4193590,1417,1413,-4
1191960,1424,1420,-4
3136340,1425,1421,-4
1468110,1439,1435,-4
1253800,1486,1482,-4
2396760,1531,1527,-4
1797850,1534,1530,-4
1261370,1538,1534,-4
3209950,1545,1541,-4
1557140,1655,1651,-4
1522360,1656,1652,-4
1043850,1691,1687,-4
1576780,1698,1694,-4
2470790,1700,1696,-4
3900950,1706,1702,-4
2809200,1707,1703,-4
3366370,1714,1710,-4
2127730,1717,1713,-4
2275010,1723,1719,-4
1735880,1727,1723,-4
3410390,1730,1726,-4
3806350,1731,1727,-4
2618130,1734,1730,-4
3275210,1736,1732,-4
3695630,1737,1733,-4
4375420,1760,1756,-4
3814270,1769,1765,-4
2497020,1770,1766,-4
3188510,1773,1769,-4
1368180,1785,1781,-4
2640200,1787,1783,-4
1386720,1794,1790,-4
1652580,1796,1792,-4
2363280,1797,1793,-4
3502970,1800,1796,-4
3150620,1818,1814,-4
1193170,1819,1815,-4
3813870,1834,1830,-4
3485580,1850,1846,-4
3718500,1856,1852,-4
2937690,1857,1853,-4
1324400,1859,1855,-4
2780040,1863,1859,-4
2611240,1866,1862,-4
3855850,1867,1863,-4
3772990,1874,1870,-4
3045530,1875,1871,-4
355750,1879,1875,-4
2925520,1882,1878,-4
3989650,1883,1879,-4
1103820,1884,1880,-4
3607300,1885,1881,-4
3345260,1889,1885,-4
2578180,1893,1889,-4
3990360,1900,1896,-4
4138920,1901,1897,-4
3177760,1902,1898,-4
4151070,1903,1899,-4
3348210,1906,1902,-4
2537980,1907,1903,-4
2999040,1908,1904,-4
3372500,1910,1906,-4
1949610,1932,1928,-4
2301940,1948,1944,-4
2493130,1952,1948,-4
4159720,1955,1951,-4
4089520,1959,1955,-4
3212500,1964,1960,-4
2850290,1978,1974,-4
3514750,1979,1975,-4
1345450,1981,1977,-4
993960,2025,2021,-4
2691090,2027,2023,-4
4133290,2029,2025,-4
1852510,2032,2028,-4
4327490,2033,2029,-4
4505440,2038,2034,-4
792380,2043,2039,-4
4327300,2045,2041,-4
2092510,2088,2084,-4
2659980,2094,2090,-4
2714930,2106,2102,-4
4075740,2107,2103,-4
662340,2112,2108,-4
3040830,2182,2178,-4
4298700,2183,2179,-4
907500,2186,2182,-4
616780,2199,2195,-4
2104610,2205,2201,-4
2766240,2211,2207,-4
2087880,2215,2211,-4
1660440,2223,2219,-4
3182050,2231,2227,-4
1497910,2267,2263,-4
3367710,2306,2302,-4
3202730,2311,2307,-4
2791230,2317,2313,-4
2537020,2343,2339,-4
3855320,2370,2366,-4
2124500,2374,2370,-4
4012490,2375,2371,-4
1897030,2381,2377,-4
3144430,2382,2378,-4
1894120,2385,2381,-4
3897090,2386,2382,-4
4137270,2387,2383,-4
2435810,2390,2386,-4
791630,2391,2387,-4
2858120,2392,2388,-4
2420800,2401,2397,-4
2144500,2435,2431,-4
1764280,2444,2440,-4
3906360,2449,2445,-4
3509400,2454,2450,-4
3359110,2467,2463,-4
2985520,2492,2488,-4
4300400,2502,2498,-4
3795810,2517,2513,-4
4537820,2519,2515,-4
3787470,2526,2522,-4
3902160,2527,2523,-4
3826290,2528,2524,-4
2391610,2531,2527,-4
4349020,2541,2537,-4
4030970,2542,2538,-4
3353590,2544,2540,-4
2755950,2546,2542,-4
3567980,2547,2543,-4
4458440,2562,2558,-4
3348690,2563,2559,-4
3226830,2567,2563,-4
4436840,2570,2566,-4
1730460,2574,2570,-4
2976440,2582,2578,-4
3187240,2594,2590,-4
2789170,2599,2595,-4
2898770,2610,2606,-4
3357050,2611,2607,-4
2483700,2617,2613,-4
2838030,2619,2615,-4
2349840,2638,2634,-4
1151300,2640,2636,-4
1460010,2644,2640,-4
2477470,2646,2642,-4
3202220,2647,2643,-4
3307340,2648,2644,-4
3150160,2651,2647,-4
3002610,2692,2688,-4
2791970,2703,2699,-4
2160760,2705,2701,-4
1008340,2706,2702,-4
487500,2716,2712,-4
706680,2717,2713,-4
3358590,2720,2716,-4
3196270,2721,2717,-4
1464330,2724,2720,-4
2284840,2727,2723,-4
2782470,2728,2724,-4
1388270,2731,2727,-4
1953850,2736,2732,-4
1931930,2756,2752,-4
1015370,2758,2754,-4
2280360,2761,2757,-4
4231210,2762,2758,-4
1012870,2765,2761,-4
1953770,2779,2775,-4
2069890,2790,2786,-4
1273980,2799,2795,-4
3932580,2802,2798,-4
2095970,2806,2802,-4
2978690,2809,2805,-4
2649320,2810,2806,-4
1043110,2811,2807,-4
3146670,2820,2816,-4
4125860,2836,2832,-4
2509380,2860,2856,-4
1238390,2885,2881,-4
1874980,2888,2884,-4
3963220,2906,2902,-4
3165340,2909,2905,-4
2325860,2913,2909,-4
3530380,2918,2914,-4
2139090,2919,2915,-4
2502870,2929,2925,-4
2841600,2949,2945,-4
3586920,2957,2953,-4
4580030,2962,2958,-4
3949580,2972,2968,-4
3529090,2978,2974,-4
1826400,2998,2994,-4
3297800,3002,2998,-4
1120220,3016,3012,-4
3474620,3017,3013,-4
3227040,3053,3049,-4
2521800,3090,3086,-4
1818480,3120,3116,-4
2686820,3130,3126,-4
872450,3164,3160,-4
4004300,3172,3168,-4
2811620,3174,3170,-4
3766830,3189,3185,-4
1625220,3203,3199,-4
2859220,3233,3229,-4
2508550,3235,3231,-4
3151240,3247,3243,-4
1553590,3256,3252,-4
4566850,3260,3256,-4
4135570,3263,3259,-4
4693550,3264,3260,-4
1432340,3269,3265,-4
1217180,3279,3275,-4
1316440,3285,3281,-4
3269430,3295,3291,-4
2823570,3308,3304,-4
1747630,3320,3316,-4
4590810,3328,3324,-4
2792540,3330,3326,-4
1521250,3331,3327,-4
1158600,3353,3349,-4
2337180,3355,3351,-4
3554290,3360,3356,-4
1666480,3389,3385,-4
3727410,3397,3393,-4
3660860,3449,3445,-4
3741500,3459,3455,-4
719160,3461,3457,-4
1926720,3467,3463,-4
986520,3468,3464,-4
3314140,3490,3486,-4
1693350,3508,3504,-4
3367720,3522,3518,-4
1856810,3544,3540,-4
3446130,3547,3543,-4
3032140,3561,3557,-4
3965580,3572,3568,-4
2469560,3581,3577,-4
3672160,3582,3578,-4
4119150,3583,3579,-4
3324800,3584,3580,-4
4210370,3590,3586,-4
2204910,3600,3596,-4
3427370,3619,3615,-4
3299160,3626,3622,-4
2252710,3628,3624,-4
1187990,3631,3627,-4
2295150,3634,3630,-4
2570160,3635,3631,-4
1661480,3636,3632,-4
4332550,3648,3644,-4
3216150,3683,3679,-4
2106150,3685,3681,-4
2709420,3690,3686,-4
2259390,3691,3687,-4
3634710,3696,3692,-4
3017130,3706,3702,-4
3850590,3721,3717,-4
3241270,3725,3721,-4
3795570,3726,3722,-4
3480500,3734,3730,-4
4210670,3735,3731,-4
1369430,3740,3736,-4
2186420,3747,3743,-4
3925810,3750,3746,-4
3323970,3751,3747,-4
1202340,3755,3751,-4
2975130,3819,3815,-4
4402390,3820,3816,-4
2560330,3823,3819,-4
4624920,3830,3826,-4
3255820,3833,3829,-4
1617760,3840,3836,-4
1835570,3845,3841,-4
5010440,3857,3853,-4
2174060,3860,3856,-4
3181660,3866,3862,-4
3804010,3868,3864,-4
806750,3869,3865,-4
3792170,3886,3882,-4
3297040,3898,3894,-4
3732830,3917,3913,-4
2373130,3928,3924,-4
1778150,3930,3926,-4
1251960,3954,3950,-4
1906970,3955,3951,-4
1188850,3957,3953,-4
3973220,3965,3961,-4
878210,3966,3962,-4
4606460,4004,4000,-4
3301900,4081,4077,-4
1347230,4097,4093,-4
1342150,4128,4124,-4
3678350,4141,4137,-4
4574820,4162,4158,-4
3625060,4163,4159,-4
4651670,4173,4169,-4
4202300,4190,4186,-4
4327060,4199,4195,-4
2522740,4203,4199,-4
990970,4208,4204,-4
3767420,4224,4220,-4
1514280,4225,4221,-4
2809120,4234,4230,-4
3412110,4243,4239,-4
3665100,4290,4286,-4
4970540,4307,4303,-4
3367950,4311,4307,-4
1243550,4318,4314,-4
2472530,4330,4326,-4
4212660,4331,4327,-4
3255610,4344,4340,-4
1427080,4346,4342,-4
3512720,4355,4351,-4
3377200,4356,4352,-4
2657580,4376,4372,-4
4146090,4377,4373,-4
2190640,4382,4378,-4
3980250,4384,4380,-4
2455330,4388,4384,-4
1374750,4392,4388,-4
3985990,4399,4395,-4
592380,4404,4400,-4
4330750,4409,4405,-4
1518180,4482,4478,-4
4148080,4486,4482,-4
2002610,4496,4492,-4
2779310,4502,4498,-4
4100900,4507,4503,-4
4085920,4514,4510,-4
1840280,4519,4515,-4
3412860,4522,4518,-4
2967710,4623,4619,-4
2959830,4705,4701,-4
4787430,4754,4750,-4
5160990,4818,4814,-4
1664720,4867,4863,-4
3579630,4908,4904,-4
3891200,4944,4940,-4
3925240,5006,5002,-4
4727860,5100,5096,-4
3605330,5130,5126,-4
4808850,5164,5160,-4
2521500,5203,5199,-4
438210,5249,5245,-4
3077640,323,318,-5
4753290,637,632,-5
1748280,663,658,-5
3596040,664,659,-5
4346690,668,663,-5
3644020,669,664,-5
1937070,703,698,-5
4358270,735,730,-5
3551140,799,794,-5
3411810,963,958,-5
1774190,971,966,-5
2059980,980,975,-5
1815150,982,977,-5
2494020,986,981,-5
4261180,987,982,-5
1390760,995,990,-5
1920290,998,993,-5
2749920,1001,996,-5
2841710,1006,1001,-5
3195360,1021,1016,-5
3846360,1022,1017,-5
2513270,1023,1018,-5
2421000,1025,1020,-5
3620610,1026,1021,-5
2471680,1062,1057,-5
4417410,1132,1127,-5
2591230,1140,1135,-5
3727090,1141,1136,-5
1503170,1150,1145,-5
1387640,1163,1158,-5
2564450,1164,1159,-5
3424910,1165,1160,-5
3273260,1167,1162,-5
1868210,1177,1172,-5
3412600,1178,1173,-5
2202650,1179,1174,-5
1276510,1180,1175,-5
1752530,1184,1179,-5
3130110,1213,1208,-5
3856030,1214,1209,-5
2661310,1215,1210,-5
2384640,1216,1211,-5
971700,1249,1244,-5
4624650,1256,1251,-5
2257440,1265,1260,-5
1142570,1266,1261,-5
3819700,1269,1264,-5
3164360,1283,1278,-5
2666920,1305,1300,-5
1409460,1309,1304,-5
3736800,1427,1422,-5
4559400,1428,1423,-5
1435900,1432,1427,-5
3836490,1541,1536,-5
1120790,1548,1543,-5
2073150,1550,1545,-5
782940,1590,1585,-5
1157900,1690,1685,-5
4167640,1694,1689,-5
3404880,1696,1691,-5
847720,1697,1692,-5
2954590,1712,1707,-5
1705720,1729,1724,-5
1636680,1733,1728,-5
1892580,1748,1743,-5
4670880,1750,1745,-5
2139040,1757,1752,-5
2334320,1759,1754,-5
4563410,1762,1757,-5
3297110,1768,1763,-5
3710560,1791,1786,-5
3452720,1802,1797,-5
2499780,1808,1803,-5
812910,1821,1816,-5
2271150,1833,1828,-5
1773220,1841,1836,-5
4622160,1843,1838,-5
1354980,1869,1864,-5
1113080,1870,1865,-5
2611600,1872,1867,-5
1801140,1873,1868,-5
3299450,1888,1883,-5
2549040,1891,1886,-5
1635640,1892,1887,-5
4882500,1895,1890,-5
2352230,1899,1894,-5
3705900,1915,1910,-5
3377830,1919,1914,-5
4198840,1920,1915,-5
3488690,1928,1923,-5
3693970,1930,1925,-5
1334230,1936,1931,-5
2718320,1942,1937,-5
2165530,1945,1940,-5
2640150,1947,1942,-5
3892510,1961,1956,-5
884670,1966,1961,-5
1983910,1987,1982,-5
1800250,1989,1984,-5
3380990,1990,1985,-5
1865770,1991,1986,-5
3966570,1992,1987,-5
2259590,1993,1988,-5
1236170,1994,1989,-5
1697770,1998,1993,-5
2427530,2000,1995,-5
4203280,2001,1996,-5
3045520,2002,1997,-5
1826380,2003,1998,-5
2615420,2011,2006,-5
3340830,2013,2008,-5
3832660,2017,2012,-5
4003030,2018,2013,-5
3352140,2024,2019,-5
1425660,2031,2026,-5
3168520,2035,2030,-5
2874540,2037,2032,-5
1823300,2041,2036,-5
2396130,2042,2037,-5
2984150,2080,2075,-5
1898110,2082,2077,-5
2584740,2084,2079,-5
2356810,2093,2088,-5
2451390,2099,2094,-5
2678670,2103,2098,-5
3019200,2114,2109,-5
2963650,2115,2110,-5
3383670,2117,2112,-5
3824720,2122,2117,-5
3564410,2132,2127,-5
4332870,2144,2139,-5
2876290,2163,2158,-5
1179280,2177,2172,-5
1440340,2178,2173,-5
2410360,2179,2174,-5
3008590,2181,2176,-5
3529910,2185,2180,-5
2979500,2188,2183,-5
1355060,2190,2185,-5
4234320,2194,2189,-5
2845310,2203,2198,-5
3950440,2210,2205,-5
2941630,2213,2208,-5
1535520,2214,2209,-5
1568550,2217,2212,-5
4380740,2218,2213,-5
1562030,2219,2214,-5
2636060,2220,2215,-5
4043810,2222,2217,-5
3396160,2225,2220,-5
1587600,2226,2221,-5
1285720,2252,2247,-5
4031300,2314,2309,-5
3061730,2315,2310,-5
1700930,2316,2311,-5
3680470,2319,2314,-5
2496590,2332,2327,-5
4433800,2338,2333,-5
4428600,2346,2341,-5
2707980,2347,2342,-5
4078800,2348,2343,-5
3309160,2351,2346,-5
3637250,2358,2353,-5
2362040,2377,2372,-5
1962360,2378,2373,-5
2257830,2379,2374,-5
2853290,2384,2379,-5
1558030,2394,2389,-5
2994600,2396,2391,-5
4143700,2438,2433,-5
2725610,2446,2441,-5
1592200,2447,2442,-5
2302770,2453,2448,-5
2983480,2463,2458,-5
3853110,2466,2461,-5
2068380,2471,2466,-5
4768240,2478,2473,-5
1462160,2481,2476,-5
3299850,2500,2495,-5
2446620,2505,2500,-5
1532910,2530,2525,-5
3235150,2533,2528,-5
2749050,2540,2535,-5
3252240,2549,2544,-5
3875670,2560,2555,-5
1635500,2569,2564,-5
2371430,2578,2573,-5
2575040,2581,2576,-5
1327200,2587,2582,-5
2331140,2588,2583,-5
2066740,2596,2591,-5
4463570,2598,2593,-5
3897280,2601,2596,-5
4044990,2608,2603,-5
1553640,2621,2616,-5
4111300,2625,2620,-5
1237250,2633,2628,-5
3918250,2636,2631,-5
3105190,2650,2645,-5
3465440,2681,2676,-5
3625840,2689,2684,-5
1833210,2690,2685,-5
1878730,2691,2686,-5
2706660,2696,2691,-5
3723830,2697,2692,-5
4084180,2698,2693,-5
1765920,2699,2694,-5
2197240,2700,2695,-5
3102220,2702,2697,-5
1485640,2708,2703,-5
4307930,2711,2706,-5
1726560,2712,2707,-5
2138340,2713,2708,-5
2640750,2715,2710,-5
2136340,2726,2721,-5
2541560,2733,2728,-5
2363160,2738,2733,-5
3722090,2739,2734,-5
1174510,2742,2737,-5
3610210,2743,2738,-5
2850910,2744,2739,-5
4606560,2746,2741,-5
3862790,2781,2776,-5
1612190,2789,2784,-5
2659040,2798,2793,-5
3115480,2808,2803,-5
2662730,2822,2817,-5
3420280,2865,2860,-5
1261360,2881,2876,-5
3149550,2891,2886,-5
2449700,2899,2894,-5
2570110,2904,2899,-5
2669780,2908,2903,-5
1547010,2959,2954,-5
526720,2960,2955,-5
2294970,2968,2963,-5
4200800,2974,2969,-5
3145650,2996,2991,-5
4285930,2997,2992,-5
1231210,3005,3000,-5
3731270,3006,3001,-5
3237240,3028,3023,-5
1122170,3031,3026,-5
924380,3032,3027,-5
3742720,3033,3028,-5
2907400,3034,3029,-5
4548190,3035,3030,-5
2629170,3038,3033,-5
2696550,3046,3041,-5
3338280,3051,3046,-5
2455710,3088,3083,-5
3661400,3089,3084,-5
3250400,3102,3097,-5
1345720,3106,3101,-5
1472430,3115,3110,-5
3361950,3144,3139,-5
4760900,3146,3141,-5
1476040,3147,3142,-5
1985940,3148,3143,-5
1813230,3153,3148,-5
1271900,3168,3163,-5
1630460,3171,3166,-5
2731550,3180,3175,-5
1383660,3193,3188,-5
4339210,3201,3196,-5
3834300,3221,3216,-5
4466790,3232,3227,-5
2542850,3237,3232,-5
3578820,3239,3234,-5
3282600,3252,3247,-5
3327160,3259,3254,-5
2337990,3268,3263,-5
3009720,3271,3266,-5
1556070,3276,3271,-5
744200,3293,3288,-5
1298200,3294,3289,-5
4262380,3303,3298,-5
3342470,3347,3342,-5
2096450,3349,3344,-5
1218780,3350,3345,-5
3261140,3362,3357,-5
4914860,3370,3365,-5
1742740,3394,3389,-5
2111430,3395,3390,-5
2557740,3410,3405,-5
1637560,3411,3406,-5
1790350,3412,3407,-5
1953430,3414,3409,-5
2459560,3423,3418,-5
2863300,3432,3427,-5
1679000,3453,3448,-5
3684530,3456,3451,-5
2745050,3463,3458,-5
3058760,3472,3467,-5
3532690,3474,3469,-5
4013410,3480,3475,-5
3036360,3504,3499,-5
2488900,3507,3502,-5
1334280,3510,3505,-5
4523310,3511,3506,-5
3177730,3516,3511,-5
4230390,3518,3513,-5
1303850,3521,3516,-5
3842660,3537,3532,-5
2466350,3541,3536,-5
2456820,3546,3541,-5
2358120,3552,3547,-5
4299460,3567,3562,-5
3454860,3570,3565,-5
3810240,3594,3589,-5
2225260,3603,3598,-5
3374020,3621,3616,-5
1685740,3641,3636,-5
4163130,3650,3645,-5
1037170,3654,3649,-5
4450440,3661,3656,-5
3145850,3662,3657,-5
3585490,3663,3658,-5
1847850,3666,3661,-5
2084210,3670,3665,-5
4272100,3671,3666,-5
2868080,3677,3672,-5
2445430,3678,3673,-5
893670,3687,3682,-5
4546760,3695,3690,-5
2603550,3701,3696,-5
4350100,3710,3705,-5
3074730,3714,3709,-5
1620420,3716,3711,-5
4267780,3728,3723,-5
3814050,3739,3734,-5
2393870,3743,3738,-5
3696210,3749,3744,-5
2244350,3761,3756,-5
3779800,3772,3767,-5
2572590,3776,3771,-5
2266750,3785,3780,-5
3274560,3789,3784,-5
4980400,3797,3792,-5
2484890,3804,3799,-5
3155670,3822,3817,-5
3839720,3825,3820,-5
3142500,3826,3821,-5
3541490,3844,3839,-5
3063720,3859,3854,-5
2533000,3894,3889,-5
2429600,3895,3890,-5
2895500,3904,3899,-5
2706090,3915,3910,-5
3433110,3916,3911,-5
2371490,3941,3936,-5
2183820,3943,3938,-5
1701160,3944,3939,-5
1328720,3945,3940,-5
4145380,3946,3941,-5
3489220,3961,3956,-5
3552590,3971,3966,-5
3844300,3995,3990,-5
2431740,4046,4041,-5
5039320,4054,4049,-5
3350860,4059,4054,-5
3380880,4065,4060,-5
2111370,4075,4070,-5
1947890,4076,4071,-5
2447370,4088,4083,-5
4120090,4089,4084,-5
948000,4093,4088,-5
1446790,4144,4139,-5
2518610,4151,4146,-5
3661500,4170,4165,-5
4362480,4176,4171,-5
4084400,4188,4183,-5
490360,4202,4197,-5
3988100,4212,4207,-5
1563250,4217,4212,-5
3195940,4219,4214,-5
2938540,4221,4216,-5
3861740,4222,4217,-5
3176890,4240,4235,-5
1649670,4242,4237,-5
1769200,4245,4240,-5
1478260,4257,4252,-5
3378130,4263,4258,-5
4311980,4270,4265,-5
1794750,4284,4279,-5
3303870,4287,4282,-5
2120560,4288,4283,-5
3008890,4289,4284,-5
2993240,4295,4290,-5
2705830,4297,4292,-5
4198020,4305,4300,-5
2648940,4306,4301,-5
2278180,4322,4317,-5
2921670,4334,4329,-5
2847820,4340,4335,-5
3635740,4350,4345,-5
3554370,4352,4347,-5
1423820,4371,4366,-5
2539940,4373,4368,-5
1175350,4387,4382,-5
1141060,4390,4385,-5
3985990,4400,4395,-5
4455920,4406,4401,-5
1648531,4428,4423,-5
3620350,4430,4425,-5
1215170,4432,4427,-5
4382680,4440,4435,-5
2769340,4474,4469,-5
2368030,4476,4471,-5
630440,4490,4485,-5
1568520,4492,4487,-5
2989840,4495,4490,-5
3850070,4509,4504,-5
2676990,4512,4507,-5
3453900,4577,4572,-5
2357610,4617,4612,-5
4192080,4719,4714,-5
4745080,4764,4759,-5
2982540,4813,4808,-5
1174770,4822,4817,-5
3327880,4823,4818,-5
3049830,4826,4821,-5
4965860,4874,4869,-5
4163520,4898,4893,-5
4253020,4984,4979,-5
3871570,5057,5052,-5
4800890,5075,5070,-5
3919130,5090,5085,-5
3657320,5106,5101,-5
720830,5133,5128,-5
2302120,656,650,-6
3078140,738,732,-6
3845010,816,810,-6
2444760,819,813,-6
2945040,820,814,-6
1158190,965,959,-6
2700560,968,962,-6
2861090,969,963,-6
3370970,979,973,-6
3681260,984,978,-6
1707680,985,979,-6
3264980,1008,1002,-6
2824520,1009,1003,-6
2441590,1010,1004,-6
3251540,1012,1006,-6
2795110,1013,1007,-6
2155140,1018,1012,-6
4529850,1143,1137,-6
1579210,1145,1139,-6
4167200,1146,1140,-6
4327900,1148,1142,-6
2830070,1149,1143,-6
1874090,1153,1147,-6
2565010,1154,1148,-6
4127280,1156,1150,-6
2495320,1158,1152,-6
3542500,1159,1153,-6
2027760,1162,1156,-6
2152570,1169,1163,-6
1826020,1242,1236,-6
3466240,1251,1245,-6
1717730,1262,1256,-6
1445190,1268,1262,-6
2379820,1271,1265,-6
1065740,1304,1298,-6
1487570,1530,1524,-6
1159150,1699,1693,-6
2349420,1703,1697,-6
3950940,1722,1716,-6
2628450,1728,1722,-6
3519500,1735,1729,-6
4859500,1740,1734,-6
2334600,1741,1735,-6
473750,1742,1736,-6
2911270,1747,1741,-6
3170130,1756,1750,-6
1292510,1761,1755,-6
1689130,1765,1759,-6
3071440,1766,1760,-6
2329070,1788,1782,-6
3622350,1804,1798,-6
2185250,1805,1799,-6
3638680,1815,1809,-6
1066740,1832,1826,-6
1188870,1837,1831,-6
1725980,1848,1842,-6
1876420,1854,1848,-6
3139290,1897,1891,-6
1303090,1898,1892,-6
3966800,1911,1905,-6
757550,1917,1911,-6
4088520,1918,1912,-6
2953540,1922,1916,-6
1040240,1923,1917,-6
3448070,1933,1927,-6
1043460,1938,1932,-6
1449820,1960,1954,-6
3866080,1965,1959,-6
3251280,1968,1962,-6
4363380,1969,1963,-6
3260240,1971,1965,-6
4203890,1977,1971,-6
1368160,1984,1978,-6
2541930,1996,1990,-6
2211000,1997,1991,-6
2425200,2015,2009,-6
1502460,2020,2014,-6
3720040,2021,2015,-6
1858700,2028,2022,-6
2431790,2030,2024,-6
2946140,2079,2073,-6
1794000,2119,2113,-6
3260830,2139,2133,-6
3219390,2160,2154,-6
3053990,2161,2155,-6
1264390,2162,2156,-6
3003430,2165,2159,-6
2440350,2167,2161,-6
3660360,2174,2168,-6
4337710,2196,2190,-6
1506730,2208,2202,-6
3601860,2209,2203,-6
4425140,2212,2206,-6
2709910,2230,2224,-6
2825330,2262,2256,-6
3438610,2318,2312,-6
2540650,2331,2325,-6
1425780,2334,2328,-6
2882850,2340,2334,-6
1241390,2344,2338,-6
4015070,2350,2344,-6
4610740,2363,2357,-6
17750,2367,2361,-6
3867080,2369,2363,-6
4198610,2373,2367,-6
904850,2427,2421,-6
4484810,2440,2434,-6
2404960,2441,2435,-6
2592230,2452,2446,-6
594230,2458,2452,-6
3921010,2465,2459,-6
2471330,2468,2462,-6
4187860,2484,2478,-6
2007430,2566,2560,-6
1678350,2580,2574,-6
2752090,2603,2597,-6
1339490,2618,2612,-6
2886300,2652,2646,-6
3539320,2654,2648,-6
4047520,2668,2662,-6
3027860,2687,2681,-6
2558300,2695,2689,-6
2543460,2710,2704,-6
2799050,2753,2747,-6
1798110,2784,2778,-6
3040930,2816,2810,-6
1672790,2828,2822,-6
1809090,2829,2823,-6
3677310,2831,2825,-6
1555960,2833,2827,-6
2760720,2864,2858,-6
3594550,2901,2895,-6
2544730,2916,2910,-6
1104800,2955,2949,-6
2366250,2963,2957,-6
1545510,2965,2959,-6
3549280,2970,2964,-6
3713620,2976,2970,-6
3202290,2981,2975,-6
796530,3020,3014,-6
801140,3026,3020,-6
2473720,3027,3021,-6
2140540,3030,3024,-6
2903980,3037,3031,-6
1742390,3040,3034,-6
1244600,3041,3035,-6
2217860,3048,3042,-6
2989890,3049,3043,-6
4051800,3050,3044,-6
1264620,3058,3052,-6
4218720,3059,3053,-6
2110000,3061,3055,-6
2218060,3066,3060,-6
3639510,3069,3063,-6
4682620,3081,3075,-6
2002840,3093,3087,-6
3438910,3100,3094,-6
4539340,3110,3104,-6
4336530,3111,3105,-6
2904120,3112,3106,-6
3548510,3125,3119,-6
4451260,3135,3129,-6
3942400,3170,3164,-6
4320430,3224,3218,-6
2341620,3273,3267,-6
3254200,3275,3269,-6
3596730,3280,3274,-6
741340,3286,3280,-6
2079210,3326,3320,-6
3440740,3352,3346,-6
3129790,3366,3360,-6
3654740,3369,3363,-6
4476270,3372,3366,-6
2210240,3381,3375,-6
1320170,3400,3394,-6
3733710,3402,3396,-6
2139330,3417,3411,-6
1122160,3418,3412,-6
1426870,3427,3421,-6
3617120,3439,3433,-6
3755890,3440,3434,-6
2448010,3465,3459,-6
2802730,3466,3460,-6
2584510,3471,3465,-6
3959900,3484,3478,-6
2483660,3488,3482,-6
1129360,3497,3491,-6
1852360,3506,3500,-6
1655750,3509,3503,-6
2684840,3513,3507,-6
1066390,3514,3508,-6
2317700,3523,3517,-6
3115420,3525,3519,-6
3343970,3526,3520,-6
3969610,3532,3526,-6
2862770,3534,3528,-6
2886060,3550,3544,-6
2727360,3551,3545,-6
1487300,3554,3548,-6
1410470,3555,3549,-6
2177230,3577,3571,-6
2535850,3587,3581,-6
2939100,3591,3585,-6
2344680,3593,3587,-6
4235170,3606,3600,-6
3254300,3613,3607,-6
1395380,3615,3609,-6
3211560,3623,3617,-6
1402650,3627,3621,-6
3104430,3643,3637,-6
1151980,3645,3639,-6
2405640,3694,3688,-6
3351230,3699,3693,-6
3714430,3703,3697,-6
2939680,3705,3699,-6
1301820,3712,3706,-6
2723370,3724,3718,-6
2446020,3730,3724,-6
3874040,3741,3735,-6
2898700,3745,3739,-6
1234330,3746,3740,-6
1411900,3766,3760,-6
3575850,3802,3796,-6
3556370,3834,3828,-6
980700,3858,3852,-6
2200340,3883,3877,-6
3824840,3892,3886,-6
2247220,3901,3895,-6
2667830,3903,3897,-6
3224290,3908,3902,-6
4041730,3909,3903,-6
765700,3953,3947,-6
2823840,3960,3954,-6
3713240,3969,3963,-6
2778290,3970,3964,-6
2195450,3975,3969,-6
4129440,3983,3977,-6
1350370,3984,3978,-6
3113690,3987,3981,-6
1684460,3992,3986,-6
1490990,3997,3991,-6
3230120,3998,3992,-6
3742840,3999,3993,-6
3431190,4000,3994,-6
4157340,4003,3997,-6
4193300,4009,4003,-6
4544660,4031,4025,-6
1448620,4052,4046,-6
4271620,4056,4050,-6
643370,4058,4052,-6
2114160,4062,4056,-6
2268520,4087,4081,-6
3437690,4098,4092,-6
3253950,4113,4107,-6
1891250,4114,4108,-6
2851800,4120,4114,-6
1205570,4122,4116,-6
3910020,4123,4117,-6
2657240,4134,4128,-6
2893550,4135,4129,-6
3248310,4136,4130,-6
2245130,4147,4141,-6
1402940,4153,4147,-6
3411060,4155,4149,-6
3703750,4168,4162,-6
4443290,4174,4168,-6
2822110,4185,4179,-6
2715880,4195,4189,-6
2828650,4196,4190,-6
4656880,4200,4194,-6
3952330,4262,4256,-6
2357970,4265,4259,-6
4254050,4266,4260,-6
2482980,4293,4287,-6
2233430,4299,4293,-6
3588570,4303,4297,-6
2250330,4319,4313,-6
1710960,4321,4315,-6
2765070,4325,4319,-6
3299870,4326,4320,-6
1302770,4329,4323,-6
4121840,4337,4331,-6
3734580,4338,4332,-6
2873070,4339,4333,-6
1897950,4345,4339,-6
3583700,4359,4353,-6
3878840,4368,4362,-6
1589700,4370,4364,-6
887680,4381,4375,-6
1269700,4385,4379,-6
4562750,4393,4387,-6
1641190,4413,4407,-6
1625630,4424,4418,-6
3450900,4439,4433,-6
3645170,4449,4443,-6
2627420,4463,4457,-6
3656760,4473,4467,-6
3003760,4487,4481,-6
3937330,4494,4488,-6
3927750,4499,4493,-6
3019490,4505,4499,-6
2571560,4518,4512,-6
1884660,4537,4531,-6
3776020,4605,4599,-6
4615580,4615,4609,-6
3480890,4616,4610,-6
3495250,4620,4614,-6
4785910,4646,4640,-6
4540480,4699,4693,-6
3903580,4742,4736,-6
2555470,4744,4738,-6
3564580,4748,4742,-6
4220870,4777,4771,-6
3082660,4802,4796,-6
1389140,4815,4809,-6
3126480,4817,4811,-6
1496170,4829,4823,-6
3004130,4833,4827,-6
3830080,4838,4832,-6
1685630,4839,4833,-6
4525800,4890,4884,-6
4507410,4914,4908,-6
2050090,4951,4945,-6
5047180,4968,4962,-6
2920940,4973,4967,-6
3137010,5028,5022,-6
3582500,5053,5047,-6
2239230,5054,5048,-6
3017360,5065,5059,-6
3648480,5094,5088,-6
2883390,5109,5103,-6
4624510,5145,5139,-6
3613550,5160,5154,-6
4996280,5172,5166,-6
4522410,5188,5182,-6
3559990,5215,5209,-6
5038420,5226,5220,-6
3878180,5227,5221,-6
2113070,5230,5224,-6
646030,5237,5231,-6
3025620,5253,5247,-6
1606970,827,820,-7
3788110,1016,1009,-7
2415500,1161,1154,-7
2974510,1168,1161,-7
3082730,1171,1164,-7
4808030,1172,1165,-7
4354610,1175,1168,-7
2687200,1176,1169,-7
1428600,1246,1239,-7
3258580,1257,1250,-7
2518790,1290,1283,-7
1384180,1291,1284,-7
4528040,1744,1737,-7
2809220,1745,1738,-7
1537440,1746,1739,-7
3323210,1753,1746,-7
3088510,1754,1747,-7
4463840,1755,1748,-7
2246370,1758,1751,-7
2076210,1807,1800,-7
2523380,1811,1804,-7
2218540,1812,1805,-7
3683940,1814,1807,-7
3608830,1914,1907,-7
2415000,1937,1930,-7
2864310,1941,1934,-7
2932450,1946,1939,-7
1313210,1950,1943,-7
4188680,1975,1968,-7
2614590,2008,2001,-7
1123240,2014,2007,-7
4296370,2121,2114,-7
1973760,2131,2124,-7
4540260,2135,2128,-7
3676080,2150,2143,-7
3597340,2156,2149,-7
2299940,2164,2157,-7
2476630,2171,2164,-7
2324410,2176,2169,-7
2551970,2333,2326,-7
3570350,2342,2335,-7
864170,2362,2355,-7
2928040,2376,2369,-7
1412810,2439,2432,-7
2928190,2443,2436,-7
2131290,2445,2438,-7
3106050,2460,2453,-7
1223030,2462,2455,-7
2527970,2518,2511,-7
1681140,2552,2545,-7
3363050,2556,2549,-7
3143510,2568,2561,-7
4755250,2576,2569,-7
1749810,2609,2602,-7
1997330,2656,2649,-7
2732480,2676,2669,-7
3561600,2680,2673,-7
3126170,2685,2678,-7
3754920,2686,2679,-7
1784650,2757,2750,-7
3284220,2780,2773,-7
1185380,2788,2781,-7
2024400,2815,2808,-7
3866230,2905,2898,-7
3114850,2951,2944,-7
1103610,2954,2947,-7
3062060,2973,2966,-7
3450100,3022,3015,-7
3045220,3024,3017,-7
1372780,3025,3018,-7
2076310,3029,3022,-7
2688960,3043,3036,-7
3531220,3052,3045,-7
2791260,3054,3047,-7
2003070,3057,3050,-7
1979350,3063,3056,-7
1580740,3076,3069,-7
3780430,3077,3070,-7
2996650,3084,3077,-7
3581140,3087,3080,-7
2264780,3092,3085,-7
2387740,3098,3091,-7
3180000,3105,3098,-7
2527940,3109,3102,-7
2967220,3114,3107,-7
3312310,3116,3109,-7
2616650,3138,3131,-7
2577730,3139,3132,-7
1377050,3143,3136,-7
4364150,3200,3193,-7
4121220,3205,3198,-7
3956540,3209,3202,-7
3873720,3249,3242,-7
2524780,3251,3244,-7
3866890,3262,3255,-7
2241660,3371,3364,-7
1372650,3374,3367,-7
1737740,3375,3368,-7
1437790,3379,3372,-7
2395960,3380,3373,-7
3371070,3390,3383,-7
3857790,3391,3384,-7
3041220,3393,3386,-7
2168480,3399,3392,-7
2273650,3405,3398,-7
2331340,3407,3400,-7
1583020,3408,3401,-7
1930630,3409,3402,-7
3429190,3420,3413,-7
3676250,3421,3414,-7
3123670,3424,3417,-7
2531570,3430,3423,-7
4041580,3431,3424,-7
3664840,3433,3426,-7
3824290,3436,3429,-7
3820550,3445,3438,-7
3986110,3448,3441,-7
700720,3451,3444,-7
4435590,3457,3450,-7
2521660,3473,3466,-7
3197360,3486,3479,-7
1578870,3487,3480,-7
1846570,3502,3495,-7
3834910,3505,3498,-7
1505310,3519,3512,-7
1835080,3528,3521,-7
3568740,3536,3529,-7
1914710,3563,3556,-7
3338980,3568,3561,-7
2606300,3589,3582,-7
2165130,3595,3588,-7
2211130,3597,3590,-7
3664200,3598,3591,-7
3115330,3599,3592,-7
3469290,3608,3601,-7
3205960,3609,3602,-7
3168110,3610,3603,-7
2493050,3611,3604,-7
4762110,3632,3625,-7
2231820,3682,3675,-7
1123160,3711,3704,-7
1156490,3748,3741,-7
1621900,3764,3757,-7
4626170,3768,3761,-7
3196750,3792,3785,-7
2216850,3794,3787,-7
4289470,3798,3791,-7
4142530,3810,3803,-7
4465510,3813,3806,-7
2588830,3817,3810,-7
1599170,3818,3811,-7
1096090,3849,3842,-7
1620240,3850,3843,-7
1967440,3854,3847,-7
2822770,3856,3849,-7
1884610,3891,3884,-7
3873360,3911,3904,-7
3537940,3912,3905,-7
3653890,3914,3907,-7
1931820,3974,3967,-7
2140200,3977,3970,-7
3845650,3981,3974,-7
291750,3982,3975,-7
1235470,3986,3979,-7
1970220,3990,3983,-7
3863960,3991,3984,-7
3942630,3996,3989,-7
1504820,4005,3998,-7
3411360,4033,4026,-7
2298660,4036,4029,-7
4453420,4037,4030,-7
2817760,4038,4031,-7
2742230,4064,4057,-7
3633340,4068,4061,-7
3187560,4069,4062,-7
4189490,4086,4079,-7
2749880,4092,4085,-7
1441100,4106,4099,-7
3788210,4109,4102,-7
3166960,4116,4109,-7
2345340,4117,4110,-7
3574740,4127,4120,-7
718550,4152,4145,-7
1058030,4158,4151,-7
3325720,4177,4170,-7
1601770,4187,4180,-7
3376600,4192,4185,-7
3562050,4236,4229,-7
1922500,4249,4242,-7
1354450,4260,4253,-7
3444810,4261,4254,-7
3067170,4268,4261,-7
2773560,4301,4294,-7
3312710,4309,4302,-7
1827260,4317,4310,-7
3407480,4328,4321,-7
1963490,4332,4325,-7
4214130,4341,4334,-7
2515110,4361,4354,-7
1420420,4374,4367,-7
1236820,4383,4376,-7
1612560,4396,4389,-7
3485290,4398,4391,-7
3397010,4403,4396,-7
1502050,4431,4424,-7
2336170,4435,4428,-7
3903610,4436,4429,-7
4359200,4437,4430,-7
3153900,4438,4431,-7
2144810,4446,4439,-7
1291070,4462,4455,-7
1991060,4472,4465,-7
1975640,4481,4474,-7
3810210,4513,4506,-7
1501730,4516,4509,-7
2991380,4526,4519,-7
1556400,4527,4520,-7
1802810,4534,4527,-7
3228430,4535,4528,-7
3468090,4536,4529,-7
4002600,4552,4545,-7
4351460,4564,4557,-7
3495980,4609,4602,-7
3878040,4630,4623,-7
4884070,4685,4678,-7
1460950,4701,4694,-7
4296450,4706,4699,-7
4253280,4712,4705,-7
2058070,4713,4706,-7
665720,4715,4708,-7
3770820,4723,4716,-7
3972870,4734,4727,-7
3398670,4738,4731,-7
3975250,4741,4734,-7
4141760,4758,4751,-7
3431620,4760,4753,-7
4584160,4809,4802,-7
1680800,4810,4803,-7
2475170,4812,4805,-7
3159860,4827,4820,-7
2275760,4831,4824,-7
3984400,4832,4825,-7
3720060,4835,4828,-7
2147700,4837,4830,-7
4483020,4854,4847,-7
3520120,4888,4881,-7
2889330,4954,4947,-7
3738310,4976,4969,-7
3133210,4997,4990,-7
4822650,5025,5018,-7
2817050,5060,5053,-7
3913930,5061,5054,-7
1252720,5064,5057,-7
2374990,5072,5065,-7
3305820,5085,5078,-7
2641720,5098,5091,-7
2881750,5107,5100,-7
4896980,5112,5105,-7
3235570,5122,5115,-7
3490760,5128,5121,-7
3013750,5140,5133,-7
2365350,5204,5197,-7
3693380,5214,5207,-7
4076560,5221,5214,-7
1516130,5232,5225,-7
2976250,5235,5228,-7
1598150,5239,5232,-7
2100510,5240,5233,-7
616580,5241,5234,-7
1621890,5257,5250,-7
3367020,5260,5253,-7
2906440,5262,5255,-7
3353840,5284,5277,-7
4850180,5299,5292,-7
1958160,1255,1247,-8
2022610,1288,1280,-8
1641040,1739,1731,-8
4683590,1752,1744,-8
2642390,1849,1841,-8
2383240,1921,1913,-8
3130880,1926,1918,-8
1936310,1927,1919,-8
988960,1929,1921,-8
2007350,1934,1926,-8
3863810,1972,1964,-8
1721590,1974,1966,-8
2640920,2010,2002,-8
2069170,2123,2115,-8
2761800,2126,2118,-8
3797460,2127,2119,-8
3830320,2128,2120,-8
1170580,2129,2121,-8
1335780,2130,2122,-8
3260040,2134,2126,-8
3846210,2142,2134,-8
1570220,2168,2160,-8
1781190,2173,2165,-8
3258010,2324,2316,-8
1695530,2325,2317,-8
2755270,2329,2321,-8
3495990,2345,2337,-8
4073320,2355,2347,-8
2801940,2366,2358,-8
1033540,2368,2360,-8
2470990,2372,2364,-8
4077880,2573,2565,-8
2244780,2606,2598,-8
287820,2658,2650,-8
3872160,2678,2670,-8
2457920,2688,2680,-8
3357950,2748,2740,-8
2098690,2826,2818,-8
1536440,2827,2819,-8
2866330,2832,2824,-8
2850840,2863,2855,-8
3203340,2896,2888,-8
2923500,2897,2889,-8
2466000,2969,2961,-8
4299260,3062,3054,-8
981720,3072,3064,-8
4726580,3073,3065,-8
4521710,3082,3074,-8
1393630,3086,3078,-8
2879320,3096,3088,-8
1222150,3103,3095,-8
1132530,3108,3100,-8
2744110,3119,3111,-8
826640,3142,3134,-8
2026450,3169,3161,-8
1145440,3198,3190,-8
1948420,3202,3194,-8
3715810,3222,3214,-8
4130370,3227,3219,-8
1749400,3229,3221,-8
4483900,3238,3230,-8
2783830,3241,3233,-8
2412740,3244,3236,-8
3133220,3246,3238,-8
2563880,3248,3240,-8
3253930,3253,3245,-8
1331290,3258,3250,-8
4085850,3377,3369,-8
717930,3378,3370,-8
3049840,3388,3380,-8
1434840,3416,3408,-8
1250090,3438,3430,-8
2551590,3450,3442,-8
2397810,3460,3452,-8
3925730,3470,3462,-8
2669590,3491,3483,-8
4268970,3493,3485,-8
4295090,3498,3490,-8
3005660,3501,3493,-8
4247440,3531,3523,-8
1547880,3535,3527,-8
4541920,3539,3531,-8
2679040,3574,3566,-8
1429620,3618,3610,-8
3855640,3675,3667,-8
1545500,3697,3689,-8
3721530,3733,3725,-8
1983360,3757,3749,-8
3715690,3771,3763,-8
1353030,3773,3765,-8
1619870,3774,3766,-8
1839980,3778,3770,-8
3564520,3781,3773,-8
1054820,3782,3774,-8
3357160,3786,3778,-8
724930,3791,3783,-8
4176620,3805,3797,-8
3383030,3808,3800,-8
1475120,3809,3801,-8
2363840,3812,3804,-8
2716980,3816,3808,-8
3531170,3821,3813,-8
4219700,3846,3838,-8
2056130,3852,3844,-8
1852910,3922,3914,-8
2727520,3976,3968,-8
3934590,3979,3971,-8
4523820,3980,3972,-8
1534720,3988,3980,-8
1566440,4007,3999,-8
4197390,4013,4005,-8
3768880,4014,4006,-8
3680200,4017,4009,-8
2193530,4028,4020,-8
4028060,4032,4024,-8
4265830,4040,4032,-8
1962010,4063,4055,-8
1836840,4074,4066,-8
2988160,4080,4072,-8
1706100,4082,4074,-8
2596940,4084,4076,-8
2907090,4103,4095,-8
3657070,4108,4100,-8
1724990,4121,4113,-8
2868520,4126,4118,-8
3091860,4133,4125,-8
3562370,4140,4132,-8
2258070,4150,4142,-8
1896000,4156,4148,-8
2372120,4161,4153,-8
2561650,4171,4163,-8
1056680,4241,4233,-8
4328320,4272,4264,-8
2995570,4277,4269,-8
3290590,4283,4275,-8
1501510,4304,4296,-8
3722850,4324,4316,-8
2130010,4363,4355,-8
1681830,4407,4399,-8
1153750,4411,4403,-8
3640890,4442,4434,-8
2511300,4445,4437,-8
2228000,4454,4446,-8
2370560,4455,4447,-8
2731720,4457,4449,-8
2191720,4459,4451,-8
2531840,4466,4458,-8
2270610,4467,4459,-8
2817960,4470,4462,-8
3172160,4480,4472,-8
3955960,4503,4495,-8
3752080,4508,4500,-8
3277520,4524,4516,-8
1478910,4530,4522,-8
2831000,4538,4530,-8
3412800,4540,4532,-8
1571790,4544,4536,-8
1473900,4551,4543,-8
3634550,4555,4547,-8
1376800,4632,4624,-8
4386170,4644,4636,-8
4317220,4652,4644,-8
3650580,4657,4649,-8
4319240,4703,4695,-8
2116200,4740,4732,-8
2133500,4743,4735,-8
3227510,4751,4743,-8
3449530,4756,4748,-8
4547180,4792,4784,-8
2141460,4814,4806,-8
1176330,4843,4835,-8
3782840,4844,4836,-8
3815480,4864,4856,-8
3557990,4915,4907,-8
3339280,4972,4964,-8
2837590,4983,4975,-8
4660450,5036,5028,-8
1299070,5074,5066,-8
2809380,5102,5094,-8
1680630,5116,5108,-8
3655040,5127,5119,-8
1374920,5169,5161,-8
1693890,5173,5165,-8
1572960,5197,5189,-8
3485410,5198,5190,-8
2192070,5199,5191,-8
2993550,5200,5192,-8
3646660,5202,5194,-8
3767110,5208,5200,-8
3437190,5210,5202,-8
3257590,5212,5204,-8
3987430,5213,5205,-8
1691180,5216,5208,-8
1748650,5223,5215,-8
3166630,5225,5217,-8
1714770,5234,5226,-8
1088610,5244,5236,-8
4156160,5259,5251,-8
1963190,1155,1146,-9
2776910,1749,1740,-9
2597200,2009,2000,-9
4128600,2125,2116,-9
3606780,2138,2129,-9
2321890,2153,2144,-9
2517080,2154,2145,-9
4382260,2155,2146,-9
2524410,2159,2150,-9
3549390,2327,2318,-9
2706790,2328,2319,-9
2585710,2341,2332,-9
1503490,2349,2340,-9
2749070,2354,2345,-9
3347690,2357,2348,-9
3798840,2361,2352,-9
2145090,2661,2652,-9
1418750,2669,2660,-9
3930480,2674,2665,-9
3091260,2683,2674,-9
2597610,2751,2742,-9
3830970,3068,3059,-9
2184850,3075,3066,-9
2844340,3080,3071,-9
3398880,3101,3092,-9
1290060,3122,3113,-9
2853830,3132,3123,-9
3959020,3133,3124,-9
2413960,3136,3127,-9
4379870,3210,3201,-9
3646950,3217,3208,-9
1916800,3219,3210,-9
3591900,3220,3211,-9
2994220,3255,3246,-9
4181040,3367,3358,-9
1418820,3383,3374,-9
1455100,3385,3376,-9
2468430,3386,3377,-9
3636510,3406,3397,-9
2559780,3429,3420,-9
3530280,3446,3437,-9
1061210,3452,3443,-9
3789830,3458,3449,-9
2448200,3479,3470,-9
1530690,3483,3474,-9
2984460,3485,3476,-9
3717830,3533,3524,-9
1418380,3542,3533,-9
2145170,3543,3534,-9
3760370,3559,3550,-9
3453470,3576,3567,-9
1374810,3604,3595,-9
1737370,3617,3608,-9
1967050,3620,3611,-9
2012040,3707,3698,-9
1866720,3742,3733,-9
1655540,3754,3745,-9
870570,3777,3768,-9
1570840,3784,3775,-9
2720780,3788,3779,-9
3861510,3811,3802,-9
1350310,3814,3805,-9
3045070,3900,3891,-9
563530,3985,3976,-9
3964340,4010,4001,-9
1411260,4011,4002,-9
1751950,4022,4013,-9
1785630,4024,4015,-9
824840,4026,4017,-9
1361330,4042,4033,-9
2338820,4043,4034,-9
2708530,4051,4042,-9
4459720,4131,4122,-9
1657050,4142,4133,-9
3430280,4143,4134,-9
1181040,4182,4173,-9
1454220,4183,4174,-9
2745510,4184,4175,-9
1026220,4197,4188,-9
2324550,4254,4245,-9
1714710,4256,4247,-9
2052510,4271,4262,-9
3946040,4279,4270,-9
2944390,4281,4272,-9
4703890,4282,4273,-9
2389220,4286,4277,-9
1741440,4313,4304,-9
1423150,4314,4305,-9
4029770,4315,4306,-9
1578520,4320,4311,-9
1795090,4367,4358,-9
4327630,4453,4444,-9
3424940,4461,4452,-9
1442850,4465,4456,-9
2142890,4479,4470,-9
2882560,4520,4511,-9
4429320,4543,4534,-9
1619660,4546,4537,-9
1906690,4547,4538,-9
3976980,4548,4539,-9
2197370,4549,4540,-9
2494660,4550,4541,-9
3461580,4557,4548,-9
3996490,4561,4552,-9
4190780,4586,4577,-9
4559070,4606,4597,-9
2293190,4613,4604,-9
2071870,4622,4613,-9
3808130,4627,4618,-9
3753140,4629,4620,-9
1257370,4634,4625,-9
4094240,4635,4626,-9
3643250,4637,4628,-9
2200940,4639,4630,-9
3968040,4648,4639,-9
2229030,4650,4641,-9
4692380,4655,4646,-9
1946380,4668,4659,-9
4194770,4678,4669,-9
2591710,4709,4700,-9
2125820,4711,4702,-9
4317670,4720,4711,-9
836880,4737,4728,-9
2529410,4746,4737,-9
4249080,4794,4785,-9
1867650,4816,4807,-9
1771040,4819,4810,-9
3304010,4821,4812,-9
4756820,4846,4837,-9
4319950,4849,4840,-9
1587920,4852,4843,-9
3623050,4860,4851,-9
3760140,4861,4852,-9
4194890,4886,4877,-9
3039430,4937,4928,-9
3420630,4938,4929,-9
3890260,4943,4934,-9
3620550,4946,4937,-9
3310870,4948,4939,-9
1854490,4977,4968,-9
1988900,4979,4970,-9
3302570,4980,4971,-9
4429290,4987,4978,-9
913170,5035,5026,-9
2669200,5059,5050,-9
3480330,5069,5060,-9
3083730,5070,5061,-9
1355680,5071,5062,-9
3065710,5080,5071,-9
3709760,5086,5077,-9
3397260,5091,5082,-9
3313880,5101,5092,-9
4747280,5104,5095,-9
1961710,5113,5104,-9
3398160,5119,5110,-9
3233300,5121,5112,-9
1716570,5139,5130,-9
3670110,5153,5144,-9
2223260,5165,5156,-9
4459420,5181,5172,-9
2474170,5205,5196,-9
2557020,5220,5211,-9
2408290,5236,5227,-9
2506060,5238,5229,-9
2214180,5246,5237,-9
1083230,5250,5241,-9
3846710,5255,5246,-9
2911200,5261,5252,-9
2628740,5282,5273,-9
3025300,2133,2123,-10
1692120,2140,2130,-10
1991250,2141,2131,-10
1779060,2146,2136,-10
1170670,2157,2147,-10
3446770,2158,2148,-10
3291450,2330,2320,-10
1896310,2359,2349,-10
1081830,2360,2350,-10
1899550,2364,2354,-10
3507960,2520,2510,-10
1362620,2663,2653,-10
649560,2754,2744,-10
1221260,3067,3057,-10
2681940,3071,3061,-10
3441510,3078,3068,-10
3699850,3124,3114,-10
3444260,3145,3135,-10
2351990,3223,3213,-10
1057630,3230,3220,-10
1234990,3245,3235,-10
2194090,3364,3354,-10
2791980,3435,3425,-10
3779320,3481,3471,-10
4525180,3494,3484,-10
3188490,3499,3489,-10
1068220,3545,3535,-10
1823840,3569,3559,-10
3819370,3704,3694,-10
4008840,3779,3769,-10
1735080,3787,3777,-10
2902600,3803,3793,-10
3540450,4029,4019,-10
3760360,4045,4035,-10
2622460,4047,4037,-10
3669820,4048,4038,-10
3462580,4057,4047,-10
4753780,4073,4063,-10
2183890,4083,4073,-10
4237900,4096,4086,-10
860560,4099,4089,-10
2582310,4101,4091,-10
1698530,4104,4094,-10
3417760,4111,4101,-10
1222290,4154,4144,-10
3911400,4164,4154,-10
3805820,4165,4155,-10
4443350,4186,4176,-10
3123420,4244,4234,-10
3991790,4258,4248,-10
4076980,4273,4263,-10
2354580,4278,4268,-10
2489700,4452,4442,-10
2483030,4460,4450,-10
2997490,4511,4501,-10
4286050,4601,4591,-10
1368540,4610,4600,-10
1319310,4621,4611,-10
1060850,4625,4615,-10
3728470,4626,4616,-10
1451210,4631,4621,-10
3169910,4641,4631,-10
2097190,4663,4653,-10
4465990,4680,4670,-10
3452800,4681,4671,-10
3617080,4687,4677,-10
2404870,4689,4679,-10
4708130,4691,4681,-10
3917120,4698,4688,-10
2606880,4700,4690,-10
3520750,4707,4697,-10
2156330,4749,4739,-10
2976140,4750,4740,-10
1157800,4759,4749,-10
3527020,4766,4756,-10
2051890,4770,4760,-10
2950400,4771,4761,-10
3994840,4776,4766,-10
4267650,4808,4798,-10
1313110,4841,4831,-10
2741160,4848,4838,-10
3241560,4855,4845,-10
1279500,4856,4846,-10
2636800,4858,4848,-10
3973310,4872,4862,-10
3946090,4896,4886,-10
4414410,4916,4906,-10
3819560,4930,4920,-10
2629670,4936,4926,-10
968770,4940,4930,-10
1201470,4942,4932,-10
2886380,4964,4954,-10
1964860,4975,4965,-10
4285280,4993,4983,-10
4398680,5002,4992,-10
2527610,5003,4993,-10
896820,5004,4994,-10
2073330,5008,4998,-10
4129360,5013,5003,-10
4973570,5026,5016,-10
4300450,5044,5034,-10
3731410,5068,5058,-10
3926070,5073,5063,-10
3144750,5084,5074,-10
1947030,5089,5079,-10
1562410,5096,5086,-10
3116870,5097,5087,-10
2960750,5099,5089,-10
3863050,5126,5116,-10
1526890,5132,5122,-10
1714980,5163,5153,-10
4005330,5167,5157,-10
1811350,5168,5158,-10
2482560,5174,5164,-10
1922240,5177,5167,-10
2591960,5178,5168,-10
2999130,5179,5169,-10
1667010,5180,5170,-10
3999040,5183,5173,-10
4096810,5186,5176,-10
2342180,5211,5201,-10
3571380,5222,5212,-10
2116860,5228,5218,-10
2662310,5233,5223,-10
4020690,5248,5238,-10
3319230,5252,5242,-10
1409270,5254,5244,-10
2491810,5267,5257,-10
4168440,5270,5260,-10
3200520,5278,5268,-10
4273760,5279,5269,-10
2815810,5281,5271,-10
1536660,5291,5281,-10
4005880,2136,2125,-11
4498500,2143,2132,-11
1466310,2151,2140,-11
2647870,2557,2546,-11
2852750,2666,2655,-11
885160,2677,2666,-11
3144060,2682,2671,-11
4131500,2825,2814,-11
1377710,3128,3117,-11
3185200,3129,3118,-11
2398920,3131,3120,-11
2617870,3215,3204,-11
3337130,3250,3239,-11
3279600,3373,3362,-11
4450600,3492,3481,-11
2323140,3520,3509,-11
1636170,3580,3569,-11
1664110,3630,3619,-11
4413930,3723,3712,-11
1482690,3783,3772,-11
3011890,3793,3782,-11
1628640,3800,3789,-11
1286690,3801,3790,-11
2950750,3806,3795,-11
4492610,4018,4007,-11
3963670,4019,4008,-11
1366200,4025,4014,-11
259000,4050,4039,-11
3699390,4167,4156,-11
3194690,4198,4187,-11
2570080,4255,4244,-11
3749900,4451,4440,-11
4047670,4464,4453,-11
1756430,4471,4460,-11
2796360,4484,4473,-11
2459890,4612,4601,-11
3628440,4614,4603,-11
3374060,4618,4607,-11
2488450,4628,4617,-11
1918120,4633,4622,-11
3100420,4643,4632,-11
1300880,4662,4651,-11
2951510,4673,4662,-11
3595630,4676,4665,-11
2621030,4679,4668,-11
1628240,4683,4672,-11
2976470,4693,4682,-11
3575440,4695,4684,-11
3094540,4696,4685,-11
1628120,4714,4703,-11
1386300,4755,4744,-11
2436490,4763,4752,-11
3238240,4768,4757,-11
4924590,4781,4770,-11
4074370,4801,4790,-11
3952820,4850,4839,-11
4545940,4853,4842,-11
4460460,4883,4872,-11
3344890,4884,4873,-11
1537810,4885,4874,-11
2753400,4893,4882,-11
4203630,4894,4883,-11
3116350,4900,4889,-11
4406930,4902,4891,-11
760250,4920,4909,-11
2083470,4927,4916,-11
1959890,4929,4918,-11
4129040,4933,4922,-11
1530540,4935,4924,-11
1255020,4949,4938,-11
1578450,4952,4941,-11
4499010,4953,4942,-11
660800,4955,4944,-11
2848760,4967,4956,-11
2357810,4971,4960,-11
2679710,4974,4963,-11
2922140,4996,4985,-11
2884840,5018,5007,-11
1398920,5020,5009,-11
2935130,5021,5010,-11
4787970,5034,5023,-11
2127980,5040,5029,-11
2162310,5043,5032,-11
4252430,5047,5036,-11
3690670,5048,5037,-11
4512650,5049,5038,-11
3442050,5051,5040,-11
3938720,5055,5044,-11
981870,5056,5045,-11
2331530,5067,5056,-11
1188950,5079,5068,-11
3800010,5108,5097,-11
2511600,5124,5113,-11
827210,5125,5114,-11
2457640,5131,5120,-11
3872810,5134,5123,-11
2362780,5135,5124,-11
611820,5136,5125,-11
711610,5138,5127,-11
4277440,5142,5131,-11
3986120,5162,5151,-11
2525040,5166,5155,-11
2449690,5182,5171,-11
3284330,5191,5180,-11
3608090,5194,5183,-11
3083210,5224,5213,-11
2103670,5265,5254,-11
737340,5287,5276,-11
2509440,5290,5279,-11
4240790,5294,5283,-11
2160010,5295,5284,-11
2433790,2149,2137,-12
2105070,2670,2658,-12
3936420,2673,2661,-12
1307150,2675,2663,-12
3234820,2755,2743,-12
1677010,3085,3073,-12
1465790,3127,3115,-12
1536910,3137,3125,-12
1533060,4023,4011,-12
3910140,4030,4018,-12
1321160,4102,4090,-12
3489070,4169,4157,-12
908330,4450,4438,-12
3841910,4478,4466,-12
3650180,4545,4533,-12
3261300,4558,4546,-12
2704310,4562,4550,-12
2909020,4563,4551,-12
3615340,4565,4553,-12
1025560,4581,4569,-12
4392550,4585,4573,-12
3840650,4587,4575,-12
4640600,4592,4580,-12
1556850,4595,4583,-12
3930130,4608,4596,-12
2411790,4647,4635,-12
2528960,4660,4648,-12
3021800,4667,4655,-12
3514920,4672,4660,-12
2598580,4675,4663,-12
463940,4688,4676,-12
3525890,4704,4692,-12
2486310,4716,4704,-12
3618320,4730,4718,-12
3041800,4732,4720,-12
3021550,4733,4721,-12
2414330,4736,4724,-12
2491550,4753,4741,-12
4377860,4774,4762,-12
1601870,4775,4763,-12
4006300,4790,4778,-12
3069820,4865,4853,-12
1358120,4866,4854,-12
2560540,4869,4857,-12
3346460,4870,4858,-12
4295800,4871,4859,-12
2910280,4878,4866,-12
905410,4897,4885,-12
709010,4899,4887,-12
1982510,4906,4894,-12
4142520,4907,4895,-12
2931720,4912,4900,-12
3896040,4917,4905,-12
3050210,4923,4911,-12
4553110,4931,4919,-12
3745230,4939,4927,-12
3064250,4945,4933,-12
2294530,4947,4935,-12
2959460,4958,4946,-12
4293020,4970,4958,-12
2626770,4986,4974,-12
2182610,4989,4977,-12
1599490,4992,4980,-12
4336630,5007,4995,-12
2224060,5011,4999,-12
3254380,5016,5004,-12
2078410,5058,5046,-12
4049330,5076,5064,-12
1812250,5088,5076,-12
3187960,5092,5080,-12
4231600,5093,5081,-12
2713780,5110,5098,-12
1899120,5111,5099,-12
3650150,5118,5106,-12
4236690,5141,5129,-12
3539880,5144,5132,-12
4528170,5158,5146,-12
2371990,5159,5147,-12
3377230,5171,5159,-12
2120300,5187,5175,-12
3901830,5190,5178,-12
1725290,5193,5181,-12
4629700,5196,5184,-12
4189430,5207,5195,-12
1734130,5286,5274,-12
2087320,3218,3205,-13
2499260,3566,3553,-13
2446520,3906,3893,-13
1751820,4569,4556,-13
3405140,4574,4561,-13
3251940,4578,4565,-13
3198610,4580,4567,-13
1528950,4591,4578,-13
3693310,4594,4581,-13
4227270,4597,4584,-13
3972170,4602,4589,-13
565760,4603,4590,-13
2600820,4607,4594,-13
3063890,4640,4627,-13
2269490,4642,4629,-13
3203190,4656,4643,-13
3314300,4665,4652,-13
3024860,4670,4657,-13
1662700,4677,4664,-13
4586410,4786,4773,-13
1553130,4805,4792,-13
3428350,4806,4793,-13
1121510,4807,4794,-13
4188260,4842,4829,-13
2996900,4857,4844,-13
1870550,4868,4855,-13
2875410,4873,4860,-13
1570660,4880,4867,-13
2365750,4881,4868,-13
1212030,4901,4888,-13
3609530,4905,4892,-13
4532930,4910,4897,-13
1244620,4911,4898,-13
2642850,4925,4912,-13
3119190,4926,4913,-13
1879300,4961,4948,-13
1966400,4962,4949,-13
4511570,4966,4953,-13
4101830,4985,4972,-13
2416470,4994,4981,-13
2282920,4995,4982,-13
1090750,4999,4986,-13
3967520,5000,4987,-13
4149640,5001,4988,-13
3256450,5009,4996,-13
1902970,5010,4997,-13
3046610,5014,5001,-13
3563000,5030,5017,-13
3430740,5032,5019,-13
4022070,5046,5033,-13
2820080,5103,5090,-13
4083240,5115,5102,-13
1520440,5147,5134,-13
1795260,5148,5135,-13
1905960,5149,5136,-13
3536530,5150,5137,-13
3269050,5154,5141,-13
3171790,5161,5148,-13
3370640,5192,5179,-13
3764040,5271,5258,-13
2974040,5272,5259,-13
544300,5280,5267,-13
3346320,5288,5275,-13
2363330,2671,2657,-14
4315830,3126,3112,-14
992690,3226,3212,-14
785050,4072,4058,-14
1719700,4252,4238,-14
4453540,4556,4542,-14
3541140,4572,4558,-14
2026040,4573,4559,-14
3351220,4576,4562,-14
2017040,4582,4568,-14
2849910,4590,4576,-14
3088760,4596,4582,-14
2338890,4599,4585,-14
4567210,4619,4605,-14
2934080,4659,4645,-14
2186440,4726,4712,-14
3712480,4731,4717,-14
1621390,4772,4758,-14
3994190,4800,4786,-14
4537090,4879,4865,-14
3624840,4892,4878,-14
3586760,4904,4890,-14
1505850,4928,4914,-14
2658740,4950,4936,-14
2483140,4957,4943,-14
2319400,4969,4955,-14
1431250,4998,4984,-14
4132210,5039,5025,-14
3209530,5041,5027,-14
3473270,5087,5073,-14
2994490,5156,5142,-14
3436010,5157,5143,-14
2518320,5176,5162,-14
2418340,5300,5286,-14
1303720,5301,5287,-14
4280150,4559,4544,-15
4353680,4575,4560,-15
3649050,4579,4564,-15
2280900,4682,4667,-15
1474060,4725,4710,-15
2850600,4891,4876,-15
864930,4895,4880,-15
1826830,4932,4917,-15
3622370,5050,5035,-15
2576350,5082,5067,-15
2255360,5155,5140,-15
3552020,5276,5261,-15
1343460,5277,5262,-15
2719630,5285,5270,-15
2792850,5297,5282,-15
2325390,4571,4555,-16
2390660,4604,4588,-16
3462170,4795,4779,-16
4522330,4797,4781,-16
3287720,4804,4788,-16
3789590,5305,5289,-16
3965610,4583,4566,-17
2989930,4664,4647,-17
3736260,4692,4675,-17
3044610,4697,4680,-17
2197330,4791,4774,-17
752960,4799,4782,-17
3376580,4887,4870,-17
3899460,4919,4902,-17
2941520,5022,5005,-17
2087980,5023,5006,-17
4868390,5029,5012,-17
2681730,5302,5285,-17
2883130,4589,4571,-18
2787060,4674,4656,-18
1199520,4783,4765,-18
2009160,4785,4767,-18
3582320,4787,4769,-18
1525570,4793,4775,-18
727690,4882,4864,-18
705570,5031,5013,-18
1806210,5298,5280,-18
509950,5027,5008,-19
2688410,4796,4776,-20
989350,4728,4707,-21
1510710,4747,4726,-21
3603020,4789,4768,-21
3448130,5038,5014,-24
1737960,3447,3422,-25
